block 0: 2026-01-02-1149-F.tar.lzo
block 5: ./
block 8: dev/
block 11: run/
block 14: tmp/
block 17: var/
block 20: etc/
block 23: etc/lvm/
block 26: etc/dnf/
block 29: etc/dnf/modules.d/
block 32: etc/dnf/aliases.d/
block 35: etc/dnf/modules.defaults.d/
block 38: etc/dnf/plugins/
block 41: etc/dnf/plugins/copr.d/
block 44: etc/dnf/protected.d/
block 47: etc/dnf/vars/
block 50: etc/dnf/backup/
block 53: etc/fonts/
block 56: etc/fonts/conf.d/
block 59: etc/crypto-policies/
block 62: etc/crypto-policies/back-ends/
block 65: etc/crypto-policies/local.d/
block 68: etc/crypto-policies/policies/
block 71: etc/crypto-policies/policies/modules/
block 74: etc/crypto-policies/state/
block 77: etc/skel/
block 80: etc/libreport/
block 83: etc/libreport/events/
block 86: etc/libreport/events.d/
block 89: etc/libreport/plugins/
block 92: etc/libreport/workflows.d/
block 95: etc/pulse/
block 98: etc/logrotate.d/
block 101: etc/X11/
block 104: etc/X11/fontpath.d/
block 107: etc/X11/applnk/
block 110: etc/X11/xinit/
block 113: etc/X11/xinit/xinitrc.d/
block 116: etc/X11/xinit/xinput.d/
block 119: etc/X11/xorg.conf.d/
block 122: etc/X11/Xsession.d/
block 125: etc/bash_completion.d/
block 128: etc/terminfo/
block 131: etc/pki/
block 134: etc/pki/swid/
block 137: etc/pki/swid/CA/
block 140: etc/pki/swid/CA/oracle.com/
block 143: etc/pki/rpm-gpg/
block 146: etc/pki/tls/
block 149: etc/pki/tls/certs/
block 152: etc/pki/tls/misc/
block 155: etc/pki/tls/private/
block 158: etc/pki/tls/openssl.d/
block 161: etc/pki/ca-trust/
block 164: etc/pki/ca-trust/extracted/
block 167: etc/pki/ca-trust/extracted/edk2/
block 170: etc/pki/ca-trust/extracted/java/
block 173: etc/pki/ca-trust/extracted/openssl/
block 176: etc/pki/ca-trust/extracted/pem/
block 179: etc/pki/ca-trust/extracted/pem/directory-hash/
block 182: etc/pki/ca-trust/source/
block 185: etc/pki/ca-trust/source/anchors/
block 188: etc/pki/ca-trust/source/blocklist/
block 191: etc/pki/ca-trust/ADCS/
block 194: etc/pki/java/
block 197: etc/pki/rsyslog/
block 200: etc/pki/nssdb/
block 203: etc/rpm/
block 206: etc/swid/
block 209: etc/swid/swidtags.d/
block 212: etc/sysconfig/
block 215: etc/issue.d/
block 218: etc/udev/
block 221: etc/krb5.conf.d/
block 224: etc/sssd/
block 227: etc/sssd/conf.d/
block 230: etc/sssd/pki/
block 233: etc/cni/
block 236: etc/lsm/
block 239: etc/lsm/pluginconf.d/
block 242: etc/depmod.d/
block 245: etc/security/
block 248: etc/security/pwquality.conf.d/
block 251: etc/security/console.apps/
block 254: etc/security/console.perms.d/
block 257: etc/security/limits.d/
block 260: etc/security/namespace.d/
block 263: etc/sasl2/
block 266: etc/pam.d/
block 269: etc/tmpfiles.d/
block 272: etc/systemd/
block 275: etc/motd.d/
block 278: etc/dbus-1/
block 281: etc/dbus-1/session.d/
block 284: etc/dbus-1/system.d/
block 287: etc/dconf/
block 290: etc/dconf/db/
block 293: etc/dconf/db/distro.d/
block 296: etc/dconf/db/distro.d/locks/
block 299: etc/dconf/db/local.d/
block 302: etc/dconf/db/local.d/locks/
block 305: etc/dconf/db/site.d/
block 308: etc/dconf/db/site.d/locks/
block 311: etc/dconf/db/gdm.d/
block 314: etc/dconf/db/gdm.d/locks/
block 317: etc/dconf/profile/
block 320: etc/profile.d/
block 323: etc/bluetooth/
block 326: etc/polkit-1/
block 329: etc/polkit-1/rules.d/
block 332: etc/polkit-1/localauthority/
block 335: etc/polkit-1/localauthority/10-vendor.d/
block 338: etc/polkit-1/localauthority/20-org.d/
block 341: etc/polkit-1/localauthority/30-site.d/
block 344: etc/polkit-1/localauthority/50-local.d/
block 347: etc/polkit-1/localauthority/90-mandatory.d/
block 350: etc/polkit-1/localauthority.conf.d/
block 353: etc/cron.hourly/
block 356: etc/samba/
block 359: etc/opt/
block 362: etc/opt/BESClient/
block 365: etc/opt/BESClient/actionsite.afxm
block 589: etc/pm/
block 592: etc/pm/config.d/
block 595: etc/pm/power.d/
block 598: etc/pm/sleep.d/
block 601: etc/rwtab.d/
block 604: etc/statetab.d/
block 607: etc/xdg/
block 610: etc/xdg/autostart/
block 613: etc/xdg/menus/
block 616: etc/xdg/systemd/
block 619: etc/xdg/Xwayland-session.d/
block 622: etc/cron.monthly/
block 625: etc/ld.so.conf.d/
block 628: etc/chkconfig.d/
block 631: etc/my.cnf.d/
block 634: etc/gss/
block 637: etc/gss/mech.d/
block 640: etc/keys/
block 643: etc/keys/ima/
block 646: etc/popt.d/
block 649: etc/cups/
block 652: etc/pkcs11/
block 655: etc/pkcs11/modules/
block 658: etc/gcrypt/
block 661: etc/alternatives/
block 664: etc/libnl/
block 667: etc/cron.d/
block 670: etc/selinux/
block 673: etc/default/
block 676: etc/glvnd/
block 679: etc/glvnd/egl_vendor.d/
block 682: etc/cron.daily/
block 685: etc/sgml/
block 688: etc/sgml/docbook/
block 691: etc/xml/
block 694: etc/groff/
block 697: etc/groff/site-font/
block 700: etc/groff/site-tmac/
block 703: etc/egl/
block 706: etc/egl/egl_external_platform.d/
block 709: etc/rc.d/
block 712: etc/rc.d/init.d/
block 715: etc/rc.d/rc0.d/
block 718: etc/rc.d/rc1.d/
block 721: etc/rc.d/rc2.d/
block 724: etc/rc.d/rc3.d/
block 727: etc/rc.d/rc4.d/
block 730: etc/rc.d/rc5.d/
block 733: etc/rc.d/rc6.d/
block 736: etc/cron.weekly/
block 739: etc/iscsi/
block 742: etc/rsyslog.d/
block 745: etc/openldap/
block 748: etc/openldap/certs/
block 751: etc/ssh/
block 754: etc/sos/
block 757: etc/sos/cleaner/
block 760: etc/sos/extras.d/
block 763: etc/sos/groups.d/
block 766: etc/sos/presets.d/
block 769: etc/gnupg/
block 772: etc/libibverbs.d/
block 775: etc/nftables/
block 778: etc/nftables/osf/
block 781: etc/pkgconfig/
block 784: etc/pkgconfig/personality.d/
block 787: etc/keyutils/
block 790: etc/pbis/
block 793: etc/pbis/debian/
block 796: etc/pbis/gss/
block 799: etc/pbis/redhat/
block 802: etc/pbis/smartcard/
block 805: etc/pbis/smartcard/insert.d/
block 808: etc/pbis/smartcard/remove.d/
block 811: etc/pbis/suse/
block 814: etc/snmp/
block 817: etc/pcp/
block 820: etc/pcp/derived/
block 823: etc/ostree/
block 826: etc/ostree/remotes.d/
block 829: etc/libssh/
block 832: etc/ssl/
block 835: etc/tpm2-tss/
block 838: etc/tpm2-tss/fapi-profiles/
block 841: etc/exports.d/
block 844: etc/AMPAgentWatchDog/
block 847: etc/sudoers.d/
block 850: etc/audit/
block 853: etc/audit/plugins.d/
block 856: etc/audit/rules.d/
block 859: etc/libblockdev/
block 862: etc/libblockdev/conf.d/
block 865: etc/multipath/
block 868: etc/authselect/
block 871: etc/authselect/custom/
block 874: etc/wpa_supplicant/
block 877: etc/binfmt.d/
block 880: etc/kernel/
block 883: etc/kernel/install.d/
block 886: etc/modules-load.d/
block 889: etc/NetworkManager/
block 892: etc/UPower/
block 895: etc/cifs-utils/
block 898: etc/geoclue/
block 901: etc/cockpit/
block 904: etc/cockpit/machines.d/
block 907: etc/cockpit/ws-certs.d/
block 910: etc/PackageKit/
block 913: etc/speech-dispatcher/
block 916: etc/speech-dispatcher/modules/
block 919: etc/plymouth/
block 922: etc/kdump/
block 925: etc/kdump/post.d/
block 928: etc/kdump/pre.d/
block 931: etc/containers/
block 934: etc/containers/certs.d/
block 937: etc/containers/oci/
block 940: etc/containers/oci/hooks.d/
block 943: etc/containers/registries.conf.d/
block 946: etc/containers/registries.d/
block 949: etc/containers/systemd/
block 952: etc/containers/networks/
block 955: etc/zabbix/
block 958: etc/udisks2/
block 961: etc/gssproxy/
block 964: etc/wireplumber/
block 967: etc/wireplumber/bluetooth.lua.d/
block 970: etc/wireplumber/common/
block 973: etc/wireplumber/main.lua.d/
block 976: etc/wireplumber/policy.lua.d/
block 979: etc/flatpak/
block 982: etc/flatpak/remotes.d/
block 985: etc/vmware-tools/
block 988: etc/vmware-tools/scripts/
block 991: etc/vmware-tools/scripts/vmware/
block 994: etc/vmware-tools/vgauth/
block 997: etc/vmware-tools/vgauth/schemas/
block 1000: etc/vmware-tools/quiesce_manifest.xml
block 1004: etc/nvme/
block 1007: etc/alsa/
block 1010: etc/alsa/conf.d/
block 1013: etc/ras/
block 1016: etc/ras/dimm_labels.d/
block 1019: etc/request-key.d/
block 1022: etc/krb5.keytab
block 1038: etc/debuginfod/
block 1041: etc/firewalld/
block 1044: etc/nvmet/
block 1047: etc/tuned/
block 1050: etc/tuned/recommend.d/
block 1053: etc/dhcp/
block 1056: etc/dhcp/dhclient.d/
block 1059: etc/mcelog/
block 1062: etc/mcelog/triggers/
block 1065: etc/microcode_ctl/
block 1068: etc/microcode_ctl/ucode_with_caveats/
block 1071: etc/smartmontools/
block 1074: etc/smartmontools/smartd_warning.d/
block 1077: etc/AMPAgent/
block 1080: etc/httpd/
block 1083: etc/httpd/conf.d/
block 1086: etc/httpd/conf/
block 1089: etc/httpd/conf.modules.d/
block 1092: etc/brutils/
block 1095: etc/brutils/cert/
block 1098: etc/brutils/local.conf
block 1105: etc/brutils/os.conf
block 1109: root/
block 1112: root/.ssh/
block 1115: root/.cache/
block 1118: root/.cache/mesa_shader_cache/
block 1121: root/.cache/mesa_shader_cache/c9/
block 1124: root/.cache/mesa_shader_cache/c2/
block 1127: root/.cache/mesa_shader_cache/5e/
block 1130: root/.cache/mesa_shader_cache/b1/
block 1133: root/.cache/mesa_shader_cache/06/
block 1136: root/.cache/mesa_shader_cache/12/
block 1139: root/.cache/mesa_shader_cache/34/
block 1142: root/.cache/mesa_shader_cache/6e/
block 1145: root/.cache/mesa_shader_cache/e0/
block 1148: root/.cache/mesa_shader_cache/61/
block 1151: root/.cache/mesa_shader_cache/a5/
block 1154: root/.cache/mesa_shader_cache/f8/
block 1157: root/.cache/mesa_shader_cache/9b/
block 1160: root/.cache/mesa_shader_cache/77/
block 1163: root/.cache/mesa_shader_cache/2c/
block 1166: root/.cache/mesa_shader_cache/92/
block 1169: root/.cache/mesa_shader_cache/c1/
block 1172: root/.cache/mesa_shader_cache/db/
block 1175: root/.cache/mesa_shader_cache/65/
block 1178: root/.cache/mesa_shader_cache/22/
block 1181: root/.cache/mesa_shader_cache/ba/
block 1184: root/.cache/mesa_shader_cache/1f/
block 1187: root/.cache/mesa_shader_cache/4a/
block 1190: root/.cache/mesa_shader_cache/f6/
block 1193: root/.cache/mesa_shader_cache/1e/
block 1196: root/.cache/mesa_shader_cache/3e/
block 1199: root/.cache/mesa_shader_cache/ff/
block 1202: root/.cache/mesa_shader_cache/48/
block 1205: root/.cache/mesa_shader_cache/0b/
block 1208: root/.cache/mesa_shader_cache/d5/
block 1211: root/.cache/mesa_shader_cache/d8/
block 1214: root/.cache/mesa_shader_cache/54/
block 1217: root/.cache/mesa_shader_cache/50/
block 1220: root/.cache/mesa_shader_cache/df/
block 1223: root/.cache/mesa_shader_cache/d6/
block 1226: root/.cache/mesa_shader_cache/0c/
block 1229: root/.cache/mesa_shader_cache/f2/
block 1232: root/.cache/mesa_shader_cache/a4/
block 1235: root/.cache/mesa_shader_cache/7a/
block 1238: root/.cache/mesa_shader_cache/91/
block 1241: root/.cache/mesa_shader_cache/7b/
block 1244: root/.cache/mesa_shader_cache/a7/
block 1247: root/.cache/mesa_shader_cache/25/
block 1250: root/.cache/mesa_shader_cache/90/
block 1253: root/.cache/mesa_shader_cache/51/
block 1256: root/.cache/mesa_shader_cache/c8/
block 1259: root/.cache/mesa_shader_cache/9f/
block 1262: root/.cache/mesa_shader_cache/e4/
block 1265: root/.cache/mesa_shader_cache/fa/
block 1268: root/.cache/mesa_shader_cache/5d/
block 1271: root/.cache/mesa_shader_cache/e8/
block 1274: root/.cache/mesa_shader_cache/42/
block 1277: root/.cache/mesa_shader_cache/69/
block 1280: root/.cache/mesa_shader_cache/95/
block 1283: root/.cache/mesa_shader_cache/9c/
block 1286: root/.cache/mesa_shader_cache/b3/
block 1289: root/.cache/mesa_shader_cache/23/
block 1292: root/.cache/mesa_shader_cache/ef/
block 1295: root/.cache/mesa_shader_cache/81/
block 1298: root/.cache/mesa_shader_cache/08/
block 1301: root/.cache/mesa_shader_cache/21/
block 1304: root/.cache/mesa_shader_cache/dd/
block 1307: root/.cache/mesa_shader_cache/ac/
block 1310: root/.cache/mesa_shader_cache/de/
block 1313: root/.cache/mesa_shader_cache/8f/
block 1316: root/.cache/mesa_shader_cache/82/
block 1319: root/.cache/mesa_shader_cache/28/
block 1322: root/.cache/mesa_shader_cache/b8/
block 1325: root/.cache/mesa_shader_cache/f4/
block 1328: root/.cache/mesa_shader_cache/9a/
block 1331: root/.cache/mesa_shader_cache/14/
block 1334: root/.cache/mesa_shader_cache/8a/
block 1337: root/.cache/mesa_shader_cache/98/
block 1340: root/.cache/mesa_shader_cache/71/
block 1343: root/.cache/mesa_shader_cache/1d/
block 1346: root/.cache/mesa_shader_cache/3c/
block 1349: root/.cache/mesa_shader_cache/4c/
block 1352: root/.cache/mesa_shader_cache/5f/
block 1355: root/.cache/mesa_shader_cache/ab/
block 1358: root/.cache/mesa_shader_cache/94/
block 1361: root/.cache/mesa_shader_cache/47/
block 1364: root/.cache/mesa_shader_cache/09/
block 1367: root/.cache/mesa_shader_cache/83/
block 1370: root/.cache/mesa_shader_cache/aa/
block 1373: root/.cache/mesa_shader_cache/10/
block 1376: root/.cache/mesa_shader_cache/a8/
block 1379: root/.cache/mesa_shader_cache/99/
block 1382: root/.cache/mesa_shader_cache/78/
block 1385: root/.cache/mesa_shader_cache/43/
block 1388: root/.cache/mesa_shader_cache/a3/
block 1391: root/.cache/mesa_shader_cache/16/
block 1394: root/.cache/mesa_shader_cache/73/
block 1397: root/.cache/mesa_shader_cache/32/
block 1400: root/.cache/mesa_shader_cache/17/
block 1403: root/.cache/mesa_shader_cache/44/
block 1406: root/.cache/mesa_shader_cache/01/
block 1409: root/.cache/mesa_shader_cache/15/
block 1412: root/.cache/mesa_shader_cache/0e/
block 1415: root/.cache/mesa_shader_cache/1b/
block 1418: root/.cache/mesa_shader_cache/e1/
block 1421: root/.cache/mesa_shader_cache/d1/
block 1424: root/.cache/mesa_shader_cache/0d/
block 1427: root/.cache/mesa_shader_cache/66/
block 1430: root/.cache/mesa_shader_cache/e2/
block 1433: root/.cache/mesa_shader_cache/e5/
block 1436: root/.cache/mesa_shader_cache/20/
block 1439: root/.cache/mesa_shader_cache/eb/
block 1442: root/.cache/mesa_shader_cache/13/
block 1445: root/.cache/mesa_shader_cache/93/
block 1448: root/.cache/mesa_shader_cache/5c/
block 1451: root/.cache/mesa_shader_cache/64/
block 1454: root/.cache/mesa_shader_cache/02/
block 1457: root/.cache/mesa_shader_cache/27/
block 1460: root/.cache/mesa_shader_cache/7f/
block 1463: root/.cache/mesa_shader_cache/ad/
block 1466: root/.cache/mesa_shader_cache/c6/
block 1469: root/.cache/mesa_shader_cache/88/
block 1472: root/.cache/mesa_shader_cache/d0/
block 1475: root/.cache/ibus/
block 1478: root/.cache/evolution/
block 1481: root/.cache/evolution/addressbook/
block 1484: root/.cache/evolution/addressbook/trash/
block 1487: root/.cache/evolution/calendar/
block 1490: root/.cache/evolution/calendar/trash/
block 1493: root/.cache/evolution/mail/
block 1496: root/.cache/evolution/mail/trash/
block 1499: root/.cache/evolution/memos/
block 1502: root/.cache/evolution/memos/trash/
block 1505: root/.cache/evolution/sources/
block 1508: root/.cache/evolution/sources/trash/
block 1511: root/.cache/evolution/tasks/
block 1514: root/.cache/evolution/tasks/trash/
block 1517: root/.cache/gnome-software/
block 1520: root/.cache/gnome-software/appstream/
block 1523: root/.cache/gnome-software/flatpak-system-default/
block 1526: root/.cache/gnome-software/flatpak-user-user/
block 1529: root/.cache/gnome-software/odrs/
block 1532: root/.cache/gstreamer-1.0/
block 1535: root/.cache/dconf/
block 1538: root/.lesshst
block 1542: root/Desktop/
block 1545: root/Downloads/
block 1548: root/Templates/
block 1551: root/Public/
block 1554: root/Documents/
block 1557: root/Music/
block 1560: root/Pictures/
block 1563: root/Videos/
block 1566: root/.config/
block 1569: root/.config/ibus/
block 1572: root/.config/ibus/bus/
block 1575: root/.config/dconf/
block 1578: root/.config/evolution/
block 1581: root/.config/evolution/sources/
block 1584: root/.config/goa-1.0/
block 1587: root/.config/gtk-3.0/
block 1590: root/.config/gnome-session/
block 1593: root/.config/gnome-session/saved-session/
block 1596: root/.local/
block 1599: root/.local/share/
block 1602: root/.local/share/gnome-shell/
block 1605: root/.local/share/evolution/
block 1608: root/.local/share/evolution/addressbook/
block 1611: root/.local/share/evolution/addressbook/trash/
block 1614: root/.local/share/evolution/addressbook/system/
block 1617: root/.local/share/evolution/addressbook/system/photos/
block 1620: root/.local/share/evolution/calendar/
block 1623: root/.local/share/evolution/calendar/trash/
block 1626: root/.local/share/evolution/calendar/system/
block 1629: root/.local/share/evolution/mail/
block 1632: root/.local/share/evolution/mail/trash/
block 1635: root/.local/share/evolution/memos/
block 1638: root/.local/share/evolution/memos/trash/
block 1641: root/.local/share/evolution/tasks/
block 1644: root/.local/share/evolution/tasks/trash/
block 1647: root/.local/share/evolution/tasks/system/
block 1650: root/.local/share/gvfs-metadata/
block 1653: root/.local/share/flatpak/
block 1656: root/.local/share/flatpak/db/
block 1659: root/.local/share/flatpak/repo/
block 1662: root/.local/share/flatpak/repo/tmp/
block 1665: root/.local/share/flatpak/repo/tmp/cache/
block 1668: root/.local/share/flatpak/repo/extensions/
block 1671: root/.local/share/flatpak/repo/state/
block 1674: root/.local/share/flatpak/repo/refs/
block 1677: root/.local/share/flatpak/repo/refs/heads/
block 1680: root/.local/share/flatpak/repo/refs/mirrors/
block 1683: root/.local/share/flatpak/repo/refs/remotes/
block 1686: root/.local/share/flatpak/repo/objects/
block 1689: root/.local/share/applications/
block 1692: root/.local/share/pki/
block 1695: root/.local/share/pki/nssdb/
block 1698: root/.local/share/sounds/
block 1701: root/.local/share/icc/
block 1704: root/.local/share/gnome-settings-daemon/
block 1707: root/.local/share/keyrings/
block 1710: root/ol7_x86_64_u9_patch/
block 1713: root/ol7_x86_64_u9_patch/getPackageSource/
block 1716: root/ol7_x86_64_u9_patch/getPackage/
block 1719: root/.viminfo
block 1751: root/servicenow_id_rsa.pub
block 1755: root/.gnupg/
block 1758: root/.bash_history
block 1822: root/adbridge-22.3.0.267.linux.x86_64.rpm/
block 1825: root/adbridge-22.3.0.267.linux.x86_64.rpm/packages/
block 1828: root/snap/
block 1831: root/snap/tesseract/
block 1834: root/snap/tesseract/2507/
block 1837: root/snap/tesseract/common/
block 1840: root/.ansible_async/
block 1843: root/.ansible_async/j29052060155.2427245
block 1850: root/.ansible_async/j941386406251.2246571
block 1857: root/.ansible_async/j191776803218.2390104
block 1861: usr/
block 1864: usr/bin/
block 1867: usr/sbin/
block 1870: usr/lib/
block 1873: usr/lib64/
block 1876: usr/share/
block 1879: usr/games/
block 1882: usr/include/
block 1885: usr/libexec/
block 1888: usr/libexec/getconf/
block 1891: usr/libexec/p11-kit/
block 1894: usr/libexec/selinux/
block 1897: usr/libexec/selinux/hll/
block 1900: usr/libexec/awk/
block 1903: usr/libexec/utempter/
block 1906: usr/libexec/hostname/
block 1909: usr/libexec/podman/
block 1912: usr/libexec/coreutils/
block 1915: usr/libexec/totem-pl-parser/
block 1918: usr/libexec/tracker3/
block 1921: usr/libexec/bluetooth/
block 1924: usr/libexec/initscripts/
block 1927: usr/libexec/initscripts/legacy-actions/
block 1930: usr/libexec/initscripts/legacy-actions/auditd/
block 1933: usr/libexec/initscripts/legacy-actions/httpd/
block 1936: usr/libexec/crio/
block 1939: usr/libexec/crio/share/
block 1942: usr/libexec/crio/share/man/
block 1945: usr/libexec/crio/share/man/man8/
block 1948: usr/libexec/cni/
block 1951: usr/libexec/openssh/
block 1954: usr/libexec/grub2/
block 1957: usr/libexec/openldap/
block 1960: usr/libexec/grubby/
block 1963: usr/libexec/udisks2/
block 1966: usr/libexec/perf-core.5.15.0-309.180.4.el9uek.x86_64/
block 1969: usr/libexec/perf-core.5.15.0-309.180.4.el9uek.x86_64/dlfilters/
block 1972: usr/libexec/perf-core.5.15.0-309.180.4.el9uek.x86_64/scripts/
block 1975: usr/libexec/perf-core.5.15.0-309.180.4.el9uek.x86_64/scripts/python/
block 1978: usr/libexec/perf-core.5.15.0-309.180.4.el9uek.x86_64/scripts/python/Perf-Trace-Util/
block 1981: usr/libexec/perf-core.5.15.0-309.180.4.el9uek.x86_64/scripts/python/Perf-Trace-Util/lib/
block 1984: usr/libexec/perf-core.5.15.0-309.180.4.el9uek.x86_64/scripts/python/Perf-Trace-Util/lib/Perf/
block 1987: usr/libexec/perf-core.5.15.0-309.180.4.el9uek.x86_64/scripts/python/Perf-Trace-Util/lib/Perf/Trace/
block 1990: usr/libexec/perf-core.5.15.0-309.180.4.el9uek.x86_64/scripts/python/bin/
block 1993: usr/libexec/perf-core.5.15.0-309.180.4.el9uek.x86_64/tests/
block 1996: usr/libexec/perf-core.5.15.0-309.180.4.el9uek.x86_64/tests/attr/
block 1999: usr/libexec/perf-core.5.15.0-309.180.4.el9uek.x86_64/tests/shell/
block 2002: usr/libexec/perf-core.5.15.0-309.180.4.el9uek.x86_64/tests/shell/lib/
block 2005: usr/libexec/sudo/
block 2008: usr/libexec/installkernel/
block 2011: usr/libexec/snapd/
block 2014: usr/libexec/nfs-utils/
block 2017: usr/libexec/linux-boot-probes/
block 2020: usr/libexec/linux-boot-probes/mounted/
block 2023: usr/libexec/os-prober/
block 2026: usr/libexec/os-probes/
block 2029: usr/libexec/os-probes/init/
block 2032: usr/libexec/os-probes/mounted/
block 2035: usr/libexec/os-probes/mounted/efi/
block 2038: usr/libexec/sssd/
block 2041: usr/libexec/geoclue-2.0/
block 2044: usr/libexec/geoclue-2.0/demos/
block 2047: usr/libexec/fwupd/
block 2050: usr/libexec/fwupd/efi/
block 2053: usr/libexec/perf-core.5.15.0-308.179.6.3.el9uek.x86_64/
block 2056: usr/libexec/perf-core.5.15.0-308.179.6.3.el9uek.x86_64/dlfilters/
block 2059: usr/libexec/perf-core.5.15.0-308.179.6.3.el9uek.x86_64/scripts/
block 2062: usr/libexec/perf-core.5.15.0-308.179.6.3.el9uek.x86_64/scripts/python/
block 2065: usr/libexec/perf-core.5.15.0-308.179.6.3.el9uek.x86_64/scripts/python/Perf-Trace-Util/
block 2068: usr/libexec/perf-core.5.15.0-308.179.6.3.el9uek.x86_64/scripts/python/Perf-Trace-Util/lib/
block 2071: usr/libexec/perf-core.5.15.0-308.179.6.3.el9uek.x86_64/scripts/python/Perf-Trace-Util/lib/Perf/
block 2074: usr/libexec/perf-core.5.15.0-308.179.6.3.el9uek.x86_64/scripts/python/Perf-Trace-Util/lib/Perf/Trace/
block 2077: usr/libexec/perf-core.5.15.0-308.179.6.3.el9uek.x86_64/scripts/python/bin/
block 2080: usr/libexec/perf-core.5.15.0-308.179.6.3.el9uek.x86_64/tests/
block 2083: usr/libexec/perf-core.5.15.0-308.179.6.3.el9uek.x86_64/tests/attr/
block 2086: usr/libexec/perf-core.5.15.0-308.179.6.3.el9uek.x86_64/tests/shell/
block 2089: usr/libexec/perf-core.5.15.0-308.179.6.3.el9uek.x86_64/tests/shell/lib/
block 2092: usr/libexec/gstreamer-1.0/
block 2095: usr/libexec/rsyslog/
block 2098: usr/libexec/plymouth/
block 2101: usr/libexec/lsm.d/
block 2104: usr/libexec/microcode_ctl/
block 2107: usr/libexec/tuned/
block 2110: usr/libexec/psacct/
block 2113: usr/libexec/smartmontools/
block 2116: usr/libexec/man-db/
block 2119: usr/local/
block 2122: usr/local/bin/
block 2125: usr/local/etc/
block 2128: usr/local/games/
block 2131: usr/local/include/
block 2134: usr/local/lib/
block 2137: usr/local/lib64/
block 2140: usr/local/lib64/bpf/
block 2143: usr/local/libexec/
block 2146: usr/local/sbin/
block 2149: usr/local/share/
block 2152: usr/local/share/applications/
block 2155: usr/local/share/info/
block 2158: usr/local/share/man/
block 2161: usr/local/share/man/man1/
block 2164: usr/local/share/man/man1x/
block 2167: usr/local/share/man/man2/
block 2170: usr/local/share/man/man2x/
block 2173: usr/local/share/man/man3/
block 2176: usr/local/share/man/man3x/
block 2179: usr/local/share/man/man4/
block 2182: usr/local/share/man/man4x/
block 2185: usr/local/share/man/man5/
block 2188: usr/local/share/man/man5x/
block 2191: usr/local/share/man/man6/
block 2194: usr/local/share/man/man6x/
block 2197: usr/local/share/man/man7/
block 2200: usr/local/share/man/man7x/
block 2203: usr/local/share/man/man8/
block 2206: usr/local/share/man/man8x/
block 2209: usr/local/share/man/man9/
block 2212: usr/local/share/man/man9x/
block 2215: usr/local/share/man/mann/
block 2218: usr/local/share/tessdata/
block 2221: usr/local/share/tessdata/configs/
block 2224: usr/local/share/tessdata/tessconfigs/
block 2227: usr/local/share/tessdata/tessdata-main/
block 2230: usr/local/share/tessdata/tessdata-main/tessconfigs/
block 2233: usr/local/share/tessdata/script/
block 2236: usr/local/src/
block 2239: usr/src/
block 2242: afs/
block 2245: home/
block 2248: home/breddy/
block 2251: home/breddy/.mozilla/
block 2254: home/breddy/.mozilla/extensions/
block 2257: home/breddy/.mozilla/plugins/
block 2260: home/breddy/.config/
block 2263: home/breddy/.config/dconf/
block 2266: home/breddy/.config/goa-1.0/
block 2269: home/breddy/.config/ibus/
block 2272: home/breddy/.config/ibus/bus/
block 2275: home/breddy/.config/evolution/
block 2278: home/breddy/.config/evolution/sources/
block 2281: home/breddy/.config/pulse/
block 2284: home/breddy/.config/gtk-3.0/
block 2287: home/breddy/.config/gnome-session/
block 2290: home/breddy/.config/gnome-session/saved-session/
block 2293: home/breddy/.local/
block 2296: home/breddy/.local/share/
block 2299: home/breddy/.local/share/gvfs-metadata/
block 2302: home/breddy/.local/share/keyrings/
block 2305: home/breddy/.local/share/gnome-shell/
block 2308: home/breddy/.local/share/evolution/
block 2311: home/breddy/.local/share/evolution/addressbook/
block 2314: home/breddy/.local/share/evolution/addressbook/trash/
block 2317: home/breddy/.local/share/evolution/addressbook/system/
block 2320: home/breddy/.local/share/evolution/addressbook/system/photos/
block 2323: home/breddy/.local/share/evolution/calendar/
block 2326: home/breddy/.local/share/evolution/calendar/trash/
block 2329: home/breddy/.local/share/evolution/calendar/system/
block 2332: home/breddy/.local/share/evolution/mail/
block 2335: home/breddy/.local/share/evolution/mail/trash/
block 2338: home/breddy/.local/share/evolution/memos/
block 2341: home/breddy/.local/share/evolution/memos/trash/
block 2344: home/breddy/.local/share/evolution/tasks/
block 2347: home/breddy/.local/share/evolution/tasks/trash/
block 2350: home/breddy/.local/share/evolution/tasks/system/
block 2353: home/breddy/.local/share/flatpak/
block 2356: home/breddy/.local/share/flatpak/db/
block 2359: home/breddy/.local/share/flatpak/repo/
block 2362: home/breddy/.local/share/flatpak/repo/tmp/
block 2365: home/breddy/.local/share/flatpak/repo/tmp/cache/
block 2368: home/breddy/.local/share/flatpak/repo/extensions/
block 2371: home/breddy/.local/share/flatpak/repo/state/
block 2374: home/breddy/.local/share/flatpak/repo/refs/
block 2377: home/breddy/.local/share/flatpak/repo/refs/heads/
block 2380: home/breddy/.local/share/flatpak/repo/refs/mirrors/
block 2383: home/breddy/.local/share/flatpak/repo/refs/remotes/
block 2386: home/breddy/.local/share/flatpak/repo/objects/
block 2389: home/breddy/.local/share/applications/
block 2392: home/breddy/.local/share/sounds/
block 2395: home/breddy/.local/share/pki/
block 2398: home/breddy/.local/share/pki/nssdb/
block 2401: home/breddy/.local/share/icc/
block 2404: home/breddy/.local/share/gnome-settings-daemon/
block 2407: home/breddy/.local/state/
block 2410: home/breddy/.local/state/wireplumber/
block 2413: home/breddy/Desktop/
block 2416: home/breddy/Downloads/
block 2419: home/breddy/Templates/
block 2422: home/breddy/Public/
block 2425: home/breddy/Documents/
block 2428: home/breddy/Music/
block 2431: home/breddy/Pictures/
block 2434: home/breddy/Videos/
block 2437: home/breddy/.cache/
block 2440: home/breddy/.cache/mesa_shader_cache/
block 2443: home/breddy/.cache/mesa_shader_cache/c9/
block 2446: home/breddy/.cache/mesa_shader_cache/c2/
block 2449: home/breddy/.cache/mesa_shader_cache/5e/
block 2452: home/breddy/.cache/mesa_shader_cache/b1/
block 2455: home/breddy/.cache/mesa_shader_cache/06/
block 2458: home/breddy/.cache/mesa_shader_cache/95/
block 2461: home/breddy/.cache/mesa_shader_cache/12/
block 2464: home/breddy/.cache/mesa_shader_cache/34/
block 2467: home/breddy/.cache/mesa_shader_cache/6e/
block 2470: home/breddy/.cache/mesa_shader_cache/e0/
block 2473: home/breddy/.cache/mesa_shader_cache/61/
block 2476: home/breddy/.cache/mesa_shader_cache/a5/
block 2479: home/breddy/.cache/mesa_shader_cache/f8/
block 2482: home/breddy/.cache/mesa_shader_cache/9b/
block 2485: home/breddy/.cache/mesa_shader_cache/77/
block 2488: home/breddy/.cache/mesa_shader_cache/2c/
block 2491: home/breddy/.cache/mesa_shader_cache/92/
block 2494: home/breddy/.cache/mesa_shader_cache/c1/
block 2497: home/breddy/.cache/mesa_shader_cache/db/
block 2500: home/breddy/.cache/mesa_shader_cache/65/
block 2503: home/breddy/.cache/mesa_shader_cache/e8/
block 2506: home/breddy/.cache/mesa_shader_cache/ba/
block 2509: home/breddy/.cache/mesa_shader_cache/1f/
block 2512: home/breddy/.cache/mesa_shader_cache/4a/
block 2515: home/breddy/.cache/mesa_shader_cache/f6/
block 2518: home/breddy/.cache/mesa_shader_cache/1e/
block 2521: home/breddy/.cache/mesa_shader_cache/7b/
block 2524: home/breddy/.cache/mesa_shader_cache/9c/
block 2527: home/breddy/.cache/mesa_shader_cache/b3/
block 2530: home/breddy/.cache/mesa_shader_cache/23/
block 2533: home/breddy/.cache/mesa_shader_cache/f4/
block 2536: home/breddy/.cache/mesa_shader_cache/3e/
block 2539: home/breddy/.cache/mesa_shader_cache/19/
block 2542: home/breddy/.cache/mesa_shader_cache/d5/
block 2545: home/breddy/.cache/mesa_shader_cache/d8/
block 2548: home/breddy/.cache/mesa_shader_cache/54/
block 2551: home/breddy/.cache/mesa_shader_cache/50/
block 2554: home/breddy/.cache/mesa_shader_cache/df/
block 2557: home/breddy/.cache/mesa_shader_cache/0c/
block 2560: home/breddy/.cache/mesa_shader_cache/62/
block 2563: home/breddy/.cache/mesa_shader_cache/ff/
block 2566: home/breddy/.cache/mesa_shader_cache/de/
block 2569: home/breddy/.cache/mesa_shader_cache/8f/
block 2572: home/breddy/.cache/mesa_shader_cache/82/
block 2575: home/breddy/.cache/mesa_shader_cache/28/
block 2578: home/breddy/.cache/mesa_shader_cache/51/
block 2581: home/breddy/.cache/mesa_shader_cache/91/
block 2584: home/breddy/.cache/mesa_shader_cache/7a/
block 2587: home/breddy/.cache/mesa_shader_cache/d6/
block 2590: home/breddy/.cache/mesa_shader_cache/42/
block 2593: home/breddy/.cache/mesa_shader_cache/0b/
block 2596: home/breddy/.cache/mesa_shader_cache/48/
block 2599: home/breddy/.cache/mesa_shader_cache/a4/
block 2602: home/breddy/.cache/mesa_shader_cache/f2/
block 2605: home/breddy/.cache/ibus/
block 2608: home/breddy/.cache/evolution/
block 2611: home/breddy/.cache/evolution/addressbook/
block 2614: home/breddy/.cache/evolution/addressbook/trash/
block 2617: home/breddy/.cache/evolution/calendar/
block 2620: home/breddy/.cache/evolution/calendar/trash/
block 2623: home/breddy/.cache/evolution/mail/
block 2626: home/breddy/.cache/evolution/mail/trash/
block 2629: home/breddy/.cache/evolution/memos/
block 2632: home/breddy/.cache/evolution/memos/trash/
block 2635: home/breddy/.cache/evolution/sources/
block 2638: home/breddy/.cache/evolution/sources/trash/
block 2641: home/breddy/.cache/evolution/tasks/
block 2644: home/breddy/.cache/evolution/tasks/trash/
block 2647: home/breddy/.cache/gstreamer-1.0/
block 2650: home/breddy/.cache/gnome-software/
block 2653: home/breddy/.cache/gnome-software/appstream/
block 2656: home/breddy/.cache/gnome-software/flatpak-system-default/
block 2659: home/breddy/.cache/gnome-software/flatpak-user-user/
block 2662: home/breddy/.cache/gnome-software/odrs/
block 2665: home/breddy/.cache/flatpak/
block 2668: home/breddy/.cache/flatpak/system-cache/
block 2671: home/breddy/.cache/appstream/
block 2674: home/support/
block 2677: home/support/RHEL9-HARDENING-SCRIPTS/
block 2680: home/support/RHEL9-HARDENING-SCRIPTS/cis_lbk_red_hat_enterprise_linux_9/
block 2683: home/support/RHEL9-HARDENING-SCRIPTS/cis_lbk_red_hat_enterprise_linux_9/functions/
block 2686: home/support/RHEL9-HARDENING-SCRIPTS/cis_lbk_red_hat_enterprise_linux_9/functions/general/
block 2689: home/support/RHEL9-HARDENING-SCRIPTS/cis_lbk_red_hat_enterprise_linux_9/functions/recommendations/
block 2692: home/support/RHEL9-HARDENING-SCRIPTS/cis_lbk_red_hat_enterprise_linux_9/functions/recommendations/1-Initial_Setup/
block 2695: home/support/RHEL9-HARDENING-SCRIPTS/cis_lbk_red_hat_enterprise_linux_9/functions/recommendations/5-Access_Authentication_and_Authorization/
block 2698: home/support/RHEL9-HARDENING-SCRIPTS/cis_lbk_red_hat_enterprise_linux_9/functions/recommendations/2-Services/
block 2701: home/support/RHEL9-HARDENING-SCRIPTS/cis_lbk_red_hat_enterprise_linux_9/functions/recommendations/6-System_Maintenance/
block 2704: home/support/RHEL9-HARDENING-SCRIPTS/cis_lbk_red_hat_enterprise_linux_9/functions/recommendations/3-Network_Configuration/
block 2707: home/support/RHEL9-HARDENING-SCRIPTS/cis_lbk_red_hat_enterprise_linux_9/functions/recommendations/4-Logging_and_Auditing/
block 2710: home/support/RHEL9-HARDENING-SCRIPTS/cis_lbk_red_hat_enterprise_linux_9/logs/
block 2713: home/support/RHEL9-HARDENING-SCRIPTS/cis_lbk_red_hat_enterprise_linux_9/logs/07_10_2024_1651/
block 2716: home/support/CIS-LBK/
block 2719: home/support/CIS-LBK/cis_lbk_red_hat_enterprise_linux_9/
block 2722: home/support/CIS-LBK/cis_lbk_red_hat_enterprise_linux_9/functions/
block 2725: home/support/CIS-LBK/cis_lbk_red_hat_enterprise_linux_9/functions/general/
block 2728: home/support/CIS-LBK/cis_lbk_red_hat_enterprise_linux_9/functions/recommendations/
block 2731: home/support/CIS-LBK/cis_lbk_red_hat_enterprise_linux_9/functions/recommendations/1-Initial_Setup/
block 2734: home/support/CIS-LBK/cis_lbk_red_hat_enterprise_linux_9/functions/recommendations/2-Services/
block 2737: home/support/CIS-LBK/cis_lbk_red_hat_enterprise_linux_9/functions/recommendations/3-Network_Configuration/
block 2740: home/support/CIS-LBK/cis_lbk_red_hat_enterprise_linux_9/functions/recommendations/4-Logging_and_Auditing/
block 2743: home/support/CIS-LBK/cis_lbk_red_hat_enterprise_linux_9/functions/recommendations/5-Access_Authentication_and_Authorization/
block 2746: home/support/CIS-LBK/cis_lbk_red_hat_enterprise_linux_9/functions/recommendations/6-System_Maintenance/
block 2749: home/support/CIS-LBK/cis_lbk_red_hat_enterprise_linux_9/logs/
block 2752: home/support/CIS-LBK/cis_lbk_red_hat_enterprise_linux_9/logs/07_10_2024_1655/
block 2755: home/support/CIS-LBK/cis_lbk_red_hat_enterprise_linux_9/logs/07_10_2024_1713/
block 2758: home/support/CIS-LBK/cis_lbk_red_hat_enterprise_linux_9/logs/07_10_2024_1715/
block 2761: home/support/CIS-LBK/cis_lbk_red_hat_enterprise_linux_9/logs/07_10_2024_1717/
block 2764: home/support/CIS-LBK/cis_lbk_red_hat_enterprise_linux_9/logs/07_10_2024_1719/
block 2767: home/support/CIS-LBK/cis_lbk_red_hat_enterprise_linux_9/logs/07_10_2024_1720/
block 2770: home/support/CIS-LBK/cis_lbk_red_hat_enterprise_linux_9/logs/07_10_2024_1721/
block 2773: home/support/CIS-LBK/cis_lbk_red_hat_enterprise_linux_9/logs/07_11_2024_1010/
block 2776: home/support/CIS-LBK/cis_lbk_red_hat_enterprise_linux_9/logs/07_11_2024_2142/
block 2779: home/sreadmin/
block 2782: home/svc-sndiscov/
block 2785: home/svc-sndiscov/.ssh/
block 2788: home/svc-sndiscov/.ssh/authorized_keys
block 2792: home/vmahadevan/
block 2795: home/vmahadevan/ExtendPatches/
block 2798: home/vmahadevan/.ssh/
block 2801: home/skumar/
block 2804: home/skumar/.bash_history
block 2808: home/adm-schinta/
block 2811: home/adm-schinta/.ssh/
block 2814: home/spajjuri/
block 2817: home/adm-vuppara/
block 2820: home/svc-ss-lxdiscovery/
block 2823: home/svc-ss-rootmgmt/
block 2826: home/cabi/
block 2829: home/trianzadmin/
block 2832: home/trianzadmin/.ssh/
block 2835: home/trianzadmin/.ansible/
block 2838: home/trianzadmin/.ansible/tmp/
block 2841: home/trianzadmin/.ansible/tmp/ansible-tmp-1771921429.61987-501118-242026967129672/
block 2844: home/trianzadmin/.ansible/tmp/ansible-tmp-1771921429.61987-501118-242026967129672/AnsiballZ_command.py
block 3101: home/trianzadmin/.ansible/tmp/ansible-tmp-1771921429.61987-501118-242026967129672/async_wrapper.py
block 3355: home/trianzadmin/.ansible_async/
block 3358: home/trianzadmin/.config/
block 3361: home/trianzadmin/.config/procps/
block 3364: home/trianzadmin/.bash_history
block 3369: home/trianzadmin/backup.log
block 3382: home/trianzadmin/AD-Groups_postupgrade.txt
block 3386: home/trianzadmin/falcon-sensor-7.31.0-18410.el7.x86_64.rpm
block 175649: home/trianzadmin/falcon-sensor-7.31.0-18410.el8.x86_64.rpm
block 347912: home/trianzadmin/falcon-sensor-7.31.0-18410.el9.x86_64.rpm
block 520175: home/svc-pbise/
block 520178: home/rparsha/
block 520181: home/mneelam/
block 520184: media/
block 520187: mnt/
block 520190: opt/
block 520193: opt/nessus_agent/
block 520196: opt/nessus_agent/etc/
block 520199: opt/nessus_agent/etc/nessus/
block 520202: opt/nessus_agent/etc/nessus/nessusd.db
block 520227: opt/nessus_agent/etc/nessus/nessus-fetch.db
block 520272: opt/nessus_agent/etc/nessus/nessusd.db-journal
block 520275: opt/nessus_agent/etc/nessus/fipsmodule.cnf
block 520279: opt/nessus_agent/etc/nessus/nessus-fetch.db-wal
block 522334: opt/nessus_agent/etc/nessus/nessus-fetch.db-shm
block 522401: opt/nessus_agent/lib/
block 522404: opt/nessus_agent/lib/nessus/
block 522407: opt/nessus_agent/lib/nessus/plugins/
block 522410: opt/nessus_agent/lib/nessus/plugins/known_CA.inc
block 523284: opt/nessus_agent/lib/nessus/plugins/plugin_feed_info.inc
block 523288: opt/nessus_agent/lib/nessus/plugins/scap_schema.inc
block 523949: opt/nessus_agent/lib/nessus/plugins/oval-definitions-schematron.inc
block 525044: opt/nessus_agent/lib/nessus/plugins/linux_yara_aarch64.inc
block 527036: opt/nessus_agent/lib/nessus/plugins/linux_yara_x64.inc
block 528761: opt/nessus_agent/lib/nessus/plugins/linux_yara_x86.inc
block 530345: opt/nessus_agent/lib/nessus/plugins/daily_badip.inc
block 530356: opt/nessus_agent/lib/nessus/plugins/tenable-utils-LINUX-aarch64.bin
block 531775: opt/nessus_agent/lib/nessus/plugins/tenable-utils-LINUX-i686.bin
block 532967: opt/nessus_agent/lib/nessus/plugins/tenable-utils-LINUX-x86_64.bin
block 534346: opt/nessus_agent/lib/nessus/plugins/agent_normalize_metadata.nbin
block 534404: opt/nessus_agent/lib/nessus/plugins/.1474-20251010-recompile
block 534408: opt/nessus_agent/lib/nessus/plugins/feed_metadata.json
block 534415: opt/nessus_agent/lib/nessus/plugins/ovaldi64-rhel7.inc
block 548394: opt/nessus_agent/lib/nessus/libjemalloc.so.2
block 549797: opt/nessus_agent/lib/nessus/legacy.so
block 550062: opt/nessus_agent/lib/nessus/fips.so
block 553123: opt/nessus_agent/lib/nessus/libssl.so.3
block 554458: opt/nessus_agent/lib/nessus/libcrypto.so.3
block 562982: opt/nessus_agent/sbin/
block 562985: opt/nessus_agent/sbin/nessuscli
block 578115: opt/nessus_agent/sbin/nessusd
block 582132: opt/nessus_agent/sbin/nessus-agent-module
block 598295: opt/nessus_agent/sbin/shared-libs.tar.gz.bak
block 598783: opt/nessus_agent/sbin/nessus-service
block 599506: opt/nessus_agent/sbin/nessus-service.tar.gz.bak
block 599791: opt/nessus_agent/sbin/fredi_module.tar.gz.bak
block 601390: opt/nessus_agent/sbin/tua_comm_module.tar.gz.bak
block 603420: opt/nessus_agent/var/
block 603423: opt/nessus_agent/var/nessus/
block 603426: opt/nessus_agent/var/nessus/logs/
block 603429: opt/nessus_agent/var/nessus/logs/nessusd.dump
block 605143: opt/nessus_agent/var/nessus/logs/nessusd.messages
block 608279: opt/nessus_agent/var/nessus/logs/nessuscli.log
block 608309: opt/nessus_agent/var/nessus/logs/backend.log
block 614159: opt/nessus_agent/var/nessus/logs/.preflight_install_signing_pub_key.log
block 614216: opt/nessus_agent/var/nessus/logs/module_host.log.20260218080620
block 634699: opt/nessus_agent/var/nessus/logs/module_host.log
block 653175: opt/nessus_agent/var/nessus/logs/module_host.log.20260211160717
block 673658: opt/nessus_agent/var/nessus/plugins-desc.db
block 884777: opt/nessus_agent/var/nessus/icudt77l.dat
block 894980: opt/nessus_agent/var/nessus/tools/
block 894983: opt/nessus_agent/var/nessus/tools/downgrader.11.0.3.ntool
block 895077: opt/nessus_agent/var/nessus/tools/downgrader.11.1.0.ntool
block 895173: opt/nessus_agent/var/nessus/tools/downgrader.11.1.1.ntool
block 895269: opt/nessus_agent/var/nessus/tools/downgrader.11.1.2.ntool
block 895365: opt/nessus_agent/var/nessus/tools/nessusd_www_server6.nbin
block 895811: opt/nessus_agent/var/nessus/tools/agent_normalize_metadata.nbin
block 895815: opt/nessus_agent/var/nessus/tools/bootstrap-from-media.nbin
block 895819: opt/nessus_agent/var/nessus/tools/tool_dispatch.ntool
block 896197: opt/nessus_agent/var/nessus/users/
block 896200: opt/nessus_agent/var/nessus/users/nessus_ms_agent/
block 896203: opt/nessus_agent/var/nessus/users/nessus_ms_agent/files/
block 896206: opt/nessus_agent/var/nessus/users/nessus_ms_agent/reports/
block 896209: opt/nessus_agent/var/nessus/users/nessus_ms_agent/ms_cert.pem
block 896218: opt/nessus_agent/var/nessus/www/
block 896221: opt/nessus_agent/var/nessus/www/wizards/
block 896224: opt/nessus_agent/var/nessus/audits/
block 896227: opt/nessus_agent/var/nessus/nessus-service.version
block 896231: opt/nessus_agent/var/nessus/mod/
block 896234: opt/nessus_agent/var/nessus/mod/com.tenable.nessus_agent/
block 896237: opt/nessus_agent/var/nessus/mod/com.tenable.nessus_agent/core/
block 896240: opt/nessus_agent/var/nessus/mod/com.tenable.nessus_agent/data/
block 896243: opt/nessus_agent/var/nessus/mod/com.tenable.nessus_agent/tmp/
block 896246: opt/nessus_agent/var/nessus/mod/com.tenable.nessus_agent/pid
block 896250: opt/nessus_agent/var/nessus/mod/com.tenable.agent_identifier_service/
block 896253: opt/nessus_agent/var/nessus/mod/com.tenable.agent_identifier_service/core/
block 896256: opt/nessus_agent/var/nessus/mod/com.tenable.agent_identifier_service/data/
block 896259: opt/nessus_agent/var/nessus/mod/com.tenable.fredi_module/
block 896262: opt/nessus_agent/var/nessus/mod/com.tenable.fredi_module/core/
block 896265: opt/nessus_agent/var/nessus/mod/com.tenable.fredi_module/core/fredi_module
block 900164: opt/nessus_agent/var/nessus/mod/com.tenable.fredi_module/data/
block 900167: opt/nessus_agent/var/nessus/mod/com.tenable.tua_comm_module/
block 900170: opt/nessus_agent/var/nessus/mod/com.tenable.tua_comm_module/core/
block 900173: opt/nessus_agent/var/nessus/mod/com.tenable.tua_comm_module/core/tua_comm_module
block 906040: opt/nessus_agent/var/nessus/mod/com.tenable.tua_comm_module/data/
block 906043: opt/nessus_agent/var/nessus/triggers/
block 906046: opt/nessus_agent/var/nessus/master.key
block 906053: opt/nessus_agent/var/nessus/global.db
block 906096: opt/nessus_agent/var/nessus/backups/
block 906099: opt/nessus_agent/var/nessus/backups/dr/
block 906102: opt/nessus_agent/var/nessus/backups/dr/nessusd.db.3
block 906127: opt/nessus_agent/var/nessus/backups/dr/global.db.2
block 906170: opt/nessus_agent/var/nessus/backups/dr/nessus-fetch.db.2
block 906215: opt/nessus_agent/var/nessus/backups/dr/nessusd.db.2
block 906240: opt/nessus_agent/var/nessus/backups/dr/global.db.1
block 906283: opt/nessus_agent/var/nessus/backups/dr/nessus-fetch.db.1
block 906328: opt/nessus_agent/var/nessus/backups/dr/nessusd.db.1
block 906353: opt/nessus_agent/var/nessus/backups/dr/global.db.5
block 906396: opt/nessus_agent/var/nessus/backups/dr/nessus-fetch.db.5
block 906441: opt/nessus_agent/var/nessus/backups/dr/nessusd.db.5
block 906466: opt/nessus_agent/var/nessus/backups/dr/global.db.4
block 906509: opt/nessus_agent/var/nessus/backups/dr/nessus-fetch.db.4
block 906554: opt/nessus_agent/var/nessus/backups/dr/nessusd.db.4
block 906579: opt/nessus_agent/var/nessus/backups/dr/global.db.3
block 906622: opt/nessus_agent/var/nessus/backups/dr/nessus-fetch.db.3
block 906667: opt/nessus_agent/var/nessus/backups/global-2026-1-25.db
block 906710: opt/nessus_agent/var/nessus/backups/global-2026-1-26.db
block 906753: opt/nessus_agent/var/nessus/backups/global-2026-1-27.db
block 906796: opt/nessus_agent/var/nessus/backups/global-2026-1-28.db
block 906839: opt/nessus_agent/var/nessus/backups/global-2026-1-29.db
block 906882: opt/nessus_agent/var/nessus/backups/global-2026-1-30.db
block 906925: opt/nessus_agent/var/nessus/backups/global-2026-1-31.db
block 906968: opt/nessus_agent/var/nessus/backups/global-2026-2-1.db
block 907011: opt/nessus_agent/var/nessus/backups/global-2026-2-2.db
block 907054: opt/nessus_agent/var/nessus/backups/global-2026-2-3.db
block 907097: opt/nessus_agent/var/nessus/backups/global-2026-2-4.db
block 907140: opt/nessus_agent/var/nessus/backups/global-2026-2-5.db
block 907183: opt/nessus_agent/var/nessus/backups/global-2026-2-6.db
block 907226: opt/nessus_agent/var/nessus/backups/global-2026-2-7.db
block 907269: opt/nessus_agent/var/nessus/backups/global-2026-2-8.db
block 907312: opt/nessus_agent/var/nessus/backups/global-2026-2-9.db
block 907355: opt/nessus_agent/var/nessus/backups/global-2026-2-10.db
block 907398: opt/nessus_agent/var/nessus/backups/global-2026-2-11.db
block 907441: opt/nessus_agent/var/nessus/backups/global-2026-2-12.db
block 907484: opt/nessus_agent/var/nessus/backups/global-2026-2-13.db
block 907527: opt/nessus_agent/var/nessus/backups/global-2026-2-14.db
block 907570: opt/nessus_agent/var/nessus/backups/global-2026-2-15.db
block 907613: opt/nessus_agent/var/nessus/backups/global-2026-2-16.db
block 907656: opt/nessus_agent/var/nessus/backups/global-2026-2-18.db
block 907699: opt/nessus_agent/var/nessus/backups/global-2026-2-19.db
block 907742: opt/nessus_agent/var/nessus/backups/global-2026-2-20.db
block 907785: opt/nessus_agent/var/nessus/backups/global-2026-2-21.db
block 907828: opt/nessus_agent/var/nessus/backups/global-2026-2-22.db
block 907871: opt/nessus_agent/var/nessus/backups/global-2026-2-23.db
block 907914: opt/nessus_agent/var/nessus/tenable-plugins-b-20210201.pem
block 907919: opt/nessus_agent/var/nessus/agent.db
block 1740832: opt/nessus_agent/var/nessus/nessusd.watchdog
block 1740835: opt/nessus_agent/var/nessus/tmp/
block 1740838: opt/nessus_agent/var/nessus/nessus-agent-module.pid
block 1740842: opt/nessus_agent/var/nessus/tenable-plugins-20210201.pem
block 1740847: opt/nessus_agent/var/nessus/global.db-shm
block 1740914: opt/nessus_agent/var/nessus/cov_state.bin
block 1741494: opt/nessus_agent/var/nessus/remote/
block 1741497: opt/nessus_agent/var/nessus/plugins-core.tar.gz
block 1785867: opt/nessus_agent/var/nessus/CA/
block 1785870: opt/nessus_agent/var/nessus/nessus_org.pem
block 1785875: opt/nessus_agent/var/nessus/tenable-plugins-a-20210201.pem
block 1785880: opt/nessus_agent/var/nessus/plugins-code.db
block 2629450: opt/nessus_agent/var/nessus/plugins-lib.db
block 2671876: opt/nessus_agent/var/nessus/nessus-service.pid
block 2671880: opt/nessus_agent/var/nessus/agent.version
block 2671884: opt/nessus_agent/var/nessus/global.db-wal
block 2671892: opt/nessus_agent/var/nessus/plugin_feed_info.inc
block 2671896: opt/nessus_agent/var/nessus/.__db_ok
block 2671899: opt/nessus_agent/var/nessus/autoscanconfigs/
block 2671902: opt/nessus_agent/bin/
block 2671905: opt/nessus_agent/bin/openssl
block 2673536: opt/nessus_agent/bin/nasl
block 2688730: opt/nessus_agent/com/
block 2688733: opt/nessus_agent/com/nessus/
block 2688736: opt/nessus_agent/com/nessus/CA/
block 2688739: opt/BESClient/
block 2688742: opt/BESClient/bin/
block 2688745: opt/BESClient/bin/swidtag/
block 2688748: opt/CrowdStrike/
block 2688751: opt/CrowdStrike/Falcon4IT/
block 2688754: opt/CrowdStrike/Falcon4IT/bin/
block 2688757: opt/CrowdStrike/Falcon4IT/results/
block 2688760: opt/CrowdStrike/Packages/
block 2688763: opt/CrowdStrike/sandbox/
block 2688766: opt/CrowdStrike/sandbox/root/
block 2688769: opt/CrowdStrike/KernelModuleArchive
block 2688772: opt/CrowdStrike/ASPM/
block 2688775: opt/CrowdStrike/ASPM/bin/
block 2688778: opt/CrowdStrike/ASPM/results/
block 2688781: opt/CrowdStrike/ASPM/tmp/
block 2688784: opt/CrowdStrike/README
block 2688790: opt/CrowdStrike/falcon-fx
block 2688793: opt/CrowdStrike/falcon-fxpredict
block 2688796: opt/CrowdStrike/KernelModuleArchiveExt18308
block 2699822: opt/CrowdStrike/falcon-kernel-check
block 2699825: opt/CrowdStrike/SpotlightVCIStore/
block 2699828: opt/CrowdStrike/SpotlightVCIStore/0/
block 2699831: opt/CrowdStrike/SpotlightVCIStore/0/pstore.c532c463-87259165-c255f07b-aa55f00f-00000001.db
block 2699835: opt/CrowdStrike/SpotlightVCIStore/0/pstore.c538937b-de78806e-de3df06e-aa55f00f-00000001.db
block 2699839: opt/CrowdStrike/falcon-predict
block 2699842: opt/CrowdStrike/falcon-sensor
block 2699845: opt/CrowdStrike/falcon-sensor-bpf
block 2699848: opt/CrowdStrike/falconctl
block 2699851: opt/CrowdStrike/falcond
block 2699854: opt/CrowdStrike/falcon-flow
block 2699857: opt/CrowdStrike/libelf-sourceware.so.1
block 2699860: opt/CrowdStrike/SpotlightVCI-00000064.bin
block 2700336: opt/CrowdStrike/falcond18504
block 2700809: opt/CrowdStrike/falconstore
block 2700828: opt/CrowdStrike/Registry.bin
block 2700872: opt/CrowdStrike/Downloads/
block 2700875: opt/CrowdStrike/C-00000211-00000000-00001310.sys
block 2708951: opt/CrowdStrike/C-00000257-00000000-00000167.sys
block 2709206: opt/CrowdStrike/StaticRules/
block 2709209: opt/CrowdStrike/C-00000282-00000000-00000174.sys
block 2710426: opt/CrowdStrike/falcon-sensor18504
block 2723769: opt/CrowdStrike/C-00000254-00000000-00000607.sys
block 2729365: opt/CrowdStrike/C-00000244-00000000-00000814.sys
block 2730497: opt/CrowdStrike/C-00001033-00000000-00000013.sys
block 2730519: opt/CrowdStrike/KernelModuleArchiveExt18410
block 2742658: opt/CrowdStrike/C-00000256-00000000-00000158.sys
block 2742903: opt/CrowdStrike/C-00000267-00000000-00000167.sys
block 2743547: opt/CrowdStrike/C-00000089-00000000-00000435.sys
block 2743617: opt/CrowdStrike/libfalconfxp.so.3
block 2743620: opt/CrowdStrike/C-00000602-00000000-00000067.sys
block 2743624: opt/CrowdStrike/C-00000296-00000000-00000024.sys
block 2743643: opt/CrowdStrike/C-00000272-00000000-00000072.sys
block 2743897: opt/CrowdStrike/C-00001033-00000012-00000013.sys
block 2743902: opt/CrowdStrike/C-00000258-00000000-00000449.sys
block 2745055: opt/CrowdStrike/C-00001019-00000000-00000019.sys
block 2745074: opt/CrowdStrike/C-00000294-00000000-00000070.sys
block 2747141: opt/CrowdStrike/C-00000235-00000000-00000497.sys
block 2748863: opt/CrowdStrike/KernelModuleArchiveExt18504
block 2761289: opt/CrowdStrike/C-00000295-00000000-00000016.sys
block 2761309: opt/CrowdStrike/C-00000287-00000000-00000168.sys
block 2763803: opt/CrowdStrike/falcon-zip-inspect
block 2763806: opt/CrowdStrike/falcon-sensor-bpf18504
block 2785639: opt/CrowdStrike/C-00001026-00000000-00000005.sys
block 2785645: opt/CrowdStrike/libelf-sourceware.so.1-18504
block 2785862: opt/CrowdStrike/libfalconfxp.so.3-18504
block 2813843: opt/CrowdStrike/falcon-fxpredict18504
block 2814093: opt/CrowdStrike/falcon-flow18504
block 2894302: opt/CrowdStrike/KernelModuleArchive18504
block 3032875: opt/CrowdStrike/falconctl18504
block 3033485: opt/CrowdStrike/falcon-kernel-check18504
block 3034290: opt/CrowdStrike/falcon-zip-inspect18504
block 3038739: opt/pbis/
block 3038742: opt/pbis/bin/
block 3038745: opt/pbis/data/
block 3038748: opt/pbis/lib/
block 3038751: opt/pbis/lib64/
block 3038754: opt/pbis/lib64/apache2.0/
block 3038757: opt/pbis/lib64/apache2.2/
block 3038760: opt/pbis/lib64/apache2.4/
block 3038763: opt/pbis/lib64/grouppolicy/
block 3038766: opt/pbis/lib64/gss/
block 3038769: opt/pbis/lib64/krb5/
block 3038772: opt/pbis/lib64/krb5/plugins/
block 3038775: opt/pbis/lib64/krb5/plugins/libkrb5/
block 3038778: opt/pbis/lib64/krb5/plugins/preauth/
block 3038781: opt/pbis/lib64/lsa-provider/
block 3038784: opt/pbis/lib64/lsa-rpc/
block 3038787: opt/pbis/lib64/lw-map-sec/
block 3038790: opt/pbis/lib64/lw-pstore/
block 3038793: opt/pbis/lib64/lw-svcm/
block 3038796: opt/pbis/lib64/lwio-driver/
block 3038799: opt/pbis/lib64/netlogon/
block 3038802: opt/pbis/lib64/sasl2/
block 3038805: opt/pbis/lib64/sendtrap/
block 3038808: opt/pbis/libexec/
block 3038811: opt/pbis/sbin/
block 3038814: opt/pbis/share/
block 3038817: opt/pbis/share/config/
block 3038820: opt/pbis/share/fedora/
block 3038823: opt/pbis/share/fedora/13/
block 3038826: opt/pbis/share/fedora/15/
block 3038829: opt/pbis/share/fedora/16/
block 3038832: opt/pbis/share/fedora/17/
block 3038835: opt/pbis/share/fedora/18/
block 3038838: opt/pbis/share/fedora/19/
block 3038841: opt/pbis/share/fedora/20/
block 3038844: opt/pbis/share/fedora/21/
block 3038847: opt/pbis/share/rhel/
block 3038850: opt/pbis/share/rhel/6.0/
block 3038853: opt/pbis/share/rhel/7.0/
block 3038856: opt/pbis/share/rhel/8.0/
block 3038859: opt/pbis/share/rhel/9.0/
block 3038862: opt/AMPAgent/
block 3038865: srv/
block 3038868: ExtendPatches/
block 3038871: watchdog
block 3038875: var/
block 3038878: var/lib/
block 3038881: var/lib/dnf/
block 3038884: var/lib/dnf/history.sqlite
block 3040663: var/lib/dnf/history.sqlite-wal
block 3048762: var/lib/dnf/history.sqlite-shm
block 3048829: var/lib/dnf/_spacewalk.json
block 3048836: var/lib/dnf/repos/
block 3048839: var/lib/dnf/repos/epel-4b20c555de8aed94/
block 3048842: var/lib/dnf/repos/epel-4b20c555de8aed94/countme
block 3048846: var/lib/games/
block 3048849: var/lib/misc/
block 3048852: var/lib/rpm-state/
block 3048855: var/lib/rpm-state/kernel/
block 3048858: var/lib/alternatives/
block 3048861: var/lib/selinux/
block 3048864: var/lib/selinux/tmp/
block 3048867: var/lib/selinux/targeted/
block 3048870: var/lib/selinux/targeted/active/
block 3048873: var/lib/selinux/targeted/active/modules/
block 3048876: var/lib/selinux/targeted/active/modules/100/
block 3048879: var/lib/selinux/targeted/active/modules/100/abrt/
block 3048882: var/lib/selinux/targeted/active/modules/100/accountsd/
block 3048885: var/lib/selinux/targeted/active/modules/100/acct/
block 3048888: var/lib/selinux/targeted/active/modules/100/afs/
block 3048891: var/lib/selinux/targeted/active/modules/100/aiccu/
block 3048894: var/lib/selinux/targeted/active/modules/100/aide/
block 3048897: var/lib/selinux/targeted/active/modules/100/ajaxterm/
block 3048900: var/lib/selinux/targeted/active/modules/100/alsa/
block 3048903: var/lib/selinux/targeted/active/modules/100/amanda/
block 3048906: var/lib/selinux/targeted/active/modules/100/amtu/
block 3048909: var/lib/selinux/targeted/active/modules/100/anaconda/
block 3048912: var/lib/selinux/targeted/active/modules/100/antivirus/
block 3048915: var/lib/selinux/targeted/active/modules/100/apache/
block 3048918: var/lib/selinux/targeted/active/modules/100/apcupsd/
block 3048921: var/lib/selinux/targeted/active/modules/100/apm/
block 3048924: var/lib/selinux/targeted/active/modules/100/application/
block 3048927: var/lib/selinux/targeted/active/modules/100/arpwatch/
block 3048930: var/lib/selinux/targeted/active/modules/100/asterisk/
block 3048933: var/lib/selinux/targeted/active/modules/100/auditadm/
block 3048936: var/lib/selinux/targeted/active/modules/100/authconfig/
block 3048939: var/lib/selinux/targeted/active/modules/100/authlogin/
block 3048942: var/lib/selinux/targeted/active/modules/100/automount/
block 3048945: var/lib/selinux/targeted/active/modules/100/avahi/
block 3048948: var/lib/selinux/targeted/active/modules/100/awstats/
block 3048951: var/lib/selinux/targeted/active/modules/100/bacula/
block 3048954: var/lib/selinux/targeted/active/modules/100/base/
block 3048957: var/lib/selinux/targeted/active/modules/100/bcfg2/
block 3048960: var/lib/selinux/targeted/active/modules/100/bind/
block 3048963: var/lib/selinux/targeted/active/modules/100/bitlbee/
block 3048966: var/lib/selinux/targeted/active/modules/100/blkmapd/
block 3048969: var/lib/selinux/targeted/active/modules/100/blueman/
block 3048972: var/lib/selinux/targeted/active/modules/100/bluetooth/
block 3048975: var/lib/selinux/targeted/active/modules/100/boinc/
block 3048978: var/lib/selinux/targeted/active/modules/100/boltd/
block 3048981: var/lib/selinux/targeted/active/modules/100/bootloader/
block 3048984: var/lib/selinux/targeted/active/modules/100/brctl/
block 3048987: var/lib/selinux/targeted/active/modules/100/brltty/
block 3048990: var/lib/selinux/targeted/active/modules/100/bugzilla/
block 3048993: var/lib/selinux/targeted/active/modules/100/bumblebee/
block 3048996: var/lib/selinux/targeted/active/modules/100/cachefilesd/
block 3048999: var/lib/selinux/targeted/active/modules/100/calamaris/
block 3049002: var/lib/selinux/targeted/active/modules/100/callweaver/
block 3049005: var/lib/selinux/targeted/active/modules/100/canna/
block 3049008: var/lib/selinux/targeted/active/modules/100/ccs/
block 3049011: var/lib/selinux/targeted/active/modules/100/cdrecord/
block 3049014: var/lib/selinux/targeted/active/modules/100/certmaster/
block 3049017: var/lib/selinux/targeted/active/modules/100/certmonger/
block 3049020: var/lib/selinux/targeted/active/modules/100/certwatch/
block 3049023: var/lib/selinux/targeted/active/modules/100/cfengine/
block 3049026: var/lib/selinux/targeted/active/modules/100/cgroup/
block 3049029: var/lib/selinux/targeted/active/modules/100/chrome/
block 3049032: var/lib/selinux/targeted/active/modules/100/chronyd/
block 3049035: var/lib/selinux/targeted/active/modules/100/cinder/
block 3049038: var/lib/selinux/targeted/active/modules/100/cipe/
block 3049041: var/lib/selinux/targeted/active/modules/100/clock/
block 3049044: var/lib/selinux/targeted/active/modules/100/clogd/
block 3049047: var/lib/selinux/targeted/active/modules/100/cloudform/
block 3049050: var/lib/selinux/targeted/active/modules/100/cmirrord/
block 3049053: var/lib/selinux/targeted/active/modules/100/cobbler/
block 3049056: var/lib/selinux/targeted/active/modules/100/collectd/
block 3049059: var/lib/selinux/targeted/active/modules/100/colord/
block 3049062: var/lib/selinux/targeted/active/modules/100/comsat/
block 3049065: var/lib/selinux/targeted/active/modules/100/condor/
block 3049068: var/lib/selinux/targeted/active/modules/100/conman/
block 3049071: var/lib/selinux/targeted/active/modules/100/conntrackd/
block 3049074: var/lib/selinux/targeted/active/modules/100/consolekit/
block 3049077: var/lib/selinux/targeted/active/modules/100/couchdb/
block 3049080: var/lib/selinux/targeted/active/modules/100/courier/
block 3049083: var/lib/selinux/targeted/active/modules/100/cpucontrol/
block 3049086: var/lib/selinux/targeted/active/modules/100/cpufreqselector/
block 3049089: var/lib/selinux/targeted/active/modules/100/cpuplug/
block 3049092: var/lib/selinux/targeted/active/modules/100/cron/
block 3049095: var/lib/selinux/targeted/active/modules/100/ctdb/
block 3049098: var/lib/selinux/targeted/active/modules/100/cups/
block 3049101: var/lib/selinux/targeted/active/modules/100/cvs/
block 3049104: var/lib/selinux/targeted/active/modules/100/cyphesis/
block 3049107: var/lib/selinux/targeted/active/modules/100/cyrus/
block 3049110: var/lib/selinux/targeted/active/modules/100/daemontools/
block 3049113: var/lib/selinux/targeted/active/modules/100/dbadm/
block 3049116: var/lib/selinux/targeted/active/modules/100/dbskk/
block 3049119: var/lib/selinux/targeted/active/modules/100/dbus/
block 3049122: var/lib/selinux/targeted/active/modules/100/dcc/
block 3049125: var/lib/selinux/targeted/active/modules/100/ddclient/
block 3049128: var/lib/selinux/targeted/active/modules/100/denyhosts/
block 3049131: var/lib/selinux/targeted/active/modules/100/devicekit/
block 3049134: var/lib/selinux/targeted/active/modules/100/dhcp/
block 3049137: var/lib/selinux/targeted/active/modules/100/dictd/
block 3049140: var/lib/selinux/targeted/active/modules/100/dirsrv/
block 3049143: var/lib/selinux/targeted/active/modules/100/dirsrv-admin/
block 3049146: var/lib/selinux/targeted/active/modules/100/dmesg/
block 3049149: var/lib/selinux/targeted/active/modules/100/dmidecode/
block 3049152: var/lib/selinux/targeted/active/modules/100/dnsmasq/
block 3049155: var/lib/selinux/targeted/active/modules/100/dnssec/
block 3049158: var/lib/selinux/targeted/active/modules/100/dovecot/
block 3049161: var/lib/selinux/targeted/active/modules/100/drbd/
block 3049164: var/lib/selinux/targeted/active/modules/100/dspam/
block 3049167: var/lib/selinux/targeted/active/modules/100/entropyd/
block 3049170: var/lib/selinux/targeted/active/modules/100/exim/
block 3049173: var/lib/selinux/targeted/active/modules/100/fail2ban/
block 3049176: var/lib/selinux/targeted/active/modules/100/fcoe/
block 3049179: var/lib/selinux/targeted/active/modules/100/fetchmail/
block 3049182: var/lib/selinux/targeted/active/modules/100/finger/
block 3049185: var/lib/selinux/targeted/active/modules/100/firewalld/
block 3049188: var/lib/selinux/targeted/active/modules/100/firewallgui/
block 3049191: var/lib/selinux/targeted/active/modules/100/firstboot/
block 3049194: var/lib/selinux/targeted/active/modules/100/fprintd/
block 3049197: var/lib/selinux/targeted/active/modules/100/freeipmi/
block 3049200: var/lib/selinux/targeted/active/modules/100/freqset/
block 3049203: var/lib/selinux/targeted/active/modules/100/fstools/
block 3049206: var/lib/selinux/targeted/active/modules/100/ftp/
block 3049209: var/lib/selinux/targeted/active/modules/100/fwupd/
block 3049212: var/lib/selinux/targeted/active/modules/100/games/
block 3049215: var/lib/selinux/targeted/active/modules/100/gdomap/
block 3049218: var/lib/selinux/targeted/active/modules/100/geoclue/
block 3049221: var/lib/selinux/targeted/active/modules/100/getty/
block 3049224: var/lib/selinux/targeted/active/modules/100/git/
block 3049227: var/lib/selinux/targeted/active/modules/100/gitosis/
block 3049230: var/lib/selinux/targeted/active/modules/100/glance/
block 3049233: var/lib/selinux/targeted/active/modules/100/gnome/
block 3049236: var/lib/selinux/targeted/active/modules/100/gpg/
block 3049239: var/lib/selinux/targeted/active/modules/100/gpm/
block 3049242: var/lib/selinux/targeted/active/modules/100/gpsd/
block 3049245: var/lib/selinux/targeted/active/modules/100/gssproxy/
block 3049248: var/lib/selinux/targeted/active/modules/100/guest/
block 3049251: var/lib/selinux/targeted/active/modules/100/hddtemp/
block 3049254: var/lib/selinux/targeted/active/modules/100/hostapd/
block 3049257: var/lib/selinux/targeted/active/modules/100/hostname/
block 3049260: var/lib/selinux/targeted/active/modules/100/hsqldb/
block 3049263: var/lib/selinux/targeted/active/modules/100/hwloc/
block 3049266: var/lib/selinux/targeted/active/modules/100/hypervkvp/
block 3049269: var/lib/selinux/targeted/active/modules/100/ibacm/
block 3049272: var/lib/selinux/targeted/active/modules/100/ica/
block 3049275: var/lib/selinux/targeted/active/modules/100/icecast/
block 3049278: var/lib/selinux/targeted/active/modules/100/inetd/
block 3049281: var/lib/selinux/targeted/active/modules/100/init/
block 3049284: var/lib/selinux/targeted/active/modules/100/inn/
block 3049287: var/lib/selinux/targeted/active/modules/100/insights_client/
block 3049290: var/lib/selinux/targeted/active/modules/100/iodine/
block 3049293: var/lib/selinux/targeted/active/modules/100/iotop/
block 3049296: var/lib/selinux/targeted/active/modules/100/ipmievd/
block 3049299: var/lib/selinux/targeted/active/modules/100/ipsec/
block 3049302: var/lib/selinux/targeted/active/modules/100/iptables/
block 3049305: var/lib/selinux/targeted/active/modules/100/irc/
block 3049308: var/lib/selinux/targeted/active/modules/100/irqbalance/
block 3049311: var/lib/selinux/targeted/active/modules/100/iscsi/
block 3049314: var/lib/selinux/targeted/active/modules/100/isns/
block 3049317: var/lib/selinux/targeted/active/modules/100/jabber/
block 3049320: var/lib/selinux/targeted/active/modules/100/jetty/
block 3049323: var/lib/selinux/targeted/active/modules/100/jockey/
block 3049326: var/lib/selinux/targeted/active/modules/100/journalctl/
block 3049329: var/lib/selinux/targeted/active/modules/100/kdump/
block 3049332: var/lib/selinux/targeted/active/modules/100/kdumpgui/
block 3049335: var/lib/selinux/targeted/active/modules/100/keepalived/
block 3049338: var/lib/selinux/targeted/active/modules/100/kerberos/
block 3049341: var/lib/selinux/targeted/active/modules/100/keyboardd/
block 3049344: var/lib/selinux/targeted/active/modules/100/keystone/
block 3049347: var/lib/selinux/targeted/active/modules/100/kismet/
block 3049350: var/lib/selinux/targeted/active/modules/100/kmscon/
block 3049353: var/lib/selinux/targeted/active/modules/100/kpatch/
block 3049356: var/lib/selinux/targeted/active/modules/100/ksmtuned/
block 3049359: var/lib/selinux/targeted/active/modules/100/ktalk/
block 3049362: var/lib/selinux/targeted/active/modules/100/l2tp/
block 3049365: var/lib/selinux/targeted/active/modules/100/ldap/
block 3049368: var/lib/selinux/targeted/active/modules/100/libraries/
block 3049371: var/lib/selinux/targeted/active/modules/100/likewise/
block 3049374: var/lib/selinux/targeted/active/modules/100/linuxptp/
block 3049377: var/lib/selinux/targeted/active/modules/100/lircd/
block 3049380: var/lib/selinux/targeted/active/modules/100/livecd/
block 3049383: var/lib/selinux/targeted/active/modules/100/lldpad/
block 3049386: var/lib/selinux/targeted/active/modules/100/loadkeys/
block 3049389: var/lib/selinux/targeted/active/modules/100/locallogin/
block 3049392: var/lib/selinux/targeted/active/modules/100/lockdev/
block 3049395: var/lib/selinux/targeted/active/modules/100/logadm/
block 3049398: var/lib/selinux/targeted/active/modules/100/logging/
block 3049401: var/lib/selinux/targeted/active/modules/100/logrotate/
block 3049404: var/lib/selinux/targeted/active/modules/100/logwatch/
block 3049407: var/lib/selinux/targeted/active/modules/100/lpd/
block 3049410: var/lib/selinux/targeted/active/modules/100/lsm/
block 3049413: var/lib/selinux/targeted/active/modules/100/lttng-tools/
block 3049416: var/lib/selinux/targeted/active/modules/100/lvm/
block 3049419: var/lib/selinux/targeted/active/modules/100/mailman/
block 3049422: var/lib/selinux/targeted/active/modules/100/mailscanner/
block 3049425: var/lib/selinux/targeted/active/modules/100/man2html/
block 3049428: var/lib/selinux/targeted/active/modules/100/mandb/
block 3049431: var/lib/selinux/targeted/active/modules/100/mcelog/
block 3049434: var/lib/selinux/targeted/active/modules/100/mediawiki/
block 3049437: var/lib/selinux/targeted/active/modules/100/memcached/
block 3049440: var/lib/selinux/targeted/active/modules/100/milter/
block 3049443: var/lib/selinux/targeted/active/modules/100/minidlna/
block 3049446: var/lib/selinux/targeted/active/modules/100/minissdpd/
block 3049449: var/lib/selinux/targeted/active/modules/100/mip6d/
block 3049452: var/lib/selinux/targeted/active/modules/100/mirrormanager/
block 3049455: var/lib/selinux/targeted/active/modules/100/miscfiles/
block 3049458: var/lib/selinux/targeted/active/modules/100/mock/
block 3049461: var/lib/selinux/targeted/active/modules/100/modemmanager/
block 3049464: var/lib/selinux/targeted/active/modules/100/modutils/
block 3049467: var/lib/selinux/targeted/active/modules/100/mojomojo/
block 3049470: var/lib/selinux/targeted/active/modules/100/mon_statd/
block 3049473: var/lib/selinux/targeted/active/modules/100/mongodb/
block 3049476: var/lib/selinux/targeted/active/modules/100/motion/
block 3049479: var/lib/selinux/targeted/active/modules/100/mount/
block 3049482: var/lib/selinux/targeted/active/modules/100/mozilla/
block 3049485: var/lib/selinux/targeted/active/modules/100/mpd/
block 3049488: var/lib/selinux/targeted/active/modules/100/mplayer/
block 3049491: var/lib/selinux/targeted/active/modules/100/mptcpd/
block 3049494: var/lib/selinux/targeted/active/modules/100/mrtg/
block 3049497: var/lib/selinux/targeted/active/modules/100/mta/
block 3049500: var/lib/selinux/targeted/active/modules/100/munin/
block 3049503: var/lib/selinux/targeted/active/modules/100/mysql/
block 3049506: var/lib/selinux/targeted/active/modules/100/mythtv/
block 3049509: var/lib/selinux/targeted/active/modules/100/naemon/
block 3049512: var/lib/selinux/targeted/active/modules/100/nagios/
block 3049515: var/lib/selinux/targeted/active/modules/100/namespace/
block 3049518: var/lib/selinux/targeted/active/modules/100/ncftool/
block 3049521: var/lib/selinux/targeted/active/modules/100/netlabel/
block 3049524: var/lib/selinux/targeted/active/modules/100/netutils/
block 3049527: var/lib/selinux/targeted/active/modules/100/networkmanager/
block 3049530: var/lib/selinux/targeted/active/modules/100/ninfod/
block 3049533: var/lib/selinux/targeted/active/modules/100/nis/
block 3049536: var/lib/selinux/targeted/active/modules/100/nova/
block 3049539: var/lib/selinux/targeted/active/modules/100/nscd/
block 3049542: var/lib/selinux/targeted/active/modules/100/nsd/
block 3049545: var/lib/selinux/targeted/active/modules/100/nslcd/
block 3049548: var/lib/selinux/targeted/active/modules/100/ntop/
block 3049551: var/lib/selinux/targeted/active/modules/100/ntp/
block 3049554: var/lib/selinux/targeted/active/modules/100/numad/
block 3049557: var/lib/selinux/targeted/active/modules/100/nut/
block 3049560: var/lib/selinux/targeted/active/modules/100/nx/
block 3049563: var/lib/selinux/targeted/active/modules/100/obex/
block 3049566: var/lib/selinux/targeted/active/modules/100/oddjob/
block 3049569: var/lib/selinux/targeted/active/modules/100/opafm/
block 3049572: var/lib/selinux/targeted/active/modules/100/openct/
block 3049575: var/lib/selinux/targeted/active/modules/100/opendnssec/
block 3049578: var/lib/selinux/targeted/active/modules/100/openfortivpn/
block 3049581: var/lib/selinux/targeted/active/modules/100/openhpid/
block 3049584: var/lib/selinux/targeted/active/modules/100/openshift/
block 3049587: var/lib/selinux/targeted/active/modules/100/openshift-origin/
block 3049590: var/lib/selinux/targeted/active/modules/100/opensm/
block 3049593: var/lib/selinux/targeted/active/modules/100/openvpn/
block 3049596: var/lib/selinux/targeted/active/modules/100/openvswitch/
block 3049599: var/lib/selinux/targeted/active/modules/100/openwsman/
block 3049602: var/lib/selinux/targeted/active/modules/100/oracleasm/
block 3049605: var/lib/selinux/targeted/active/modules/100/osad/
block 3049608: var/lib/selinux/targeted/active/modules/100/pads/
block 3049611: var/lib/selinux/targeted/active/modules/100/passenger/
block 3049614: var/lib/selinux/targeted/active/modules/100/pcmcia/
block 3049617: var/lib/selinux/targeted/active/modules/100/pcp/
block 3049620: var/lib/selinux/targeted/active/modules/100/pcscd/
block 3049623: var/lib/selinux/targeted/active/modules/100/pdns/
block 3049626: var/lib/selinux/targeted/active/modules/100/pegasus/
block 3049629: var/lib/selinux/targeted/active/modules/100/permissivedomains/
block 3049632: var/lib/selinux/targeted/active/modules/100/pesign/
block 3049635: var/lib/selinux/targeted/active/modules/100/pingd/
block 3049638: var/lib/selinux/targeted/active/modules/100/piranha/
block 3049641: var/lib/selinux/targeted/active/modules/100/pkcs/
block 3049644: var/lib/selinux/targeted/active/modules/100/pkcs11proxyd/
block 3049647: var/lib/selinux/targeted/active/modules/100/pki/
block 3049650: var/lib/selinux/targeted/active/modules/100/plymouthd/
block 3049653: var/lib/selinux/targeted/active/modules/100/podsleuth/
block 3049656: var/lib/selinux/targeted/active/modules/100/policykit/
block 3049659: var/lib/selinux/targeted/active/modules/100/polipo/
block 3049662: var/lib/selinux/targeted/active/modules/100/portmap/
block 3049665: var/lib/selinux/targeted/active/modules/100/portreserve/
block 3049668: var/lib/selinux/targeted/active/modules/100/postfix/
block 3049671: var/lib/selinux/targeted/active/modules/100/postgresql/
block 3049674: var/lib/selinux/targeted/active/modules/100/postgrey/
block 3049677: var/lib/selinux/targeted/active/modules/100/ppp/
block 3049680: var/lib/selinux/targeted/active/modules/100/prelink/
block 3049683: var/lib/selinux/targeted/active/modules/100/prelude/
block 3049686: var/lib/selinux/targeted/active/modules/100/privoxy/
block 3049689: var/lib/selinux/targeted/active/modules/100/procmail/
block 3049692: var/lib/selinux/targeted/active/modules/100/prosody/
block 3049695: var/lib/selinux/targeted/active/modules/100/psad/
block 3049698: var/lib/selinux/targeted/active/modules/100/ptchown/
block 3049701: var/lib/selinux/targeted/active/modules/100/publicfile/
block 3049704: var/lib/selinux/targeted/active/modules/100/pulseaudio/
block 3049707: var/lib/selinux/targeted/active/modules/100/puppet/
block 3049710: var/lib/selinux/targeted/active/modules/100/pwauth/
block 3049713: var/lib/selinux/targeted/active/modules/100/qmail/
block 3049716: var/lib/selinux/targeted/active/modules/100/qpid/
block 3049719: var/lib/selinux/targeted/active/modules/100/quantum/
block 3049722: var/lib/selinux/targeted/active/modules/100/quota/
block 3049725: var/lib/selinux/targeted/active/modules/100/rabbitmq/
block 3049728: var/lib/selinux/targeted/active/modules/100/radius/
block 3049731: var/lib/selinux/targeted/active/modules/100/radvd/
block 3049734: var/lib/selinux/targeted/active/modules/100/raid/
block 3049737: var/lib/selinux/targeted/active/modules/100/rasdaemon/
block 3049740: var/lib/selinux/targeted/active/modules/100/rdisc/
block 3049743: var/lib/selinux/targeted/active/modules/100/readahead/
block 3049746: var/lib/selinux/targeted/active/modules/100/realmd/
block 3049749: var/lib/selinux/targeted/active/modules/100/redis/
block 3049752: var/lib/selinux/targeted/active/modules/100/remotelogin/
block 3049755: var/lib/selinux/targeted/active/modules/100/rhcd/
block 3049758: var/lib/selinux/targeted/active/modules/100/rhcs/
block 3049761: var/lib/selinux/targeted/active/modules/100/rhev/
block 3049764: var/lib/selinux/targeted/active/modules/100/rhgb/
block 3049767: var/lib/selinux/targeted/active/modules/100/rhnsd/
block 3049770: var/lib/selinux/targeted/active/modules/100/rhsmcertd/
block 3049773: var/lib/selinux/targeted/active/modules/100/ricci/
block 3049776: var/lib/selinux/targeted/active/modules/100/rkhunter/
block 3049779: var/lib/selinux/targeted/active/modules/100/rkt/
block 3049782: var/lib/selinux/targeted/active/modules/100/rlogin/
block 3049785: var/lib/selinux/targeted/active/modules/100/rngd/
block 3049788: var/lib/selinux/targeted/active/modules/100/rolekit/
block 3049791: var/lib/selinux/targeted/active/modules/100/roundup/
block 3049794: var/lib/selinux/targeted/active/modules/100/rpc/
block 3049797: var/lib/selinux/targeted/active/modules/100/rpcbind/
block 3049800: var/lib/selinux/targeted/active/modules/100/rpm/
block 3049803: var/lib/selinux/targeted/active/modules/100/rrdcached/
block 3049806: var/lib/selinux/targeted/active/modules/100/rshd/
block 3049809: var/lib/selinux/targeted/active/modules/100/rshim/
block 3049812: var/lib/selinux/targeted/active/modules/100/rssh/
block 3049815: var/lib/selinux/targeted/active/modules/100/rsync/
block 3049818: var/lib/selinux/targeted/active/modules/100/rtas/
block 3049821: var/lib/selinux/targeted/active/modules/100/rtkit/
block 3049824: var/lib/selinux/targeted/active/modules/100/rwho/
block 3049827: var/lib/selinux/targeted/active/modules/100/samba/
block 3049830: var/lib/selinux/targeted/active/modules/100/sambagui/
block 3049833: var/lib/selinux/targeted/active/modules/100/sandboxX/
block 3049836: var/lib/selinux/targeted/active/modules/100/sanlock/
block 3049839: var/lib/selinux/targeted/active/modules/100/sasl/
block 3049842: var/lib/selinux/targeted/active/modules/100/sbd/
block 3049845: var/lib/selinux/targeted/active/modules/100/sblim/
block 3049848: var/lib/selinux/targeted/active/modules/100/screen/
block 3049851: var/lib/selinux/targeted/active/modules/100/secadm/
block 3049854: var/lib/selinux/targeted/active/modules/100/sectoolm/
block 3049857: var/lib/selinux/targeted/active/modules/100/selinuxutil/
block 3049860: var/lib/selinux/targeted/active/modules/100/sendmail/
block 3049863: var/lib/selinux/targeted/active/modules/100/sensord/
block 3049866: var/lib/selinux/targeted/active/modules/100/setrans/
block 3049869: var/lib/selinux/targeted/active/modules/100/setroubleshoot/
block 3049872: var/lib/selinux/targeted/active/modules/100/seunshare/
block 3049875: var/lib/selinux/targeted/active/modules/100/sge/
block 3049878: var/lib/selinux/targeted/active/modules/100/shorewall/
block 3049881: var/lib/selinux/targeted/active/modules/100/slocate/
block 3049884: var/lib/selinux/targeted/active/modules/100/slpd/
block 3049887: var/lib/selinux/targeted/active/modules/100/smartmon/
block 3049890: var/lib/selinux/targeted/active/modules/100/smokeping/
block 3049893: var/lib/selinux/targeted/active/modules/100/smoltclient/
block 3049896: var/lib/selinux/targeted/active/modules/100/smsd/
block 3049899: var/lib/selinux/targeted/active/modules/100/snapper/
block 3049902: var/lib/selinux/targeted/active/modules/100/snmp/
block 3049905: var/lib/selinux/targeted/active/modules/100/snort/
block 3049908: var/lib/selinux/targeted/active/modules/100/sosreport/
block 3049911: var/lib/selinux/targeted/active/modules/100/soundserver/
block 3049914: var/lib/selinux/targeted/active/modules/100/spamassassin/
block 3049917: var/lib/selinux/targeted/active/modules/100/speech-dispatcher/
block 3049920: var/lib/selinux/targeted/active/modules/100/squid/
block 3049923: var/lib/selinux/targeted/active/modules/100/ssh/
block 3049926: var/lib/selinux/targeted/active/modules/100/sslh/
block 3049929: var/lib/selinux/targeted/active/modules/100/sssd/
block 3049932: var/lib/selinux/targeted/active/modules/100/staff/
block 3049935: var/lib/selinux/targeted/active/modules/100/stalld/
block 3049938: var/lib/selinux/targeted/active/modules/100/stapserver/
block 3049941: var/lib/selinux/targeted/active/modules/100/stratisd/
block 3049944: var/lib/selinux/targeted/active/modules/100/stunnel/
block 3049947: var/lib/selinux/targeted/active/modules/100/su/
block 3049950: var/lib/selinux/targeted/active/modules/100/sudo/
block 3049953: var/lib/selinux/targeted/active/modules/100/svnserve/
block 3049956: var/lib/selinux/targeted/active/modules/100/swift/
block 3049959: var/lib/selinux/targeted/active/modules/100/sysadm/
block 3049962: var/lib/selinux/targeted/active/modules/100/sysadm_secadm/
block 3049965: var/lib/selinux/targeted/active/modules/100/sysnetwork/
block 3049968: var/lib/selinux/targeted/active/modules/100/sysstat/
block 3049971: var/lib/selinux/targeted/active/modules/100/systemd/
block 3049974: var/lib/selinux/targeted/active/modules/100/tangd/
block 3049977: var/lib/selinux/targeted/active/modules/100/targetd/
block 3049980: var/lib/selinux/targeted/active/modules/100/tcpd/
block 3049983: var/lib/selinux/targeted/active/modules/100/tcsd/
block 3049986: var/lib/selinux/targeted/active/modules/100/telepathy/
block 3049989: var/lib/selinux/targeted/active/modules/100/telnet/
block 3049992: var/lib/selinux/targeted/active/modules/100/tftp/
block 3049995: var/lib/selinux/targeted/active/modules/100/tgtd/
block 3049998: var/lib/selinux/targeted/active/modules/100/thin/
block 3050001: var/lib/selinux/targeted/active/modules/100/thumb/
block 3050004: var/lib/selinux/targeted/active/modules/100/timedatex/
block 3050007: var/lib/selinux/targeted/active/modules/100/tlp/
block 3050010: var/lib/selinux/targeted/active/modules/100/tmpreaper/
block 3050013: var/lib/selinux/targeted/active/modules/100/tomcat/
block 3050016: var/lib/selinux/targeted/active/modules/100/tor/
block 3050019: var/lib/selinux/targeted/active/modules/100/tuned/
block 3050022: var/lib/selinux/targeted/active/modules/100/tvtime/
block 3050025: var/lib/selinux/targeted/active/modules/100/udev/
block 3050028: var/lib/selinux/targeted/active/modules/100/ulogd/
block 3050031: var/lib/selinux/targeted/active/modules/100/uml/
block 3050034: var/lib/selinux/targeted/active/modules/100/unconfined/
block 3050037: var/lib/selinux/targeted/active/modules/100/unconfineduser/
block 3050040: var/lib/selinux/targeted/active/modules/100/unlabelednet/
block 3050043: var/lib/selinux/targeted/active/modules/100/unprivuser/
block 3050046: var/lib/selinux/targeted/active/modules/100/updfstab/
block 3050049: var/lib/selinux/targeted/active/modules/100/usbmodules/
block 3050052: var/lib/selinux/targeted/active/modules/100/usbmuxd/
block 3050055: var/lib/selinux/targeted/active/modules/100/userdomain/
block 3050058: var/lib/selinux/targeted/active/modules/100/userhelper/
block 3050061: var/lib/selinux/targeted/active/modules/100/usermanage/
block 3050064: var/lib/selinux/targeted/active/modules/100/usernetctl/
block 3050067: var/lib/selinux/targeted/active/modules/100/uucp/
block 3050070: var/lib/selinux/targeted/active/modules/100/uuidd/
block 3050073: var/lib/selinux/targeted/active/modules/100/varnishd/
block 3050076: var/lib/selinux/targeted/active/modules/100/vdagent/
block 3050079: var/lib/selinux/targeted/active/modules/100/vhostmd/
block 3050082: var/lib/selinux/targeted/active/modules/100/virt/
block 3050085: var/lib/selinux/targeted/active/modules/100/vlock/
block 3050088: var/lib/selinux/targeted/active/modules/100/vmtools/
block 3050091: var/lib/selinux/targeted/active/modules/100/vmware/
block 3050094: var/lib/selinux/targeted/active/modules/100/vnstatd/
block 3050097: var/lib/selinux/targeted/active/modules/100/vpn/
block 3050100: var/lib/selinux/targeted/active/modules/100/w3c/
block 3050103: var/lib/selinux/targeted/active/modules/100/watchdog/
block 3050106: var/lib/selinux/targeted/active/modules/100/wdmd/
block 3050109: var/lib/selinux/targeted/active/modules/100/webadm/
block 3050112: var/lib/selinux/targeted/active/modules/100/webalizer/
block 3050115: var/lib/selinux/targeted/active/modules/100/wine/
block 3050118: var/lib/selinux/targeted/active/modules/100/wireguard/
block 3050121: var/lib/selinux/targeted/active/modules/100/wireshark/
block 3050124: var/lib/selinux/targeted/active/modules/100/xen/
block 3050127: var/lib/selinux/targeted/active/modules/100/xguest/
block 3050130: var/lib/selinux/targeted/active/modules/100/xserver/
block 3050133: var/lib/selinux/targeted/active/modules/100/zabbix/
block 3050136: var/lib/selinux/targeted/active/modules/100/zarafa/
block 3050139: var/lib/selinux/targeted/active/modules/100/zebra/
block 3050142: var/lib/selinux/targeted/active/modules/100/zoneminder/
block 3050145: var/lib/selinux/targeted/active/modules/100/zosremote/
block 3050148: var/lib/selinux/targeted/active/modules/100/afterburn/
block 3050151: var/lib/selinux/targeted/active/modules/100/boothd/
block 3050154: var/lib/selinux/targeted/active/modules/100/coreos_installer/
block 3050157: var/lib/selinux/targeted/active/modules/100/fdo/
block 3050160: var/lib/selinux/targeted/active/modules/100/nvme_stas/
block 3050163: var/lib/selinux/targeted/active/modules/100/qatlib/
block 3050166: var/lib/selinux/targeted/active/modules/100/sap/
block 3050169: var/lib/selinux/targeted/active/modules/100/bootupd/
block 3050172: var/lib/selinux/targeted/active/modules/100/iiosensorproxy/
block 3050175: var/lib/selinux/targeted/active/modules/100/powerprofiles/
block 3050178: var/lib/selinux/targeted/active/modules/100/switcheroo/
block 3050181: var/lib/selinux/targeted/active/modules/200/
block 3050184: var/lib/selinux/targeted/active/modules/200/container/
block 3050187: var/lib/selinux/targeted/active/modules/200/flatpak/
block 3050190: var/lib/selinux/targeted/active/modules/200/cockpit/
block 3050193: var/lib/selinux/targeted/active/modules/200/systemd-container-coredump/
block 3050196: var/lib/selinux/targeted/active/modules/200/passt/
block 3050199: var/lib/selinux/targeted/active/modules/200/pasta/
block 3050202: var/lib/selinux/targeted/active/modules/200/passt-repair/
block 3050205: var/lib/selinux/targeted/active/modules/200/snappy/
block 3050208: var/lib/selinux/targeted/active/modules/200/zabbix/
block 3050211: var/lib/selinux/targeted/active/modules/disabled/
block 3050214: var/lib/selinux/targeted/active/modules/400/
block 3050217: var/lib/selinux/targeted/active/modules/400/pbis/
block 3050220: var/lib/selinux/final/
block 3050223: var/lib/systemd/
block 3050226: var/lib/systemd/catalog/
block 3050229: var/lib/systemd/coredump/
block 3050232: var/lib/systemd/pstore/
block 3050235: var/lib/systemd/timers/
block 3050238: var/lib/systemd/timers/stamp-logrotate.timer
block 3050241: var/lib/systemd/timers/stamp-mlocate-updatedb.timer
block 3050244: var/lib/systemd/timers/stamp-aidecheck.timer
block 3050247: var/lib/systemd/linger/
block 3050250: var/lib/private/
block 3050253: var/lib/polkit-1/
block 3050256: var/lib/polkit-1/localauthority/
block 3050259: var/lib/polkit-1/localauthority/10-vendor.d/
block 3050262: var/lib/polkit-1/localauthority/20-org.d/
block 3050265: var/lib/polkit-1/localauthority/30-site.d/
block 3050268: var/lib/polkit-1/localauthority/50-local.d/
block 3050271: var/lib/polkit-1/localauthority/90-mandatory.d/
block 3050274: var/lib/AccountsService/
block 3050277: var/lib/AccountsService/icons/
block 3050280: var/lib/AccountsService/users/
block 3050283: var/lib/bluetooth/
block 3050286: var/lib/bluetooth/mesh/
block 3050289: var/lib/logrotate/
block 3050292: var/lib/logrotate/logrotate.status
block 3050297: var/lib/samba/
block 3050300: var/lib/samba/lock/
block 3050303: var/lib/samba/private/
block 3050306: var/lib/samba/private/certs/
block 3050309: var/lib/samba/certs/
block 3050312: var/lib/iscsi/
block 3050315: var/lib/iscsi/ifaces/
block 3050318: var/lib/iscsi/isns/
block 3050321: var/lib/iscsi/nodes/
block 3050324: var/lib/iscsi/send_targets/
block 3050327: var/lib/iscsi/slp/
block 3050330: var/lib/iscsi/static/
block 3050333: var/lib/rsyslog/
block 3050336: var/lib/colord/
block 3050339: var/lib/colord/.cache/
block 3050342: var/lib/authselect/
block 3050345: var/lib/authselect/backups/
block 3050348: var/lib/authselect/backups/2023-11-20-06-08-52.cSEg2m/
block 3050351: var/lib/os-prober/
block 3050354: var/lib/sss/
block 3050357: var/lib/sss/db/
block 3050360: var/lib/sss/deskprofile/
block 3050363: var/lib/sss/gpo_cache/
block 3050366: var/lib/sss/mc/
block 3050369: var/lib/sss/pipes/
block 3050372: var/lib/sss/pipes/private/
block 3050375: var/lib/sss/pubconf/
block 3050378: var/lib/sss/pubconf/krb5.include.d/
block 3050381: var/lib/sss/secrets/
block 3050384: var/lib/sss/keytabs/
block 3050387: var/lib/geoclue/
block 3050390: var/lib/PackageKit/
block 3050393: var/lib/dbus/
block 3050396: var/lib/initramfs/
block 3050399: var/lib/plymouth/
block 3050402: var/lib/kdump/
block 3050405: var/lib/containers/
block 3050408: var/lib/containers/sigstore/
block 3050411: var/lib/containers/storage/
block 3050414: var/lib/containers/storage/tmp/
block 3050417: var/lib/containers/storage/libpod/
block 3050420: var/lib/containers/storage/volumes/
block 3050423: var/lib/containers/storage/overlay/
block 3050426: var/lib/containers/storage/overlay/l/
block 3050429: var/lib/containers/storage/overlay/backingFsBlockDev
block 3050432: var/lib/containers/storage/storage.lock
block 3050436: var/lib/containers/storage/overlay-images/
block 3050439: var/lib/containers/storage/overlay-containers/
block 3050442: var/lib/containers/storage/overlay-layers/
block 3050445: var/lib/fprint/
block 3050448: var/lib/udisks2/
block 3050451: var/lib/fwupd/
block 3050454: var/lib/fwupd/quirks.d/
block 3050457: var/lib/fwupd/metadata/
block 3050460: var/lib/fwupd/remotes.d/
block 3050463: var/lib/fwupd/pki/
block 3050466: var/lib/up2date/
block 3050469: var/lib/flatpak/
block 3050472: var/lib/flatpak/repo/
block 3050475: var/lib/flatpak/repo/tmp/
block 3050478: var/lib/flatpak/repo/tmp/cache/
block 3050481: var/lib/flatpak/repo/extensions/
block 3050484: var/lib/flatpak/repo/state/
block 3050487: var/lib/flatpak/repo/refs/
block 3050490: var/lib/flatpak/repo/refs/heads/
block 3050493: var/lib/flatpak/repo/refs/mirrors/
block 3050496: var/lib/flatpak/repo/refs/remotes/
block 3050499: var/lib/flatpak/repo/objects/
block 3050502: var/lib/gdm/
block 3050505: var/lib/gdm/.config/
block 3050508: var/lib/gdm/.config/pulse/
block 3050511: var/lib/gdm/.config/gnome-session/
block 3050514: var/lib/gdm/.config/gnome-session/saved-session/
block 3050517: var/lib/gdm/.config/ibus/
block 3050520: var/lib/gdm/.config/ibus/bus/
block 3050523: var/lib/gdm/.config/dconf/
block 3050526: var/lib/gdm/.cache/
block 3050529: var/lib/gdm/.cache/mesa_shader_cache/
block 3050532: var/lib/gdm/.cache/mesa_shader_cache/c9/
block 3050535: var/lib/gdm/.cache/mesa_shader_cache/17/
block 3050538: var/lib/gdm/.cache/mesa_shader_cache/5e/
block 3050541: var/lib/gdm/.cache/mesa_shader_cache/08/
block 3050544: var/lib/gdm/.cache/mesa_shader_cache/95/
block 3050547: var/lib/gdm/.cache/mesa_shader_cache/12/
block 3050550: var/lib/gdm/.cache/mesa_shader_cache/34/
block 3050553: var/lib/gdm/.cache/mesa_shader_cache/6e/
block 3050556: var/lib/gdm/.cache/mesa_shader_cache/e0/
block 3050559: var/lib/gdm/.cache/mesa_shader_cache/61/
block 3050562: var/lib/gdm/.cache/mesa_shader_cache/a5/
block 3050565: var/lib/gdm/.cache/mesa_shader_cache/f8/
block 3050568: var/lib/gdm/.cache/mesa_shader_cache/0b/
block 3050571: var/lib/gdm/.cache/mesa_shader_cache/9b/
block 3050574: var/lib/gdm/.cache/mesa_shader_cache/19/
block 3050577: var/lib/gdm/.cache/mesa_shader_cache/48/
block 3050580: var/lib/gdm/.cache/mesa_shader_cache/d5/
block 3050583: var/lib/gdm/.cache/mesa_shader_cache/d8/
block 3050586: var/lib/gdm/.cache/mesa_shader_cache/54/
block 3050589: var/lib/gdm/.cache/mesa_shader_cache/50/
block 3050592: var/lib/gdm/.cache/mesa_shader_cache/df/
block 3050595: var/lib/gdm/.cache/mesa_shader_cache/51/
block 3050598: var/lib/gdm/.cache/mesa_shader_cache/d6/
block 3050601: var/lib/gdm/.cache/mesa_shader_cache/0c/
block 3050604: var/lib/gdm/.cache/mesa_shader_cache/b1/
block 3050607: var/lib/gdm/.cache/mesa_shader_cache/06/
block 3050610: var/lib/gdm/.cache/mesa_shader_cache/a7/
block 3050613: var/lib/gdm/.cache/mesa_shader_cache/c2/
block 3050616: var/lib/gdm/.cache/mesa_shader_cache/c1/
block 3050619: var/lib/gdm/.cache/mesa_shader_cache/81/
block 3050622: var/lib/gdm/.cache/mesa_shader_cache/77/
block 3050625: var/lib/gdm/.cache/mesa_shader_cache/2c/
block 3050628: var/lib/gdm/.cache/mesa_shader_cache/92/
block 3050631: var/lib/gdm/.cache/mesa_shader_cache/db/
block 3050634: var/lib/gdm/.cache/mesa_shader_cache/65/
block 3050637: var/lib/gdm/.cache/mesa_shader_cache/42/
block 3050640: var/lib/gdm/.cache/mesa_shader_cache/ba/
block 3050643: var/lib/gdm/.cache/mesa_shader_cache/1f/
block 3050646: var/lib/gdm/.cache/mesa_shader_cache/4a/
block 3050649: var/lib/gdm/.cache/mesa_shader_cache/a4/
block 3050652: var/lib/gdm/.cache/mesa_shader_cache/91/
block 3050655: var/lib/gdm/.cache/mesa_shader_cache/7a/
block 3050658: var/lib/gdm/.cache/mesa_shader_cache/f2/
block 3050661: var/lib/gdm/.cache/mesa_shader_cache/ac/
block 3050664: var/lib/gdm/.cache/mesa_shader_cache/1d/
block 3050667: var/lib/gdm/.cache/mesa_shader_cache/3c/
block 3050670: var/lib/gdm/.cache/mesa_shader_cache/d1/
block 3050673: var/lib/gdm/.cache/mesa_shader_cache/47/
block 3050676: var/lib/gdm/.cache/mesa_shader_cache/b9/
block 3050679: var/lib/gdm/.cache/mesa_shader_cache/6d/
block 3050682: var/lib/gdm/.cache/mesa_shader_cache/d4/
block 3050685: var/lib/gdm/.cache/mesa_shader_cache/eb/
block 3050688: var/lib/gdm/.cache/mesa_shader_cache/fd/
block 3050691: var/lib/gdm/.cache/mesa_shader_cache/09/
block 3050694: var/lib/gdm/.cache/mesa_shader_cache/f5/
block 3050697: var/lib/gdm/.cache/mesa_shader_cache/00/
block 3050700: var/lib/gdm/.cache/mesa_shader_cache/aa/
block 3050703: var/lib/gdm/.cache/mesa_shader_cache/10/
block 3050706: var/lib/gdm/.cache/mesa_shader_cache/a8/
block 3050709: var/lib/gdm/.cache/mesa_shader_cache/99/
block 3050712: var/lib/gdm/.cache/mesa_shader_cache/78/
block 3050715: var/lib/gdm/.cache/mesa_shader_cache/43/
block 3050718: var/lib/gdm/.cache/mesa_shader_cache/a3/
block 3050721: var/lib/gdm/.cache/mesa_shader_cache/1b/
block 3050724: var/lib/gdm/.cache/mesa_shader_cache/16/
block 3050727: var/lib/gdm/.cache/mesa_shader_cache/e1/
block 3050730: var/lib/gdm/.cache/mesa_shader_cache/32/
block 3050733: var/lib/gdm/.cache/mesa_shader_cache/0d/
block 3050736: var/lib/gdm/.cache/mesa_shader_cache/4c/
block 3050739: var/lib/gdm/.cache/mesa_shader_cache/73/
block 3050742: var/lib/gdm/.cache/mesa_shader_cache/b3/
block 3050745: var/lib/gdm/.cache/mesa_shader_cache/25/
block 3050748: var/lib/gdm/.cache/mesa_shader_cache/e4/
block 3050751: var/lib/gdm/.cache/mesa_shader_cache/44/
block 3050754: var/lib/gdm/.cache/mesa_shader_cache/01/
block 3050757: var/lib/gdm/.cache/mesa_shader_cache/e2/
block 3050760: var/lib/gdm/.cache/mesa_shader_cache/e8/
block 3050763: var/lib/gdm/.cache/mesa_shader_cache/66/
block 3050766: var/lib/gdm/.cache/ibus/
block 3050769: var/lib/gdm/.cache/gstreamer-1.0/
block 3050772: var/lib/gdm/.local/
block 3050775: var/lib/gdm/.local/share/
block 3050778: var/lib/gdm/.local/share/gnome-shell/
block 3050781: var/lib/gdm/.local/share/flatpak/
block 3050784: var/lib/gdm/.local/share/flatpak/db/
block 3050787: var/lib/gdm/.local/share/sounds/
block 3050790: var/lib/gdm/.local/share/applications/
block 3050793: var/lib/gdm/.local/share/pki/
block 3050796: var/lib/gdm/.local/share/pki/nssdb/
block 3050799: var/lib/gdm/.local/share/icc/
block 3050802: var/lib/gdm/.local/state/
block 3050805: var/lib/gdm/.local/state/wireplumber/
block 3050808: var/lib/rasdaemon/
block 3050811: var/lib/tuned/
block 3050814: var/lib/xfsdump/
block 3050817: var/lib/xfsdump/inventory/
block 3050820: var/lib/chrony/
block 3050823: var/lib/chrony/drift
block 3050827: var/lib/mlocate/
block 3050830: var/lib/mlocate/mlocate.db
block 3056706: var/lib/smartmontools/
block 3056709: var/lib/tpm2-tss/
block 3056712: var/lib/tpm2-tss/system/
block 3056715: var/lib/tpm2-tss/system/keystore/
block 3056718: var/lib/cni/
block 3056721: var/lib/cni/networks/
block 3056724: var/lib/upower/
block 3056727: var/lib/vmware/
block 3056730: var/lib/vmware/VGAuth/
block 3056733: var/lib/vmware/VGAuth/aliasStore/
block 3056736: var/lib/aide/
block 3056739: var/lib/lldpad/
block 3056742: var/lib/net-snmp/
block 3056745: var/lib/net-snmp/cert_indexes/
block 3056748: var/lib/net-snmp/mib_indexes/
block 3056751: var/lib/net-snmp/snmpd.conf
block 3056757: var/lib/pbis/
block 3056760: var/lib/pbis/rpc/
block 3056763: var/lib/pbis/db/
block 3056766: var/lib/pbis/db/registry.db
block 3057047: var/lib/pbis/db/lwi_events.db
block 3076242: var/lib/pbis/db/lsass-adcache.filedb.GLOBAL.EQUINIX.COM
block 3076930: var/lib/pbis/syslog-reaper/
block 3076933: var/lib/pbis/pbis-upgrade/
block 3076936: var/lib/pbis/uninstall/
block 3076939: var/lib/pbis/krb5-affinity.conf
block 3076943: var/lib/pbis/grouppolicy/
block 3076946: var/lib/pbis/grouppolicy/systemfiles/
block 3076949: var/lib/pbis/grouppolicy/{AE667A33-8194-44C8-8EA6-EBED14A9B5E5}/
block 3076952: var/lib/pbis/grouppolicy/{AE667A33-8194-44C8-8EA6-EBED14A9B5E5}/{E04493F3-5BE9-4e47-8B5B-9FC52FA2485D}/
block 3076955: var/lib/pbis/grouppolicy/{AE667A33-8194-44C8-8EA6-EBED14A9B5E5}/{0EED766B-2404-46A6-A6B6-F8971164A920}/
block 3076958: var/lib/pbis/grouppolicy/{AE667A33-8194-44C8-8EA6-EBED14A9B5E5}/{0EED766B-2404-46A6-A6B6-F8971164A920}/lwisettings.xml
block 3076963: var/lib/pbis/grouppolicy/{AE667A33-8194-44C8-8EA6-EBED14A9B5E5}/{242B5A06-7ED3-4e21-8D66-119F21570412}/
block 3076966: var/lib/pbis/grouppolicy/{AE667A33-8194-44C8-8EA6-EBED14A9B5E5}/{242B5A06-7ED3-4e21-8D66-119F21570412}/lwisettings.xml
block 3076970: var/lib/pbis/grouppolicy/krb5cc_gpagentd
block 3076985: var/lib/pbis/krb5cc_lsass.GLOBAL.EQUINIX.COM
block 3077003: var/lib/pbis/krb5cc_efd
block 3077010: var/lib/httpd/
block 3077013: var/lib/rpcbind/
block 3077016: var/lib/gssproxy/
block 3077019: var/lib/gssproxy/clients/
block 3077022: var/lib/gssproxy/clients/krb5cc_0
block 3077029: var/lib/gssproxy/rcache/
block 3077032: var/lib/nfs/
block 3077035: var/lib/nfs/rpc_pipefs/
block 3077038: var/lib/nfs/statd/
tar: acl_set_file_at: Cannot set POSIX ACLs for file 'var/lib/nfs/rpc_pipefs': Operation not supported
tar: acl_delete_def_file_at: Cannot drop default POSIX ACLs for file 'var/lib/nfs/rpc_pipefs': Operation not supported
block 3077041: var/lib/nfs/statd/sm/
block 3077044: var/lib/nfs/statd/sm.bak/
block 3077047: var/lib/nfs/v4recovery/
block 3077050: var/lib/rpm/
block 3077053: var/lib/rpm/rpmdb.sqlite-wal
block 3077056: var/lib/rpm/rpmdb.sqlite-shm
block 3077123: var/lib/snapd/
block 3077126: var/lib/snapd/void/
block 3077129: var/lib/snapd/assertions/
block 3077132: var/lib/snapd/assertions/asserts-v0/
block 3077135: var/lib/snapd/assertions/asserts-v0/model/
block 3077138: var/lib/snapd/assertions/asserts-v0/model/16/
block 3077141: var/lib/snapd/assertions/asserts-v0/model/16/generic/
block 3077144: var/lib/snapd/assertions/asserts-v0/model/16/generic/generic-classic/
block 3077147: var/lib/snapd/assertions/asserts-v0/account-key/
block 3077150: var/lib/snapd/assertions/asserts-v0/account-key/wrfougkz3Huq2T_KklfnufCC0HzG7bJ9wP99GV0FF-D3QH3eJtuSRlQc2JhrAoh1/
block 3077153: var/lib/snapd/assertions/asserts-v0/account-key/BWDEoaqyr25nF5SNCvEv2v7QnM9QsfCc0PBMYD_i2NGSQ32EF2d4D0hqUel3m8ul/
block 3077156: var/lib/snapd/assertions/asserts-v0/serial/
block 3077159: var/lib/snapd/assertions/asserts-v0/serial/generic/
block 3077162: var/lib/snapd/assertions/asserts-v0/serial/generic/generic-classic/
block 3077165: var/lib/snapd/assertions/asserts-v0/serial/generic/generic-classic/1bfe3f56-b8ce-4535-8079-91f814404b37/
block 3077168: var/lib/snapd/assertions/asserts-v0/snap-declaration/
block 3077171: var/lib/snapd/assertions/asserts-v0/snap-declaration/16/
block 3077174: var/lib/snapd/assertions/asserts-v0/snap-declaration/16/PMrrV4ml8uWuEUDBT8dSGnKUYbevVhc4/
block 3077177: var/lib/snapd/assertions/asserts-v0/snap-declaration/16/amcUKQILKXHHTlmSa7NMdnXSx02dNeeT/
block 3077180: var/lib/snapd/assertions/asserts-v0/snap-declaration/16/OowK8pZQ6RnbmICPoHWtLr0S6tImkCFY/
block 3077183: var/lib/snapd/assertions/asserts-v0/snap-revision/
block 3077186: var/lib/snapd/assertions/asserts-v0/snap-revision/ETmKSbnjbvnaN3sf3znW7mj2Ynl4yZFyXhdi6sOALpLstVVISWBkOsm-tjrVL6H7/
block 3077189: var/lib/snapd/assertions/asserts-v0/snap-revision/YTR_t6NU7885KXiJt8mlnmr033F50UEpwmZS2Jxv957xkxN2E1kkRU5O--32SGmM/
block 3077192: var/lib/snapd/assertions/asserts-v0/snap-revision/MlcHpEIeeM-rsK9gruNenepKzYJANkYt22v7eicnI90acbWgeSAcK22He7IQEXL8/
block 3077195: var/lib/snapd/assertions/asserts-v0/account/
block 3077198: var/lib/snapd/assertions/asserts-v0/account/DbgWP2gLdbVLZtWtjnQFZpnu8BGnqfob/
block 3077201: var/lib/snapd/assertions/private-keys-v1/
block 3077204: var/lib/snapd/cgroup/
block 3077207: var/lib/snapd/cookie/
block 3077210: var/lib/snapd/dbus-1/
block 3077213: var/lib/snapd/dbus-1/services/
block 3077216: var/lib/snapd/dbus-1/system-services/
block 3077219: var/lib/snapd/desktop/
block 3077222: var/lib/snapd/desktop/applications/
block 3077225: var/lib/snapd/desktop/icons/
block 3077228: var/lib/snapd/desktop/bash-completion/
block 3077231: var/lib/snapd/desktop/bash-completion/completions/
block 3077234: var/lib/snapd/device/
block 3077237: var/lib/snapd/device/private-keys-v1/
block 3077240: var/lib/snapd/hostfs/
block 3077243: var/lib/snapd/inhibit/
block 3077246: var/lib/snapd/lib/
block 3077249: var/lib/snapd/lib/gl/
block 3077252: var/lib/snapd/lib/gl32/
block 3077255: var/lib/snapd/lib/glvnd/
block 3077258: var/lib/snapd/lib/vulkan/
block 3077261: var/lib/snapd/mount/
block 3077264: var/lib/snapd/seccomp/
block 3077267: var/lib/snapd/seccomp/bpf/
block 3077270: var/lib/snapd/snap/
block 3077273: var/lib/snapd/snap/snapd/
block 3077276: var/lib/snapd/snap/snapd/25202/
block 3077279: var/lib/snapd/snap/core22/
tar: var/lib/snapd/snap/snapd/25202: Cannot utime: Read-only file system
tar: var/lib/snapd/snap/snapd/25202: Cannot change ownership to uid 0, gid 0: Read-only file system
tar: acl_set_file_at: Cannot set POSIX ACLs for file 'var/lib/snapd/snap/snapd/25202': Read-only file system
tar: acl_delete_def_file_at: Cannot drop default POSIX ACLs for file 'var/lib/snapd/snap/snapd/25202': Read-only file system
block 3077282: var/lib/snapd/snap/core22/2133/
block 3077285: var/lib/snapd/snap/bin/
tar: var/lib/snapd/snap/core22/2133: Cannot utime: Read-only file system
tar: var/lib/snapd/snap/core22/2133: Cannot change ownership to uid 0, gid 0: Read-only file system
tar: acl_set_file_at: Cannot set POSIX ACLs for file 'var/lib/snapd/snap/core22/2133': Read-only file system
tar: acl_delete_def_file_at: Cannot drop default POSIX ACLs for file 'var/lib/snapd/snap/core22/2133': Read-only file system
block 3077288: var/lib/snapd/snap/tesseract/
block 3077291: var/lib/snapd/snap/tesseract/2507/
block 3077294: var/lib/snapd/snaps/
tar: var/lib/snapd/snap/tesseract/2507: Cannot utime: Read-only file system
tar: var/lib/snapd/snap/tesseract/2507: Cannot change ownership to uid 0, gid 0: Read-only file system
tar: acl_set_file_at: Cannot set POSIX ACLs for file 'var/lib/snapd/snap/tesseract/2507': Read-only file system
tar: acl_delete_def_file_at: Cannot drop default POSIX ACLs for file 'var/lib/snapd/snap/tesseract/2507': Read-only file system
block 3077297: var/lib/snapd/features/
block 3077300: var/lib/snapd/cache/
block 3077303: var/lib/snapd/sequence/
block 3077306: var/lib/zabbix/
block 3077309: var/lib/pcp/
block 3077312: var/lib/pcp/config/
block 3077315: var/lib/pcp/config/derived/
block 3077318: var/lib/brutils/
block 3077321: var/lib/brutils/recovery/
block 3077324: var/lib/brutils/recovery/bootdisk
block 3077328: var/lib/brutils/recovery/directories_permissions_owner_group
block 3077334: var/lib/brutils/recovery/diskbyid_mappings
block 3077338: var/lib/brutils/recovery/mountpoint_device
block 3077342: var/lib/brutils/recovery/bootloader
block 3077346: var/lib/brutils/layout/
block 3077349: var/lib/brutils/layout/config/
block 3077352: var/lib/brutils/layout/config/df.txt
block 3077357: var/lib/brutils/layout/config/files.md5sum
block 3077363: var/lib/brutils/layout/xfs/
block 3077366: var/lib/brutils/layout/xfs/ol-root.xfs
block 3077371: var/lib/brutils/layout/xfs/ol-var.xfs
block 3077376: var/lib/brutils/layout/xfs/sda2.xfs
block 3077381: var/lib/brutils/layout/xfs/sdc1.xfs
block 3077386: var/lib/brutils/layout/diskdeps.conf
block 3077391: var/lib/brutils/layout/disktodo.conf
block 3077395: var/lib/brutils/layout/lvm/
block 3077398: var/lib/brutils/layout/lvm/ol.cfg
block 3077407: var/log/
block 3077410: var/log/private/
block 3077413: var/log/secure-20260215
block 3077416: var/log/lastlog
block 3077587: var/log/samba/
block 3077590: var/log/samba/old/
block 3077593: var/log/cron-20260201
block 3077596: var/log/maillog-20260201
block 3077599: var/log/audit/
block 3077602: var/log/sssd/
block 3077605: var/log/maillog-20260222
block 3077608: var/log/cups/
block 3077611: var/log/tuned/
block 3077614: var/log/tuned/tuned.log
block 3077759: var/log/chrony/
block 3077762: var/log/anaconda/
block 3077765: var/log/vmware-vmsvc-root.log
block 3078227: var/log/AMPAgentWatchDog/
block 3078230: var/log/AMPAgentWatchDog/AMPAgentWatchDogService.log
block 3078234: var/log/AMPAgentWatchDog/AMPAgentWatchDog.4.log
block 3098724: var/log/AMPAgentWatchDog/AMPAgentWatchDog.3.log
block 3119443: var/log/AMPAgentWatchDog/AMPAgentWatchDog.2.log
block 3140047: var/log/AMPAgentWatchDog/AMPAgentWatchDog.1.log
block 3160634: var/log/AMPAgentWatchDog/AMPAgentWatchDog.log
block 3181159: var/log/spooler-20260215
block 3181162: var/log/maillog
block 3181165: var/log/dnf.rpm.log
block 3183086: var/log/dnf.librepo.log.3
block 3185137: var/log/secure-20260208
block 3185140: var/log/dnf.log
block 3186261: var/log/up2date-20260222
block 3186301: var/log/AMPAgent/
block 3186304: var/log/AMPAgent/AMPAgent.4.log
block 3207225: var/log/AMPAgent/AMPAgent.3.log
block 3227825: var/log/AMPAgent/AMPAgent.2.log
block 3248411: var/log/AMPAgent/AMPAgent.1.log
block 3269261: var/log/AMPAgent/AMPAgent.log
block 3287006: var/log/zabbix/
block 3287009: var/log/messages-20260222
block 3287012: var/log/falcon-sensor.log-20260223
block 3287015: var/log/service_recovery.log
block 3385257: var/log/messages-20260201
block 3385260: var/log/maillog-20260208
block 3385263: var/log/wtmp
block 3385794: var/log/messages
block 3385797: var/log/secure-20260222
block 3385800: var/log/btmp-20260201
block 3385807: var/log/spooler-20260222
block 3385810: var/log/hawkey.log-20260208
block 3385819: var/log/secure-20260201
block 3385822: var/log/messages-20260208
block 3385825: var/log/secure
block 3385828: var/log/httpd/
block 3385831: var/log/httpd/error_log-20260222
block 3385846: var/log/httpd/access_log-20260201
block 3387167: var/log/httpd/error_log-20260201
block 3387185: var/log/httpd/access_log-20260208
block 3388310: var/log/httpd/error_log-20260208
block 3388325: var/log/httpd/access_log-20260215
block 3389415: var/log/httpd/error_log-20260215
block 3389431: var/log/httpd/access_log-20260222
block 3390764: var/log/httpd/access_log
block 3391042: var/log/httpd/error_log
block 3391046: var/log/hawkey.log
block 3391051: var/log/falcon-sensor.log-20260222
block 3391054: var/log/hawkey.log-20260215
block 3391063: var/log/cron
block 3391066: var/log/spooler-20260201
block 3391069: var/log/sa/
block 3391072: var/log/sa/sa30
block 3391652: var/log/sa/sar30
block 3392522: var/log/sa/sar27
block 3393392: var/log/sa/sar29
block 3394262: var/log/sa/sa31
block 3394842: var/log/sa/sa01
block 3395422: var/log/sa/sar31
block 3396292: var/log/sa/sa02
block 3396872: var/log/sa/sar01
block 3397742: var/log/sa/sa03
block 3398322: var/log/sa/sar02
block 3399192: var/log/sa/sa04
block 3399772: var/log/sa/sar03
block 3400642: var/log/sa/sa05
block 3401222: var/log/sa/sar04
block 3402092: var/log/sa/sa06
block 3402672: var/log/sa/sar05
block 3403542: var/log/sa/sa07
block 3404122: var/log/sa/sar06
block 3404992: var/log/sa/sa08
block 3405572: var/log/sa/sar07
block 3406442: var/log/sa/sa09
block 3407022: var/log/sa/sar08
block 3407892: var/log/sa/sa10
block 3408472: var/log/sa/sar09
block 3409342: var/log/sa/sa11
block 3409922: var/log/sa/sar10
block 3410792: var/log/sa/sa12
block 3411372: var/log/sa/sar11
block 3412242: var/log/sa/sa13
block 3412822: var/log/sa/sar12
block 3413692: var/log/sa/sa14
block 3414272: var/log/sa/sar13
block 3415142: var/log/sa/sa15
block 3415722: var/log/sa/sar14
block 3416592: var/log/sa/sa16
block 3417172: var/log/sa/sar15
block 3418042: var/log/sa/sa17
block 3418622: var/log/sa/sar16
block 3419492: var/log/sa/sa18
block 3420072: var/log/sa/sar17
block 3420942: var/log/sa/sa19
block 3421522: var/log/sa/sar18
block 3422392: var/log/sa/sa20
block 3422972: var/log/sa/sar19
block 3423842: var/log/sa/sa21
block 3424422: var/log/sa/sar20
block 3425292: var/log/sa/sa22
block 3425872: var/log/sa/sar21
block 3426742: var/log/sa/sa23
block 3427322: var/log/sa/sar22
block 3428192: var/log/sa/sa24
block 3428281: var/log/sa/sar23
block 3429151: var/log/sa/sa26
block 3429731: var/log/sa/sa27
block 3430311: var/log/sa/sar26
block 3431181: var/log/sa/sa28
block 3431761: var/log/sa/sa29
block 3432341: var/log/sa/sar28
block 3433211: var/log/cron-20260222
block 3433214: var/log/cron-20260215
block 3433217: var/log/spooler
block 3433220: var/log/up2date-20260201
block 3433261: var/log/dnf.librepo.log.4
block 3435312: var/log/maillog-20260215
block 3435315: var/log/aide/
block 3435318: var/log/aide/aide.log
block 3467788: var/log/hawkey.log-20260222
block 3467797: var/log/wtmp-20260214
block 3469893: var/log/spooler-20260208
block 3469896: var/log/falcon-libbpf.log
block 3475416: var/log/dnf.log.3
block 3477467: var/log/dnf.log.2
block 3479518: var/log/hawkey.log-20260201
block 3479527: var/log/falcon-sensor.log-20260219
block 3479530: var/log/btmp
block 3479536: var/log/dnf.librepo.log.2
block 3481587: var/log/dnf.log.4
block 3483638: var/log/dnf.log.1
block 3485689: var/log/dnf.librepo.log
block 3487130: var/log/up2date
block 3487145: var/log/falcon-sensor.log
block 3487148: var/log/cron-20260208
block 3487151: var/log/dnf.librepo.log.1
block 3489202: var/log/messages-20260215
block 3489205: var/log/falcon-sensor.log-20260218
block 3489208: var/log/falcon-sensor.log-20260220
block 3489211: var/log/up2date-20260208
block 3489251: var/log/brutils/
block 3489254: var/log/brutils/brutils-sv2lxsraapua101.2390141.log
block 3489291: var/log/up2date-20260215
block 3489329: var/log/falcon-sensor.log-20260221
block 3489332: var/log/falcon-sensor.log-20260224
block 3489335: var/cache/
block 3489338: var/adm/
block 3489341: var/db/
block 3489344: var/db/sudo/
block 3489347: var/db/sudo/lectured/
block 3489350: var/empty/
block 3489353: var/ftp/
block 3489356: var/games/
block 3489359: var/local/
block 3489362: var/nis/
block 3489365: var/opt/
block 3489368: var/opt/BESClient/
block 3489371: var/opt/BESClient/__BESData/
block 3489374: var/opt/BESClient/__BESData/__Global/
block 3489377: var/opt/BESClient/__BESData/__Global/Logs/
block 3489380: var/opt/BESClient/__BESData/__Global/Logs/20260218.log
block 3489561: var/opt/BESClient/__BESData/__Global/Logs/20260219.log
block 3489722: var/opt/BESClient/__BESData/__Global/Logs/20260220.log
block 3489791: var/opt/BESClient/__BESData/__Global/Logs/20260221.log
block 3489847: var/opt/BESClient/__BESData/__Global/Logs/20260222.log
block 3489907: var/opt/BESClient/__BESData/__Global/Logs/20260223.log
block 3490001: var/opt/BESClient/__BESData/__Global/Logs/20260224.log
block 3490050: var/opt/BESClient/__BESData/__Global/Logs/20260214.log
block 3490127: var/opt/BESClient/__BESData/__Global/Logs/20260215.log
block 3490185: var/opt/BESClient/__BESData/__Global/Logs/20260216.log
block 3490237: var/opt/BESClient/__BESData/__Global/Logs/20260217.log
block 3490371: var/opt/BESClient/__BESData/__Global/RelayChain/
block 3490374: var/opt/BESClient/__BESData/__Global/RelayChain/20260224.txt
block 3490378: var/opt/BESClient/__BESData/__Global/RelayChain/20260214.txt
block 3490383: var/opt/BESClient/__BESData/__Global/RelayChain/20260215.txt
block 3490388: var/opt/BESClient/__BESData/__Global/RelayChain/20260216.txt
block 3490393: var/opt/BESClient/__BESData/__Global/RelayChain/20260217.txt
block 3490398: var/opt/BESClient/__BESData/__Global/RelayChain/20260218.txt
block 3490403: var/opt/BESClient/__BESData/__Global/RelayChain/20260219.txt
block 3490408: var/opt/BESClient/__BESData/__Global/RelayChain/20260220.txt
block 3490413: var/opt/BESClient/__BESData/__Global/RelayChain/20260221.txt
block 3490418: var/opt/BESClient/__BESData/__Global/RelayChain/20260222.txt
block 3490423: var/opt/BESClient/__BESData/__Global/RelayChain/20260223.txt
block 3490428: var/opt/BESClient/__BESData/__Global/__Download/
block 3490431: var/opt/BESClient/__BESData/__Global/__Download/BES Support/
block 3490434: var/opt/BESClient/__BESData/__Global/__Cache/
block 3490437: var/opt/BESClient/__BESData/__Global/__Cache/Utilities/
block 3490440: var/opt/BESClient/__BESData/__Global/__Cache/Downloads/
block 3490443: var/opt/BESClient/__BESData/__Global/Archive/
block 3490446: var/opt/BESClient/__BESData/__Global/Archive/Last/
block 3490449: var/opt/BESClient/__BESData/__Global/Archive/Last/Index.txt
block 3490458: var/opt/BESClient/__BESData/__Global/Archive/Next/
block 3490461: var/opt/BESClient/__BESData/__Global/ActionHistory.db
block 3492616: var/opt/BESClient/__BESData/__Global/UserSettings.db
block 3492643: var/opt/BESClient/__BESData/__Global/libbfrpmdb.so
block 3492646: var/opt/BESClient/__BESData/__Global/__revocations
block 3492757: var/opt/BESClient/__BESData/__Global/__results
block 3492780: var/opt/BESClient/__BESData/__Global/__EMSerialization
block 3492784: var/opt/BESClient/__BESData/__Global/Upload/
block 3492787: var/opt/BESClient/__BESData/__Global/Upload/sha256/
block 3492790: var/opt/BESClient/__BESData/__Global/__PeerCache/
block 3492793: var/opt/BESClient/__BESData/__Global/libbfrpm.so
block 3492796: var/opt/BESClient/__BESData/__Global/libbfrpmio.so
block 3492799: var/opt/BESClient/__BESData/__Global/info.dmi
block 3492826: var/opt/BESClient/__BESData/__Global/ReportSequenceData
block 3492831: var/opt/BESClient/__BESData/__Global/__PropertyList
block 3492840: var/opt/BESClient/__BESData/SiteData.db
block 3503091: var/opt/BESClient/__BESData/opsite128/
block 3503094: var/opt/BESClient/__BESData/opsite128/__Local/
block 3503097: var/opt/BESClient/__BESData/opsite128/__Local/Get/
block 3503100: var/opt/BESClient/__BESData/opsite128/__Local/Tmp/
block 3503103: var/opt/BESClient/__BESData/opsite128/__Download/
block 3503106: var/opt/BESClient/__BESData/SiteData.db-shm
block 3503173: var/opt/BESClient/__BESData/CustomSite_UNIX_Team/
block 3503176: var/opt/BESClient/__BESData/CustomSite_UNIX_Team/__Local/
block 3503179: var/opt/BESClient/__BESData/CustomSite_UNIX_Team/__Local/Get/
block 3503182: var/opt/BESClient/__BESData/CustomSite_UNIX_Team/__Local/Tmp/
block 3503185: var/opt/BESClient/__BESData/CustomSite_UNIX_Team/__Local/__PropertyList_478452
block 3503189: var/opt/BESClient/__BESData/CustomSite_UNIX_Team/__Local/__PropertyList_536255
block 3503193: var/opt/BESClient/__BESData/CustomSite_UNIX_Team/__Local/__PropertyList_749062
block 3503197: var/opt/BESClient/__BESData/CustomSite_UNIX_Team/__Local/__PropertyList_1045132
block 3503201: var/opt/BESClient/__BESData/CustomSite_UNIX_Team/__Local/__PropertyList_1047993
block 3503205: var/opt/BESClient/__BESData/CustomSite_UNIX_Team/__Local/__PropertyList_1408043
block 3503209: var/opt/BESClient/__BESData/CustomSite_UNIX_Team/__Local/__PropertyList_544779
block 3503213: var/opt/BESClient/__BESData/CustomSite_UNIX_Team/__Local/__PropertyList_1004429
block 3503217: var/opt/BESClient/__BESData/CustomSite_UNIX_Team/__Local/__PropertyList_1047977
block 3503221: var/opt/BESClient/__BESData/CustomSite_UNIX_Team/__Local/__PropertyList_1057394
block 3503225: var/opt/BESClient/__BESData/CustomSite_UNIX_Team/__Local/__PropertyList_467231
block 3503229: var/opt/BESClient/__BESData/CustomSite_UNIX_Team/__Local/__PropertyList_545273
block 3503233: var/opt/BESClient/__BESData/CustomSite_UNIX_Team/__Local/__PropertyList_542014
block 3503237: var/opt/BESClient/__BESData/CustomSite_UNIX_Team/__Local/__PropertyList_1501952
block 3503241: var/opt/BESClient/__BESData/CustomSite_UNIX_Team/__Local/FileList
block 3503295: var/opt/BESClient/__BESData/CustomSite_UNIX_Team/__Local/__results_1501952
block 3503299: var/opt/BESClient/__BESData/CustomSite_UNIX_Team/__Local/__PropertyList_495173
block 3503303: var/opt/BESClient/__BESData/CustomSite_UNIX_Team/__Local/__PropertyList_1004431
block 3503307: var/opt/BESClient/__BESData/CustomSite_UNIX_Team/Fixlet 1322856.fxf
block 3503312: var/opt/BESClient/__BESData/CustomSite_UNIX_Team/ffa10dfe3bf582fff9a6facdc2ff4e8d13e351db_crt.dat
block 3503373: var/opt/BESClient/__BESData/CustomSite_UNIX_Team/Fixlet 1501951.fxf
block 3503378: var/opt/BESClient/__BESData/CustomSite_UNIX_Team/Fixlet 1408043.fxf
block 3503384: var/opt/BESClient/__BESData/CustomSite_UNIX_Team/c2a5adfc35d863c657b17631e4300c940e0468e9_crt.dat
block 3503445: var/opt/BESClient/__BESData/CustomSite_UNIX_Team/CertStore.dat
block 3503669: var/opt/BESClient/__BESData/CustomSite_UNIX_Team/Fixlet 1501952.fxf
block 3503675: var/opt/BESClient/__BESData/CustomSite_UNIX_Team/__Download/
block 3503678: var/opt/BESClient/__BESData/CustomSite_UNIX_Team/Fixlet 1509605.fxf
block 3511046: var/opt/BESClient/__BESData/BES Support/
block 3511049: var/opt/BESClient/__BESData/BES Support/__Local/
block 3511052: var/opt/BESClient/__BESData/BES Support/__Local/Get/
block 3511055: var/opt/BESClient/__BESData/BES Support/__Local/__results_212
block 3511059: var/opt/BESClient/__BESData/BES Support/__Local/__PropertyList_204
block 3511063: var/opt/BESClient/__BESData/BES Support/__Local/__PropertyList_4505
block 3511067: var/opt/BESClient/__BESData/BES Support/__Local/Tmp/
block 3511070: var/opt/BESClient/__BESData/BES Support/__Local/__PropertyList_205
block 3511074: var/opt/BESClient/__BESData/BES Support/__Local/Upgrade/
block 3511077: var/opt/BESClient/__BESData/BES Support/__Local/FileList
block 3511228: var/opt/BESClient/__BESData/BES Support/__Local/__PropertyList_212
block 3511232: var/opt/BESClient/__BESData/BES Support/BES Plugin Portal.fxf
block 3511292: var/opt/BESClient/__BESData/BES Support/CloudContent.fxf
block 3512047: var/opt/BESClient/__BESData/BES Support/__Download/
block 3512050: var/opt/BESClient/__BESData/BES Support/BES Components.fxf
block 3527303: var/opt/BESClient/__BESData/BES Asset Discovery/
block 3527306: var/opt/BESClient/__BESData/BES Asset Discovery/__Local/
block 3527309: var/opt/BESClient/__BESData/BES Asset Discovery/__Local/Get/
block 3527312: var/opt/BESClient/__BESData/BES Asset Discovery/__Local/Tmp/
block 3527315: var/opt/BESClient/__BESData/BES Asset Discovery/__Download/
block 3527318: var/opt/BESClient/__BESData/Patching Support/
block 3527321: var/opt/BESClient/__BESData/Patching Support/__Local/
block 3527324: var/opt/BESClient/__BESData/Patching Support/__Local/Get/
block 3527327: var/opt/BESClient/__BESData/Patching Support/__Local/FileList
block 3527415: var/opt/BESClient/__BESData/Patching Support/__Local/Tmp/
block 3527418: var/opt/BESClient/__BESData/Patching Support/__Local/__PropertyList_27
block 3527422: var/opt/BESClient/__BESData/Patching Support/__Local/__PropertyList_46
block 3527426: var/opt/BESClient/__BESData/Patching Support/1Office Control.fxf
block 3527572: var/opt/BESClient/__BESData/Patching Support/Mac Fixlet Templates.fxf
block 3527606: var/opt/BESClient/__BESData/Patching Support/NonWindowsPatching.fxf
block 3528013: var/opt/BESClient/__BESData/Patching Support/EnterpriseSecurity.fxf
block 3528323: var/opt/BESClient/__BESData/Patching Support/__Download/
block 3528326: var/opt/BESClient/__BESData/Virtual Endpoint Manager/
block 3528329: var/opt/BESClient/__BESData/Virtual Endpoint Manager/__Local/
block 3528332: var/opt/BESClient/__BESData/Virtual Endpoint Manager/__Local/Get/
block 3528335: var/opt/BESClient/__BESData/Virtual Endpoint Manager/__Local/Tmp/
block 3528338: var/opt/BESClient/__BESData/Virtual Endpoint Manager/__Local/__PropertyList_909
block 3528342: var/opt/BESClient/__BESData/Virtual Endpoint Manager/__Download/
block 3528345: var/opt/BESClient/__BESData/BigFix Labs/
block 3528348: var/opt/BESClient/__BESData/BigFix Labs/__Local/
block 3528351: var/opt/BESClient/__BESData/BigFix Labs/__Local/Get/
block 3528354: var/opt/BESClient/__BESData/BigFix Labs/__Local/Tmp/
block 3528357: var/opt/BESClient/__BESData/BigFix Labs/__Download/
block 3528360: var/opt/BESClient/__BESData/IBM License Reporting/
block 3528363: var/opt/BESClient/__BESData/IBM License Reporting/__Local/
block 3528366: var/opt/BESClient/__BESData/IBM License Reporting/__Local/Get/
block 3528369: var/opt/BESClient/__BESData/IBM License Reporting/__Local/Tmp/
block 3528372: var/opt/BESClient/__BESData/IBM License Reporting/__Download/
block 3528375: var/opt/BESClient/__BESData/Patches for Oracle Linux 9/
block 3528378: var/opt/BESClient/__BESData/Patches for Oracle Linux 9/__Local/
block 3528381: var/opt/BESClient/__BESData/Patches for Oracle Linux 9/__Local/Get/
block 3528384: var/opt/BESClient/__BESData/Patches for Oracle Linux 9/__Local/Tmp/
block 3528387: var/opt/BESClient/__BESData/Patches for Oracle Linux 9/__Local/FileList
block 3528412: var/opt/BESClient/__BESData/Patches for Oracle Linux 9/Oel9x86_64-2022.fxf
block 3579150: var/opt/BESClient/__BESData/Patches for Oracle Linux 9/SuOel9x86_64-2022.fxf
block 3644229: var/opt/BESClient/__BESData/Patches for Oracle Linux 9/Support.fxf
block 3644379: var/opt/BESClient/__BESData/Patches for Oracle Linux 9/Oel9x86_64-2023.fxf
block 3657977: var/opt/BESClient/__BESData/Patches for Oracle Linux 9/__Download/
block 3657980: var/opt/BESClient/__BESData/Patches for Oracle Linux 9/Oel9x86_64-2026.fxf
block 3666466: var/opt/BESClient/__BESData/Patches for Oracle Linux 9/SuOel9x86_64-2026.fxf
block 3669568: var/opt/BESClient/__BESData/Patches for Oracle Linux 9/SuOel9x86_64-2023.fxf
block 3749798: var/opt/BESClient/__BESData/Patches for Oracle Linux 9/Oel9x86_64-2024.fxf
block 3763932: var/opt/BESClient/__BESData/Patches for Oracle Linux 9/SuOel9x86_64-2024.fxf
block 3862238: var/opt/BESClient/__BESData/Patches for Oracle Linux 9/Oel9x86_64-2025.fxf
block 3914671: var/opt/BESClient/__BESData/Patches for Oracle Linux 9/SuOel9x86_64-2025.fxf
block 3999010: var/opt/BESClient/__BESData/CustomSite_SOC_Team/
block 3999013: var/opt/BESClient/__BESData/CustomSite_SOC_Team/__Local/
block 3999016: var/opt/BESClient/__BESData/CustomSite_SOC_Team/__Local/Get/
block 3999019: var/opt/BESClient/__BESData/CustomSite_SOC_Team/__Local/__PropertyList_624719
block 3999023: var/opt/BESClient/__BESData/CustomSite_SOC_Team/__Local/__PropertyList_93873
block 3999027: var/opt/BESClient/__BESData/CustomSite_SOC_Team/__Local/__PropertyList_339529
block 3999031: var/opt/BESClient/__BESData/CustomSite_SOC_Team/__Local/__PropertyList_58339
block 3999035: var/opt/BESClient/__BESData/CustomSite_SOC_Team/__Local/FileList
block 3999201: var/opt/BESClient/__BESData/CustomSite_SOC_Team/__Local/__PropertyList_8664
block 3999205: var/opt/BESClient/__BESData/CustomSite_SOC_Team/__Local/__PropertyList_94580
block 3999209: var/opt/BESClient/__BESData/CustomSite_SOC_Team/__Local/__PropertyList_25977
block 3999213: var/opt/BESClient/__BESData/CustomSite_SOC_Team/__Local/__PropertyList_47820
block 3999217: var/opt/BESClient/__BESData/CustomSite_SOC_Team/__Local/__PropertyList_96822
block 3999221: var/opt/BESClient/__BESData/CustomSite_SOC_Team/__Local/__PropertyList_14696
block 3999225: var/opt/BESClient/__BESData/CustomSite_SOC_Team/__Local/__results_1543203
block 3999229: var/opt/BESClient/__BESData/CustomSite_SOC_Team/__Local/__PropertyList_8678
block 3999233: var/opt/BESClient/__BESData/CustomSite_SOC_Team/__Local/__results_8664
block 3999246: var/opt/BESClient/__BESData/CustomSite_SOC_Team/__Local/__results_995721
block 3999250: var/opt/BESClient/__BESData/CustomSite_SOC_Team/__Local/__PropertyList_1071281
block 3999254: var/opt/BESClient/__BESData/CustomSite_SOC_Team/__Local/__PropertyList_70760
block 3999258: var/opt/BESClient/__BESData/CustomSite_SOC_Team/__Local/__PropertyList_9605
block 3999262: var/opt/BESClient/__BESData/CustomSite_SOC_Team/__Local/__PropertyList_1543203
block 3999266: var/opt/BESClient/__BESData/CustomSite_SOC_Team/__Local/__PropertyList_1543274
block 3999270: var/opt/BESClient/__BESData/CustomSite_SOC_Team/__Local/__PropertyList_352655
block 3999274: var/opt/BESClient/__BESData/CustomSite_SOC_Team/__Local/__PropertyList_374872
block 3999278: var/opt/BESClient/__BESData/CustomSite_SOC_Team/__Local/__PropertyList_599301
block 3999282: var/opt/BESClient/__BESData/CustomSite_SOC_Team/__Local/__PropertyList_14648
block 3999286: var/opt/BESClient/__BESData/CustomSite_SOC_Team/__Local/__results_352655
block 3999290: var/opt/BESClient/__BESData/CustomSite_SOC_Team/__Local/__PropertyList_243940
block 3999294: var/opt/BESClient/__BESData/CustomSite_SOC_Team/__Local/__results_1071277
block 3999298: var/opt/BESClient/__BESData/CustomSite_SOC_Team/__Local/__PropertyList_8660
block 3999302: var/opt/BESClient/__BESData/CustomSite_SOC_Team/__Local/__PropertyList_244840
block 3999306: var/opt/BESClient/__BESData/CustomSite_SOC_Team/__Local/__results_1544005
block 3999310: var/opt/BESClient/__BESData/CustomSite_SOC_Team/__Local/__PropertyList_770761
block 3999314: var/opt/BESClient/__BESData/CustomSite_SOC_Team/__Local/__results_328157
block 3999318: var/opt/BESClient/__BESData/CustomSite_SOC_Team/__Local/__PropertyList_1031243
block 3999322: var/opt/BESClient/__BESData/CustomSite_SOC_Team/__Local/__PropertyList_1031611
block 3999326: var/opt/BESClient/__BESData/CustomSite_SOC_Team/__Local/__PropertyList_1035224
block 3999330: var/opt/BESClient/__BESData/CustomSite_SOC_Team/__Local/__PropertyList_1036478
block 3999334: var/opt/BESClient/__BESData/CustomSite_SOC_Team/__Local/__PropertyList_1038851
block 3999338: var/opt/BESClient/__BESData/CustomSite_SOC_Team/__Local/__PropertyList_1071277
block 3999342: var/opt/BESClient/__BESData/CustomSite_SOC_Team/__Local/__PropertyList_1159784
block 3999346: var/opt/BESClient/__BESData/CustomSite_SOC_Team/__Local/__results_14696
block 3999350: var/opt/BESClient/__BESData/CustomSite_SOC_Team/__Local/__PropertyList_215108
block 3999354: var/opt/BESClient/__BESData/CustomSite_SOC_Team/__Local/__PropertyList_243943
block 3999358: var/opt/BESClient/__BESData/CustomSite_SOC_Team/__Local/__PropertyList_253579
block 3999362: var/opt/BESClient/__BESData/CustomSite_SOC_Team/__Local/__results_58339
block 3999366: var/opt/BESClient/__BESData/CustomSite_SOC_Team/__Local/__PropertyList_1388593
block 3999370: var/opt/BESClient/__BESData/CustomSite_SOC_Team/__Local/__PropertyList_1544005
block 3999374: var/opt/BESClient/__BESData/CustomSite_SOC_Team/__Local/__results_599301
block 3999378: var/opt/BESClient/__BESData/CustomSite_SOC_Team/__Local/__results_770761
block 3999402: var/opt/BESClient/__BESData/CustomSite_SOC_Team/__Local/__results_1543274
block 3999406: var/opt/BESClient/__BESData/CustomSite_SOC_Team/__Local/__results_9605
block 3999410: var/opt/BESClient/__BESData/CustomSite_SOC_Team/__Local/__PropertyList_1194303
block 3999414: var/opt/BESClient/__BESData/CustomSite_SOC_Team/__Local/__PropertyList_328157
block 3999418: var/opt/BESClient/__BESData/CustomSite_SOC_Team/__Local/__PropertyList_1492120
block 3999422: var/opt/BESClient/__BESData/CustomSite_SOC_Team/__Local/__PropertyList_879879
block 3999426: var/opt/BESClient/__BESData/CustomSite_SOC_Team/__Local/__PropertyList_991270
block 3999430: var/opt/BESClient/__BESData/CustomSite_SOC_Team/__Local/__PropertyList_995721
block 3999434: var/opt/BESClient/__BESData/CustomSite_SOC_Team/__Local/__PropertyList_1007063
block 3999438: var/opt/BESClient/__BESData/CustomSite_SOC_Team/__Local/Tmp/
block 3999441: var/opt/BESClient/__BESData/CustomSite_SOC_Team/__Local/__PropertyList_8662
block 3999445: var/opt/BESClient/__BESData/CustomSite_SOC_Team/__Local/__results_8660
block 3999449: var/opt/BESClient/__BESData/CustomSite_SOC_Team/__Local/__results_1492120
block 3999453: var/opt/BESClient/__BESData/CustomSite_SOC_Team/__Local/__PropertyList_243945
block 3999457: var/opt/BESClient/__BESData/CustomSite_SOC_Team/ffa10dfe3bf582fff9a6facdc2ff4e8d13e351db_crt.dat
block 3999518: var/opt/BESClient/__BESData/CustomSite_SOC_Team/Fixlet 1499364.fxf
block 3999524: var/opt/BESClient/__BESData/CustomSite_SOC_Team/Fixlet 1502785.fxf
block 3999530: var/opt/BESClient/__BESData/CustomSite_SOC_Team/Fixlet 1502784.fxf
block 3999536: var/opt/BESClient/__BESData/CustomSite_SOC_Team/Fixlet 1502808.fxf
block 4001125: var/opt/BESClient/__BESData/CustomSite_SOC_Team/Group 1502781.fxf
block 4001130: var/opt/BESClient/__BESData/CustomSite_SOC_Team/c2a5adfc35d863c657b17631e4300c940e0468e9_crt.dat
block 4001191: var/opt/BESClient/__BESData/CustomSite_SOC_Team/Fixlet 1502804.fxf
block 4002740: var/opt/BESClient/__BESData/CustomSite_SOC_Team/Fixlet 1502805.fxf
block 4004391: var/opt/BESClient/__BESData/CustomSite_SOC_Team/Fixlet 1502806.fxf
block 4004965: var/opt/BESClient/__BESData/CustomSite_SOC_Team/Fixlet 1498686.fxf
block 4004970: var/opt/BESClient/__BESData/CustomSite_SOC_Team/Fixlet 1544005.fxf
block 4004976: var/opt/BESClient/__BESData/CustomSite_SOC_Team/Fixlet 1499336.fxf
block 4004982: var/opt/BESClient/__BESData/CustomSite_SOC_Team/Fixlet 1498689.fxf
block 4004988: var/opt/BESClient/__BESData/CustomSite_SOC_Team/Fixlet 995721.fxf
block 4004994: var/opt/BESClient/__BESData/CustomSite_SOC_Team/Group 1393658.fxf
block 4004999: var/opt/BESClient/__BESData/CustomSite_SOC_Team/Fixlet 1498690.fxf
block 4005005: var/opt/BESClient/__BESData/CustomSite_SOC_Team/Fixlet 1502782.fxf
block 4005298: var/opt/BESClient/__BESData/CustomSite_SOC_Team/Fixlet 1543203.fxf
block 4005304: var/opt/BESClient/__BESData/CustomSite_SOC_Team/Fixlet 1499338.fxf
block 4005310: var/opt/BESClient/__BESData/CustomSite_SOC_Team/Group 990333.fxf
block 4005316: var/opt/BESClient/__BESData/CustomSite_SOC_Team/Fixlet 1457425.fxf
block 4008085: var/opt/BESClient/__BESData/CustomSite_SOC_Team/Fixlet 1502797.fxf
block 4010394: var/opt/BESClient/__BESData/CustomSite_SOC_Team/Fixlet 1457424.fxf
block 4012714: var/opt/BESClient/__BESData/CustomSite_SOC_Team/__Download/
block 4012717: var/opt/BESClient/__BESData/CustomSite_SOC_Team/Fixlet 1498688.fxf
block 4014411: var/opt/BESClient/__BESData/CustomSite_SOC_Team/Fixlet 1309705.fxf
block 4019085: var/opt/BESClient/__BESData/CustomSite_SOC_Team/Fixlet 1457420.fxf
block 4021403: var/opt/BESClient/__BESData/CustomSite_SOC_Team/Fixlet 1388840.fxf
block 4025391: var/opt/BESClient/__BESData/CustomSite_SOC_Team/Fixlet 1502791.fxf
block 4027256: var/opt/BESClient/__BESData/CustomSite_SOC_Team/CertStore.dat
block 4027480: var/opt/BESClient/__BESData/CustomSite_SOC_Team/Fixlet 1502794.fxf
block 4030240: var/opt/BESClient/__BESData/CustomSite_SOC_Team/Fixlet 1387231.fxf
block 4032828: var/opt/BESClient/__BESData/CustomSite_SOC_Team/Fixlet 1388838.fxf
block 4036877: var/opt/BESClient/__BESData/CustomSite_SOC_Team/Fixlet 1502789.fxf
block 4038785: var/opt/BESClient/__BESData/CustomSite_SOC_Team/Fixlet 1457416.fxf
block 4040318: var/opt/BESClient/__BESData/CustomSite_SOC_Team/Fixlet 1457433.fxf
block 4040916: var/opt/BESClient/__BESData/CustomSite_SOC_Team/Fixlet 1388844.fxf
block 4043504: var/opt/BESClient/__BESData/CustomSite_SOC_Team/Fixlet 1502792.fxf
block 4045405: var/opt/BESClient/__BESData/CustomSite_SOC_Team/Fixlet 1502788.fxf
block 4046994: var/opt/BESClient/__BESData/CustomSite_SOC_Team/Fixlet 1456378.fxf
block 4049781: var/opt/BESClient/__BESData/CustomSite_SOC_Team/Fixlet 995342.fxf
block 4050181: var/opt/BESClient/__BESData/CustomSite_SOC_Team/Fixlet 1387213.fxf
block 4051875: var/opt/BESClient/__BESData/CustomSite_SOC_Team/Fixlet 1502796.fxf
block 4054625: var/opt/BESClient/__BESData/CustomSite_SOC_Team/Fixlet 1457422.fxf
block 4057412: var/opt/BESClient/__BESData/CustomSite_SOC_Team/Fixlet 1502793.fxf
block 4059719: var/opt/BESClient/__BESData/CustomSite_SOC_Team/Fixlet 1387240.fxf
block 4060317: var/opt/BESClient/__BESData/CustomSite_SOC_Team/Group 377652.fxf
block 4060323: var/opt/BESClient/__BESData/CustomSite_SOC_Team/Fixlet 1388846.fxf
block 4062855: var/opt/BESClient/__BESData/CustomSite_SOC_Team/Fixlet 1388845.fxf
block 4065434: var/opt/BESClient/__BESData/CustomSite_SOC_Team/Fixlet 1502795.fxf
block 4068194: var/opt/BESClient/__BESData/CustomSite_SOC_Team/Fixlet 811746.fxf
block 4077825: var/opt/BESClient/__BESData/CustomSite_SOC_Team/Fixlet 1457432.fxf
block 4078554: var/opt/BESClient/__BESData/CustomSite_SOC_Team/Group 1250991.fxf
block 4078560: var/opt/BESClient/__BESData/CustomSite_SOC_Team/Fixlet 1389040.fxf
block 4080129: var/opt/BESClient/__BESData/CustomSite_SOC_Team/Fixlet 1274050.fxf
block 4086380: var/opt/BESClient/__BESData/CustomSite_SOC_Team/Fixlet 1389037.fxf
block 4088064: var/opt/BESClient/__BESData/CustomSite_SOC_Team/Fixlet 1247748.fxf
block 4088069: var/opt/BESClient/__BESData/CustomSite_SOC_Team/Fixlet 1387232.fxf
block 4088734: var/opt/BESClient/__BESData/CustomSite_SOC_Team/Fixlet 1499343.fxf
block 4089496: var/opt/BESClient/__BESData/CustomSite_SOC_Team/Fixlet 1388837.fxf
block 4093545: var/opt/BESClient/__BESData/CustomSite_SOC_Team/Fixlet 1388841.fxf
block 4096986: var/opt/BESClient/__BESData/CustomSite_SOC_Team/Fixlet 1388839.fxf
block 4100430: var/opt/BESClient/__BESData/CustomSite_SOC_Team/Fixlet 1394810.fxf
block 4109340: var/opt/BESClient/__BESData/CustomSite_SOC_Team/Fixlet 1457421.fxf
block 4112127: var/opt/BESClient/__BESData/CustomSite_SOC_Team/Fixlet 1100140.fxf
block 4112139: var/opt/BESClient/__BESData/CustomSite_SOC_Team/Group 674574.fxf
block 4112144: var/opt/BESClient/__BESData/CustomSite_SOC_Team/Fixlet 1457434.fxf
block 4112409: var/opt/BESClient/__BESData/CustomSite_SOC_Team/Fixlet 1463599.fxf
block 4112414: var/opt/BESClient/__BESData/CustomSite_SOC_Team/Fixlet 1502800.fxf
block 4114099: var/opt/BESClient/__BESData/CustomSite_SOC_Team/Fixlet 1389041.fxf
block 4115647: var/opt/BESClient/__BESData/CustomSite_SOC_Team/Group 1542851.fxf
block 4115653: var/opt/BESClient/__BESData/CustomSite_SOC_Team/Fixlet 1457419.fxf
block 4117178: var/opt/BESClient/__BESData/CustomSite_SOC_Team/Fixlet 1502801.fxf
block 4118872: var/opt/BESClient/__BESData/CustomSite_SOC_Team/Fixlet 1457417.fxf
block 4120397: var/opt/BESClient/__BESData/CustomSite_SOC_Team/Fixlet 1387239.fxf
block 4120764: var/opt/BESClient/__BESData/CustomSite_SOC_Team/Fixlet 1389042.fxf
block 4122415: var/opt/BESClient/__BESData/CustomSite_SOC_Team/Fixlet 1389038.fxf
block 4124108: var/opt/BESClient/__BESData/CustomSite_SOC_Team/Fixlet 1457418.fxf
block 4125598: var/opt/BESClient/__BESData/CustomSite_SOC_Team/Fixlet 1502802.fxf
block 4127262: var/opt/BESClient/__BESData/CustomSite_SOC_Team/Group 379605.fxf
block 4127268: var/opt/BESClient/__BESData/CustomSite_SOC_Team/Fixlet 1492120.fxf
block 4127274: var/opt/BESClient/__BESData/CustomSite_SOC_Team/Fixlet 1388843.fxf
block 4131305: var/opt/BESClient/__BESData/CustomSite_SOC_Team/Fixlet 1498685.fxf
block 4133213: var/opt/BESClient/__BESData/CustomSite_SOC_Team/Group 1250990.fxf
block 4133219: var/opt/BESClient/__BESData/CustomSite_SOC_Team/Fixlet 1387230.fxf
block 4137268: var/opt/BESClient/__BESData/CustomSite_SOC_Team/Fixlet 1457423.fxf
block 4140045: var/opt/BESClient/__BESData/CustomSite_SOC_Team/Group 1151466.fxf
block 4140051: var/opt/BESClient/__BESData/CustomSite_SOC_Team/Group 1250987.fxf
block 4140057: var/opt/BESClient/__BESData/CustomSite_SOC_Team/Fixlet 1502798.fxf
block 4142799: var/opt/BESClient/__BESData/CustomSite_SOC_Team/Group 1250988.fxf
block 4142805: var/opt/BESClient/__BESData/CustomSite_SOC_Team/Fixlet 1224337.fxf
block 4149012: var/opt/BESClient/__BESData/CustomSite_SOC_Team/Fixlet 1389039.fxf
block 4150705: var/opt/BESClient/__BESData/CustomSite_SOC_Team/Group 352657.fxf
block 4150710: var/opt/BESClient/__BESData/CustomSite_SOC_Team/Fixlet 1456379.fxf
block 4152243: var/opt/BESClient/__BESData/CustomSite_SOC_Team/Fixlet 1498687.fxf
block 4155004: var/opt/BESClient/__BESData/CustomSite_SOC_Team/Group 1529723.fxf
block 4155010: var/opt/BESClient/__BESData/CustomSite_SOC_Team/Fixlet 1502803.fxf
block 4156580: var/opt/BESClient/__BESData/CustomSite_SOC_Team/Group 1250989.fxf
block 4156586: var/opt/BESClient/__BESData/CustomSite_SOC_Team/Fixlet 1541018.fxf
block 4156591: var/opt/BESClient/__BESData/CustomSite_SOC_Team/Fixlet 1497247.fxf
block 4156597: var/opt/BESClient/__BESData/CustomSite_SOC_Team/Group 921669.fxf
block 4156603: var/opt/BESClient/__BESData/CustomSite_SOC_Team/Fixlet 1388847.fxf
block 4159175: var/opt/BESClient/__BESData/opsite4/
block 4159178: var/opt/BESClient/__BESData/opsite4/__Local/
block 4159181: var/opt/BESClient/__BESData/opsite4/__Local/Get/
block 4159184: var/opt/BESClient/__BESData/opsite4/__Local/Tmp/
block 4159187: var/opt/BESClient/__BESData/opsite4/__Download/
block 4159190: var/opt/BESClient/__BESData/opsite6/
block 4159193: var/opt/BESClient/__BESData/opsite6/__Local/
block 4159196: var/opt/BESClient/__BESData/opsite6/__Local/Get/
block 4159199: var/opt/BESClient/__BESData/opsite6/__Local/Tmp/
block 4159202: var/opt/BESClient/__BESData/opsite6/__Download/
block 4159205: var/opt/BESClient/__BESData/opsite20/
block 4159208: var/opt/BESClient/__BESData/opsite20/__Local/
block 4159211: var/opt/BESClient/__BESData/opsite20/__Local/Get/
block 4159214: var/opt/BESClient/__BESData/opsite20/__Local/Tmp/
block 4159217: var/opt/BESClient/__BESData/opsite20/__Download/
block 4159220: var/opt/BESClient/__BESData/opsite21/
block 4159223: var/opt/BESClient/__BESData/opsite21/__Local/
block 4159226: var/opt/BESClient/__BESData/opsite21/__Local/Get/
block 4159229: var/opt/BESClient/__BESData/opsite21/__Local/Tmp/
block 4159232: var/opt/BESClient/__BESData/opsite21/__Download/
block 4159235: var/opt/BESClient/__BESData/opsite22/
block 4159238: var/opt/BESClient/__BESData/opsite22/__Local/
block 4159241: var/opt/BESClient/__BESData/opsite22/__Local/Get/
block 4159244: var/opt/BESClient/__BESData/opsite22/__Local/Tmp/
block 4159247: var/opt/BESClient/__BESData/opsite22/__Download/
block 4159250: var/opt/BESClient/__BESData/opsite24/
block 4159253: var/opt/BESClient/__BESData/opsite24/__Local/
block 4159256: var/opt/BESClient/__BESData/opsite24/__Local/Get/
block 4159259: var/opt/BESClient/__BESData/opsite24/__Local/Tmp/
block 4159262: var/opt/BESClient/__BESData/opsite24/__Download/
block 4159265: var/opt/BESClient/__BESData/opsite100/
block 4159268: var/opt/BESClient/__BESData/opsite100/__Local/
block 4159271: var/opt/BESClient/__BESData/opsite100/__Local/Get/
block 4159274: var/opt/BESClient/__BESData/opsite100/__Local/Tmp/
block 4159277: var/opt/BESClient/__BESData/opsite100/__Download/
block 4159280: var/opt/BESClient/__BESData/opsite113/
block 4159283: var/opt/BESClient/__BESData/opsite113/__Local/
block 4159286: var/opt/BESClient/__BESData/opsite113/__Local/Get/
block 4159289: var/opt/BESClient/__BESData/opsite113/__Local/Tmp/
block 4159292: var/opt/BESClient/__BESData/opsite113/__Download/
block 4159295: var/opt/BESClient/__BESData/opsite102/
block 4159298: var/opt/BESClient/__BESData/opsite102/__Local/
block 4159301: var/opt/BESClient/__BESData/opsite102/__Local/Get/
block 4159304: var/opt/BESClient/__BESData/opsite102/__Local/Tmp/
block 4159307: var/opt/BESClient/__BESData/opsite102/__Download/
block 4159310: var/opt/BESClient/__BESData/opsite25/
block 4159313: var/opt/BESClient/__BESData/opsite25/__Local/
block 4159316: var/opt/BESClient/__BESData/opsite25/__Local/Get/
block 4159319: var/opt/BESClient/__BESData/opsite25/__Local/Tmp/
block 4159322: var/opt/BESClient/__BESData/opsite25/__Download/
block 4159325: var/opt/BESClient/__BESData/opsite27/
block 4159328: var/opt/BESClient/__BESData/opsite27/__Local/
block 4159331: var/opt/BESClient/__BESData/opsite27/__Local/Get/
block 4159334: var/opt/BESClient/__BESData/opsite27/__Local/Tmp/
block 4159337: var/opt/BESClient/__BESData/opsite27/__Download/
block 4159340: var/opt/BESClient/__BESData/opsite15/
block 4159343: var/opt/BESClient/__BESData/opsite15/__Local/
block 4159346: var/opt/BESClient/__BESData/opsite15/__Local/Get/
block 4159349: var/opt/BESClient/__BESData/opsite15/__Local/Tmp/
block 4159352: var/opt/BESClient/__BESData/opsite15/__Download/
block 4159355: var/opt/BESClient/__BESData/opsite117/
block 4159358: var/opt/BESClient/__BESData/opsite117/__Local/
block 4159361: var/opt/BESClient/__BESData/opsite117/__Local/Get/
block 4159364: var/opt/BESClient/__BESData/opsite117/__Local/Tmp/
block 4159367: var/opt/BESClient/__BESData/opsite117/__Download/
block 4159370: var/opt/BESClient/__BESData/opsite29/
block 4159373: var/opt/BESClient/__BESData/opsite29/__Local/
block 4159376: var/opt/BESClient/__BESData/opsite29/__Local/Get/
block 4159379: var/opt/BESClient/__BESData/opsite29/__Local/Tmp/
block 4159382: var/opt/BESClient/__BESData/opsite29/__Download/
block 4159385: var/opt/BESClient/__BESData/opsite26/
block 4159388: var/opt/BESClient/__BESData/opsite26/__Local/
block 4159391: var/opt/BESClient/__BESData/opsite26/__Local/Get/
block 4159394: var/opt/BESClient/__BESData/opsite26/__Local/Tmp/
block 4159397: var/opt/BESClient/__BESData/opsite26/__Download/
block 4159400: var/opt/BESClient/__BESData/opsite107/
block 4159403: var/opt/BESClient/__BESData/opsite107/__Local/
block 4159406: var/opt/BESClient/__BESData/opsite107/__Local/Get/
block 4159409: var/opt/BESClient/__BESData/opsite107/__Local/Tmp/
block 4159412: var/opt/BESClient/__BESData/opsite107/__Download/
block 4159415: var/opt/BESClient/__BESData/opsite8/
block 4159418: var/opt/BESClient/__BESData/opsite8/__Local/
block 4159421: var/opt/BESClient/__BESData/opsite8/__Local/Get/
block 4159424: var/opt/BESClient/__BESData/opsite8/__Local/Tmp/
block 4159427: var/opt/BESClient/__BESData/opsite8/__Download/
block 4159430: var/opt/BESClient/__BESData/opsite112/
block 4159433: var/opt/BESClient/__BESData/opsite112/__Local/
block 4159436: var/opt/BESClient/__BESData/opsite112/__Local/Get/
block 4159439: var/opt/BESClient/__BESData/opsite112/__Local/Tmp/
block 4159442: var/opt/BESClient/__BESData/opsite112/__Download/
block 4159445: var/opt/BESClient/__BESData/opsite17/
block 4159448: var/opt/BESClient/__BESData/opsite17/__Local/
block 4159451: var/opt/BESClient/__BESData/opsite17/__Local/Get/
block 4159454: var/opt/BESClient/__BESData/opsite17/__Local/Tmp/
block 4159457: var/opt/BESClient/__BESData/opsite17/__Download/
block 4159460: var/opt/BESClient/__BESData/opsite111/
block 4159463: var/opt/BESClient/__BESData/opsite111/__Local/
block 4159466: var/opt/BESClient/__BESData/opsite111/__Local/Get/
block 4159469: var/opt/BESClient/__BESData/opsite111/__Local/Tmp/
block 4159472: var/opt/BESClient/__BESData/opsite111/__Download/
block 4159475: var/opt/BESClient/__BESData/opsite3/
block 4159478: var/opt/BESClient/__BESData/opsite3/__Local/
block 4159481: var/opt/BESClient/__BESData/opsite3/__Local/Get/
block 4159484: var/opt/BESClient/__BESData/opsite3/__Local/Tmp/
block 4159487: var/opt/BESClient/__BESData/opsite3/__Download/
block 4159490: var/opt/BESClient/__BESData/opsite109/
block 4159493: var/opt/BESClient/__BESData/opsite109/__Local/
block 4159496: var/opt/BESClient/__BESData/opsite109/__Local/Get/
block 4159499: var/opt/BESClient/__BESData/opsite109/__Local/Tmp/
block 4159502: var/opt/BESClient/__BESData/opsite109/__Download/
block 4159505: var/opt/BESClient/__BESData/opsite104/
block 4159508: var/opt/BESClient/__BESData/opsite104/__Local/
block 4159511: var/opt/BESClient/__BESData/opsite104/__Local/Get/
block 4159514: var/opt/BESClient/__BESData/opsite104/__Local/Tmp/
block 4159517: var/opt/BESClient/__BESData/opsite104/__Download/
block 4159520: var/opt/BESClient/__BESData/opsite119/
block 4159523: var/opt/BESClient/__BESData/opsite119/__Local/
block 4159526: var/opt/BESClient/__BESData/opsite119/__Local/Get/
block 4159529: var/opt/BESClient/__BESData/opsite119/__Local/Tmp/
block 4159532: var/opt/BESClient/__BESData/opsite119/__Download/
block 4159535: var/opt/BESClient/__BESData/opsite30/
block 4159538: var/opt/BESClient/__BESData/opsite30/__Local/
block 4159541: var/opt/BESClient/__BESData/opsite30/__Local/Get/
block 4159544: var/opt/BESClient/__BESData/opsite30/__Local/Tmp/
block 4159547: var/opt/BESClient/__BESData/opsite30/__Download/
block 4159550: var/opt/BESClient/__BESData/opsite124/
block 4159553: var/opt/BESClient/__BESData/opsite124/__Local/
block 4159556: var/opt/BESClient/__BESData/opsite124/__Local/Get/
block 4159559: var/opt/BESClient/__BESData/opsite124/__Local/FileList
block 4159597: var/opt/BESClient/__BESData/opsite124/__Local/__PropertyList_1023963
block 4159601: var/opt/BESClient/__BESData/opsite124/__Local/__PropertyList_777166
block 4159605: var/opt/BESClient/__BESData/opsite124/__Local/__PropertyList_1045628
block 4159609: var/opt/BESClient/__BESData/opsite124/__Local/__PropertyList_1094005
block 4159613: var/opt/BESClient/__BESData/opsite124/__Local/__PropertyList_1036482
block 4159617: var/opt/BESClient/__BESData/opsite124/__Local/__PropertyList_1007060
block 4159621: var/opt/BESClient/__BESData/opsite124/__Local/__PropertyList_1115636
block 4159625: var/opt/BESClient/__BESData/opsite124/__Local/__PropertyList_777728
block 4159629: var/opt/BESClient/__BESData/opsite124/__Local/__PropertyList_1168224
block 4159633: var/opt/BESClient/__BESData/opsite124/__Local/Tmp/
block 4159636: var/opt/BESClient/__BESData/opsite124/__Local/__PropertyList_1016790
block 4159640: var/opt/BESClient/__BESData/opsite124/__Local/__PropertyList_945296
block 4159644: var/opt/BESClient/__BESData/opsite124/__Local/__PropertyList_1250685
block 4159648: var/opt/BESClient/__BESData/opsite124/__Download/
block 4159651: var/opt/BESClient/__BESData/opsite124/CertStore.dat
block 4159835: var/opt/BESClient/__BESData/opsite124/c2a5adfc35d863c657b17631e4300c940e0468e9_crt.dat
block 4159896: var/opt/BESClient/__BESData/opsite124/ffa10dfe3bf582fff9a6facdc2ff4e8d13e351db_crt.dat
block 4159957: var/opt/BESClient/__BESData/opsite124/Analyses.fxf
block 4159983: var/opt/BESClient/__BESData/opsite126/
block 4159986: var/opt/BESClient/__BESData/opsite126/__Local/
block 4159989: var/opt/BESClient/__BESData/opsite126/__Local/Get/
block 4159992: var/opt/BESClient/__BESData/opsite126/__Local/Tmp/
block 4159995: var/opt/BESClient/__BESData/opsite126/__Download/
block 4159998: var/opt/BESClient/__BESData/opsite115/
block 4160001: var/opt/BESClient/__BESData/opsite115/__Local/
block 4160004: var/opt/BESClient/__BESData/opsite115/__Local/Get/
block 4160007: var/opt/BESClient/__BESData/opsite115/__Local/Tmp/
block 4160010: var/opt/BESClient/__BESData/opsite115/__Download/
block 4160013: var/opt/BESClient/__BESData/CustomSite_DR2025/
block 4160016: var/opt/BESClient/__BESData/CustomSite_DR2025/__Local/
block 4160019: var/opt/BESClient/__BESData/CustomSite_DR2025/__Local/Get/
block 4160022: var/opt/BESClient/__BESData/CustomSite_DR2025/__Local/Tmp/
block 4160025: var/opt/BESClient/__BESData/CustomSite_DR2025/__Download/
block 4160028: var/opt/BESClient/__BESData/BigFix Reports/
block 4160031: var/opt/BESClient/__BESData/BigFix Reports/__Local/
block 4160034: var/opt/BESClient/__BESData/BigFix Reports/__Local/Get/
block 4160037: var/opt/BESClient/__BESData/BigFix Reports/__Local/Tmp/
block 4160040: var/opt/BESClient/__BESData/BigFix Reports/__Download/
block 4160043: var/opt/BESClient/__BESData/__UICache/
block 4160046: var/opt/BESClient/__BESData/actionsite/
block 4160049: var/opt/BESClient/__BESData/actionsite/__Local/
block 4160052: var/opt/BESClient/__BESData/actionsite/__Local/Get/
block 4160055: var/opt/BESClient/__BESData/actionsite/__Local/__PropertyList_547696
block 4160059: var/opt/BESClient/__BESData/actionsite/__Local/__results_1495746
block 4160063: var/opt/BESClient/__BESData/actionsite/__Local/__PropertyList_75066
block 4160067: var/opt/BESClient/__BESData/actionsite/__Local/__2149028667.qid
block 4160071: var/opt/BESClient/__BESData/actionsite/__Local/__OmittedFileList
block 4160080: var/opt/BESClient/__BESData/actionsite/__Local/__PropertyList_190816
block 4160084: var/opt/BESClient/__BESData/actionsite/__Local/__PropertyList_808355
block 4160088: var/opt/BESClient/__BESData/actionsite/__Local/__PropertyList_1072264
block 4160092: var/opt/BESClient/__BESData/actionsite/__Local/__2147823190.qid
block 4160096: var/opt/BESClient/__BESData/actionsite/__Local/__PropertyList_457495
block 4160100: var/opt/BESClient/__BESData/actionsite/__Local/__PropertyList_758929
block 4160104: var/opt/BESClient/__BESData/actionsite/__Local/__PropertyList_243938
block 4160108: var/opt/BESClient/__BESData/actionsite/__Local/FileList
block 4160201: var/opt/BESClient/__BESData/actionsite/__Local/__2148556290.qid
block 4160205: var/opt/BESClient/__BESData/actionsite/__Local/masthead
block 4160429: var/opt/BESClient/__BESData/actionsite/__Local/__2149029240.qid
block 4160433: var/opt/BESClient/__BESData/actionsite/__Local/__2149029242.qid
block 4160437: var/opt/BESClient/__BESData/actionsite/__Local/__PropertyList_1495746
block 4160441: var/opt/BESClient/__BESData/actionsite/__Local/Masthead
block 4160665: var/opt/BESClient/__BESData/actionsite/__Local/Tmp/
block 4160668: var/opt/BESClient/__BESData/actionsite/__Local/__PropertyList_14694
block 4160672: var/opt/BESClient/__BESData/actionsite/__Local/__PropertyList_1419307
block 4160676: var/opt/BESClient/__BESData/actionsite/__Local/__results_808355
block 4160680: var/opt/BESClient/__BESData/actionsite/__Local/__2147501503.qid
block 4160684: var/opt/BESClient/__BESData/actionsite/__Local/__2.qid
block 4160688: var/opt/BESClient/__BESData/actionsite/__Local/__PropertyList_417199
block 4160692: var/opt/BESClient/__BESData/actionsite/__Local/__PropertyList_187285
block 4160696: var/opt/BESClient/__BESData/actionsite/CertStore.dat
block 4160960: var/opt/BESClient/__BESData/actionsite/ComputersRevoked.crl
block 4161071: var/opt/BESClient/__BESData/actionsite/__Download/
block 4161074: var/opt/BESClient/__BESData/actionsite/ActionSite.afxm
block 4161298: var/opt/BESClient/__BESData/actionsite/license.crt
block 4161417: var/opt/BESClient/__BESData/actionsite/Questions.fxf
block 4161614: var/opt/BESClient/__BESData/actionsite/Analyses.fxf
block 4161732: var/opt/BESClient/__BESData/actionsite/Fixlet 401817.fxf
block 4161737: var/opt/BESClient/__BESData/actionsite/Management rights for user 58.fxf
block 4161760: var/opt/BESClient/__BESData/actionsite/Fixlet 1457411.fxf
block 4161766: var/opt/BESClient/__BESData/actionsite/Fixlet 1502790.fxf
block 4163666: var/opt/BESClient/__BESData/actionsite/Universal Properties.fxf
block 4163725: var/opt/BESClient/__BESData/actionsite/Fixlet 1476769.fxf
block 4169713: var/opt/BESClient/__BESData/actionsite/Multiple Action Group 1544461.fxf
block 4173923: var/opt/BESClient/__BESData/actionsite/ffa10dfe3bf582fff9a6facdc2ff4e8d13e351db_crt.dat
block 4173984: var/opt/BESClient/__BESData/actionsite/Subscription for ActionSite.fxf
block 4174114: var/opt/BESClient/__BESData/actionsite/c2a5adfc35d863c657b17631e4300c940e0468e9_crt.dat
block 4174175: var/opt/BESClient/__BESData/actionsite/Multiple Action Group 1544844.fxf
block 4178311: var/opt/BESClient/__BESData/actionsite/Multiple Action Group 1543507.fxf
block 4185998: var/opt/BESClient/__BESData/actionsite/Multiple Action Group 1543672.fxf
block 4192714: var/opt/BESClient/__BESData/actionsite/Multiple Action Group 1543892.fxf
block 4196438: var/opt/BESClient/__BESData/actionsite/Multiple Action Group 1544233.fxf
block 4203154: var/opt/BESClient/__BESData/mailboxsite/
block 4203157: var/opt/BESClient/__BESData/mailboxsite/__Local/
block 4203160: var/opt/BESClient/__BESData/mailboxsite/__Local/Get/
block 4203163: var/opt/BESClient/__BESData/mailboxsite/__Local/Tmp/
block 4203166: var/opt/BESClient/__BESData/mailboxsite/__Local/FileList
block 4203176: var/opt/BESClient/__BESData/mailboxsite/__Download/
block 4203179: var/opt/BESClient/__BESData/mailboxsite/Action 1545019.fxf
block 4203201: var/opt/BESClient/__BESData/CustomSite_DR2024/
block 4203204: var/opt/BESClient/__BESData/CustomSite_DR2024/__Local/
block 4203207: var/opt/BESClient/__BESData/CustomSite_DR2024/__Local/Get/
block 4203210: var/opt/BESClient/__BESData/CustomSite_DR2024/__Local/Tmp/
block 4203213: var/opt/BESClient/__BESData/CustomSite_DR2024/__Local/__PropertyList_566624
block 4203217: var/opt/BESClient/__BESData/CustomSite_DR2024/__Download/
block 4203220: var/opt/BESClient/__BESData/opsite11/
block 4203223: var/opt/BESClient/__BESData/opsite11/__Local/
block 4203226: var/opt/BESClient/__BESData/opsite11/__Local/Get/
block 4203229: var/opt/BESClient/__BESData/opsite11/__Local/FileList
block 4203269: var/opt/BESClient/__BESData/opsite11/__Local/__PropertyList_328194
block 4203273: var/opt/BESClient/__BESData/opsite11/__Local/__PropertyList_333524
block 4203277: var/opt/BESClient/__BESData/opsite11/__Local/__PropertyList_566613
block 4203281: var/opt/BESClient/__BESData/opsite11/__Local/Tmp/
block 4203284: var/opt/BESClient/__BESData/opsite11/__Local/__PropertyList_354180
block 4203288: var/opt/BESClient/__BESData/opsite11/__Local/__PropertyList_417863
block 4203292: var/opt/BESClient/__BESData/opsite11/__Local/__PropertyList_417890
block 4203296: var/opt/BESClient/__BESData/opsite11/__Local/__PropertyList_457746
block 4203300: var/opt/BESClient/__BESData/opsite11/__Local/__PropertyList_961188
block 4203304: var/opt/BESClient/__BESData/opsite11/__Local/__PropertyList_1185304
block 4203308: var/opt/BESClient/__BESData/opsite11/__Local/__PropertyList_1222952
block 4203312: var/opt/BESClient/__BESData/opsite11/__Local/__PropertyList_856106
block 4203316: var/opt/BESClient/__BESData/opsite11/CertStore.dat
block 4203540: var/opt/BESClient/__BESData/opsite11/c2a5adfc35d863c657b17631e4300c940e0468e9_crt.dat
block 4203601: var/opt/BESClient/__BESData/opsite11/ffa10dfe3bf582fff9a6facdc2ff4e8d13e351db_crt.dat
block 4203662: var/opt/BESClient/__BESData/opsite11/__Download/
block 4203665: var/opt/BESClient/__BESData/opsite11/Analyses.fxf
block 4203701: var/opt/BESClient/__BESData/opsite11/Action 1545592.fxf
block 4203723: var/opt/BESClient/__BESData/opsite11/Action 1545594.fxf
block 4203745: var/opt/BESClient/__BESData/opsite110/
block 4203748: var/opt/BESClient/__BESData/opsite110/__Local/
block 4203751: var/opt/BESClient/__BESData/opsite110/__Local/Get/
block 4203754: var/opt/BESClient/__BESData/opsite110/__Local/Tmp/
block 4203757: var/opt/BESClient/__BESData/opsite110/__Download/
block 4203760: var/opt/BESClient/__BESData/opsite122/
block 4203763: var/opt/BESClient/__BESData/opsite122/__Local/
block 4203766: var/opt/BESClient/__BESData/opsite122/__Local/Get/
block 4203769: var/opt/BESClient/__BESData/opsite122/__Local/Tmp/
block 4203772: var/opt/BESClient/__BESData/opsite122/__Download/
block 4203775: var/opt/BESClient/__BESData/opsite121/
block 4203778: var/opt/BESClient/__BESData/opsite121/__Local/
block 4203781: var/opt/BESClient/__BESData/opsite121/__Local/Get/
block 4203784: var/opt/BESClient/__BESData/opsite121/__Local/Tmp/
block 4203787: var/opt/BESClient/__BESData/opsite121/__Local/FileList
block 4203821: var/opt/BESClient/__BESData/opsite121/Multiple Action Group 1544664.fxf
block 4203852: var/opt/BESClient/__BESData/opsite121/c2a5adfc35d863c657b17631e4300c940e0468e9_crt.dat
block 4203913: var/opt/BESClient/__BESData/opsite121/CertStore.dat
block 4204137: var/opt/BESClient/__BESData/opsite121/Multiple Action Group 1544666.fxf
block 4204168: var/opt/BESClient/__BESData/opsite121/__Download/
block 4204171: var/opt/BESClient/__BESData/opsite121/Multiple Action Group 1545024.fxf
block 4204202: var/opt/BESClient/__BESData/opsite121/ffa10dfe3bf582fff9a6facdc2ff4e8d13e351db_crt.dat
block 4204263: var/opt/BESClient/__BESData/opsite121/Multiple Action Group 1545015.fxf
block 4204294: var/opt/BESClient/__BESData/opsite121/Multiple Action Group 1545017.fxf
block 4204325: var/opt/BESClient/__BESData/opsite121/Multiple Action Group 1545022.fxf
block 4204356: var/opt/BESClient/__BESData/opsite125/
block 4204359: var/opt/BESClient/__BESData/opsite125/__Local/
block 4204362: var/opt/BESClient/__BESData/opsite125/__Local/Get/
block 4204365: var/opt/BESClient/__BESData/opsite125/__Local/Tmp/
block 4204368: var/opt/BESClient/__BESData/opsite125/__Download/
block 4204371: var/opt/BESClient/__BESData/opsite118/
block 4204374: var/opt/BESClient/__BESData/opsite118/__Local/
block 4204377: var/opt/BESClient/__BESData/opsite118/__Local/Get/
block 4204380: var/opt/BESClient/__BESData/opsite118/__Local/Tmp/
block 4204383: var/opt/BESClient/__BESData/opsite118/__Download/
block 4204386: var/opt/BESClient/__BESData/SiteData.db-wal
block 4211101: var/opt/BESClient/besclient.config
block 4211156: var/opt/BESClient/KeyStorage/
block 4211159: var/opt/BESClient/TrustedDownloadCerts/
block 4211162: var/opt/BESClient/RequestDir/
block 4211165: var/opt/BESClient/EDRDeployData/
block 4211168: var/opt/BESClient/oelr2dnf/
block 4211171: var/opt/BESClient/oelr2dnf/cache/
block 4211174: var/opt/BESClient/oelr2dnf/cache/OracleLinux91x8664BaseOS-ba5c1923860823b1/
block 4211177: var/opt/BESClient/oelr2dnf/cache/OracleLinux91x8664BaseOS-ba5c1923860823b1/repodata/
block 4211180: var/opt/BESClient/oelr2dnf/cache/OracleLinux91x8664BaseOS-ba5c1923860823b1/repodata/packages/
block 4211183: var/opt/BESClient/oelr2dnf/cache/OracleLinux92x8664BaseOS-99d560609226dcec/
block 4211186: var/opt/BESClient/oelr2dnf/cache/OracleLinux92x8664BaseOS-99d560609226dcec/repodata/
block 4211189: var/opt/BESClient/oelr2dnf/cache/OracleLinux92x8664BaseOS-99d560609226dcec/repodata/packages/
block 4211192: var/opt/BESClient/oelr2dnf/cache/OracleLinux93x8664BaseOS-02cdab823d71d31d/
block 4211195: var/opt/BESClient/oelr2dnf/cache/OracleLinux93x8664BaseOS-02cdab823d71d31d/repodata/
block 4211198: var/opt/BESClient/oelr2dnf/cache/OracleLinux93x8664BaseOS-02cdab823d71d31d/repodata/packages/
block 4211201: var/opt/BESClient/oelr2dnf/cache/OracleLinux9AppStreamx8664-0380d3ab2a28bae4/
block 4211204: var/opt/BESClient/oelr2dnf/cache/OracleLinux9AppStreamx8664-0380d3ab2a28bae4/repodata/
block 4211207: var/opt/BESClient/oelr2dnf/cache/OracleLinux9AppStreamx8664-0380d3ab2a28bae4/repodata/packages/
block 4211210: var/opt/BESClient/oelr2dnf/cache/OracleLinux9BaseOSLatestx8664-c9b65d2850511693/
block 4211213: var/opt/BESClient/oelr2dnf/cache/OracleLinux9BaseOSLatestx8664-c9b65d2850511693/repodata/
block 4211216: var/opt/BESClient/oelr2dnf/cache/OracleLinux9BaseOSLatestx8664-c9b65d2850511693/repodata/packages/
block 4211219: var/opt/BESClient/oelr2dnf/cache/OracleLinux9BaseOSLatestx8664-c9b65d2850511693/packages/
block 4211222: var/opt/BESClient/oelr2dnf/cache/OracleLinux9GAx8664BaseOS-3ad330699cf30765/
block 4211225: var/opt/BESClient/oelr2dnf/cache/OracleLinux9GAx8664BaseOS-3ad330699cf30765/repodata/
block 4211228: var/opt/BESClient/oelr2dnf/cache/OracleLinux9GAx8664BaseOS-3ad330699cf30765/repodata/packages/
block 4211231: var/opt/BESClient/oelr2dnf/cache/OracleLinux9UEKR7x8664-7ed11c99f38d7f4a/
block 4211234: var/opt/BESClient/oelr2dnf/cache/OracleLinux9UEKR7x8664-7ed11c99f38d7f4a/repodata/
block 4211237: var/opt/BESClient/oelr2dnf/cache/OracleLinux9UEKR7x8664-7ed11c99f38d7f4a/repodata/packages/
block 4211240: var/opt/BESClient/oelr2dnf/cache/OracleLinux9addonsx8664-0aaa66787511af0d/
block 4211243: var/opt/BESClient/oelr2dnf/cache/OracleLinux9addonsx8664-0aaa66787511af0d/repodata/
block 4211246: var/opt/BESClient/oelr2dnf/cache/OracleLinux9addonsx8664-0aaa66787511af0d/repodata/packages/
block 4211249: var/opt/BESClient/oelr2dnf/cache/OracleLinux9x8664CodeReadyBuilderUnsupported-58ed1d4c7d736716/
block 4211252: var/opt/BESClient/oelr2dnf/cache/OracleLinux9x8664CodeReadyBuilderUnsupported-58ed1d4c7d736716/repodata/
block 4211255: var/opt/BESClient/oelr2dnf/cache/OracleLinux9x8664CodeReadyBuilderUnsupported-58ed1d4c7d736716/repodata/packages/
block 4211258: var/opt/BESClient/oelr2dnf/repos.d/
block 4211261: var/opt/BESClient/oelr2dnf/plugins/
block 4211264: var/opt/BESClient/oelr2dnf/plugins/__pycache__/
block 4211267: var/opt/BESClient/oelr2dnf/plugin.conf.d/
block 4211270: var/preserve/
block 4211273: var/spool/
block 4211276: var/spool/lpd/
block 4211279: var/spool/mail/
block 4211282: var/spool/anacron/
block 4211285: var/spool/anacron/cron.daily
block 4211289: var/spool/anacron/cron.weekly
block 4211293: var/spool/anacron/cron.monthly
block 4211297: var/spool/cron/
block 4211300: var/spool/plymouth/
block 4211303: var/spool/up2date/
block 4211306: var/spool/up2date/loginAuth.pkl
block 4211310: var/spool/at/
block 4211313: var/spool/at/spool/
block 4211316: var/tmp/
block 4211319: var/tmp/systemd-private-b12018ada0e94db9bb1139ef8b3a43fe-dbus-broker.service-iZATrz/
block 4211322: var/tmp/systemd-private-b12018ada0e94db9bb1139ef8b3a43fe-dbus-broker.service-iZATrz/tmp/
block 4211325: var/tmp/systemd-private-b12018ada0e94db9bb1139ef8b3a43fe-rtkit-daemon.service-zmGBHZ/
block 4211328: var/tmp/systemd-private-b12018ada0e94db9bb1139ef8b3a43fe-rtkit-daemon.service-zmGBHZ/tmp/
block 4211331: var/tmp/systemd-private-b12018ada0e94db9bb1139ef8b3a43fe-systemd-logind.service-Ty2jhp/
block 4211334: var/tmp/systemd-private-b12018ada0e94db9bb1139ef8b3a43fe-systemd-logind.service-Ty2jhp/tmp/
block 4211337: var/tmp/systemd-private-b12018ada0e94db9bb1139ef8b3a43fe-upower.service-9q6Po1/
block 4211340: var/tmp/systemd-private-b12018ada0e94db9bb1139ef8b3a43fe-upower.service-9q6Po1/tmp/
block 4211343: var/tmp/systemd-private-b12018ada0e94db9bb1139ef8b3a43fe-ModemManager.service-izvQPX/
block 4211346: var/tmp/systemd-private-b12018ada0e94db9bb1139ef8b3a43fe-ModemManager.service-izvQPX/tmp/
block 4211349: var/tmp/systemd-private-b12018ada0e94db9bb1139ef8b3a43fe-httpd.service-9lEoij/
block 4211352: var/tmp/systemd-private-b12018ada0e94db9bb1139ef8b3a43fe-httpd.service-9lEoij/tmp/
block 4211355: var/tmp/Boot_Kernel_Info.txt
block 4211359: var/tmp/kernel-uek.txt
block 4211363: var/tmp/RHCK_Kernel.txt
block 4211367: var/tmp/messages_size.txt
block 4211371: var/tmp/bigfix_grpbis.txt
block 4211375: var/tmp/service_retries/
block 4211378: var/tmp/service_retries/.last_reset_date
block 4211382: var/tmp/service_retries/snmpd.retry
block 4211386: var/tmp/service_retries/lwsmd.retry
block 4211390: var/tmp/service_retries/besclient.retry
block 4211394: var/tmp/service_retries/falcon-sensor.retry
block 4211398: var/tmp/service_retries/auditd.retry
block 4211402: var/tmp/systemd-private-b12018ada0e94db9bb1139ef8b3a43fe-kdump.service-H3Ngtd/
block 4211405: var/tmp/systemd-private-b12018ada0e94db9bb1139ef8b3a43fe-kdump.service-H3Ngtd/tmp/
block 4211408: var/tmp/dnf-vmahadevan-0pcx6m5k/
block 4211411: var/tmp/systemd-private-b12018ada0e94db9bb1139ef8b3a43fe-chronyd.service-suS4kn/
block 4211414: var/tmp/systemd-private-b12018ada0e94db9bb1139ef8b3a43fe-chronyd.service-suS4kn/tmp/
block 4211417: var/tmp/bigfix_pbis.txt
block 4211421: var/yp/
block 4211424: var/kerberos/
block 4211427: var/kerberos/krb5/
block 4211430: var/kerberos/krb5/user/
block 4211433: var/crash/
block 4211436: var/account/
block 4211439: var/snmp/
block 4211442: var/snmp/mib_indexes/
block 4211445: var/www/
block 4211448: var/www/html/
block 4211451: var/www/cgi-bin/
block 4211454: var/ossec/
block 4211457: var/ossec/.ssh/
block 4211460: var/ossec/active-response/
block 4211463: var/ossec/active-response/bin/
block 4211466: var/ossec/agentless/
block 4211469: var/ossec/backup/
block 4211472: var/ossec/bin/
block 4211475: var/ossec/etc/
block 4211478: var/ossec/etc/shared/
block 4211481: var/ossec/lib/
block 4211484: var/ossec/logs/
block 4211487: var/ossec/logs/wazuh/
block 4211490: var/ossec/queue/
block 4211493: var/ossec/queue/alerts/
block 4211496: var/ossec/queue/diff/
block 4211499: var/ossec/queue/fim/
block 4211502: var/ossec/queue/fim/db/
block 4211505: var/ossec/queue/logcollector/
block 4211508: var/ossec/queue/rids/
block 4211511: var/ossec/queue/sockets/
block 4211514: var/ossec/queue/syscollector/
block 4211517: var/ossec/queue/syscollector/db/
block 4211520: var/ossec/ruleset/
block 4211523: var/ossec/ruleset/sca/
block 4211526: var/ossec/tmp/
block 4211529: var/ossec/tmp/sca-4.3.6-1-tmp/
block 4211532: var/ossec/tmp/sca-4.3.6-1-tmp/amazon/
block 4211535: var/ossec/tmp/sca-4.3.6-1-tmp/amzn/
block 4211538: var/ossec/tmp/sca-4.3.6-1-tmp/amzn/1/
block 4211541: var/ossec/tmp/sca-4.3.6-1-tmp/amzn/2/
block 4211544: var/ossec/tmp/sca-4.3.6-1-tmp/centos/
block 4211547: var/ossec/tmp/sca-4.3.6-1-tmp/centos/5/
block 4211550: var/ossec/tmp/sca-4.3.6-1-tmp/centos/6/
block 4211553: var/ossec/tmp/sca-4.3.6-1-tmp/centos/7/
block 4211556: var/ossec/tmp/sca-4.3.6-1-tmp/centos/8/
block 4211559: var/ossec/tmp/sca-4.3.6-1-tmp/fedora/
block 4211562: var/ossec/tmp/sca-4.3.6-1-tmp/fedora/29/
block 4211565: var/ossec/tmp/sca-4.3.6-1-tmp/fedora/30/
block 4211568: var/ossec/tmp/sca-4.3.6-1-tmp/fedora/31/
block 4211571: var/ossec/tmp/sca-4.3.6-1-tmp/fedora/32/
block 4211574: var/ossec/tmp/sca-4.3.6-1-tmp/fedora/33/
block 4211577: var/ossec/tmp/sca-4.3.6-1-tmp/fedora/34/
block 4211580: var/ossec/tmp/sca-4.3.6-1-tmp/generic/
block 4211583: var/ossec/tmp/sca-4.3.6-1-tmp/rhel/
block 4211586: var/ossec/tmp/sca-4.3.6-1-tmp/rhel/5/
block 4211589: var/ossec/tmp/sca-4.3.6-1-tmp/rhel/6/
block 4211592: var/ossec/tmp/sca-4.3.6-1-tmp/rhel/7/
block 4211595: var/ossec/tmp/sca-4.3.6-1-tmp/rhel/8/
block 4211598: var/ossec/tmp/sca-4.3.6-1-tmp/sles/
block 4211601: var/ossec/tmp/sca-4.3.6-1-tmp/sles/11/
block 4211604: var/ossec/tmp/sca-4.3.6-1-tmp/sles/12/
block 4211607: var/ossec/tmp/sca-4.3.6-1-tmp/sles/15/
block 4211610: var/ossec/tmp/sca-4.3.6-1-tmp/suse/
block 4211613: var/ossec/tmp/sca-4.3.6-1-tmp/suse/11/
block 4211616: var/ossec/tmp/sca-4.3.6-1-tmp/suse/12/
block 4211619: var/ossec/var/
block 4211622: var/ossec/var/incoming/
block 4211625: var/ossec/var/run/
block 4211628: var/ossec/var/selinux/
block 4211631: var/ossec/var/upgrade/
block 4211634: var/ossec/var/wodles/
block 4211637: var/ossec/wodles/
block 4211640: var/ossec/wodles/aws/
block 4211643: var/ossec/wodles/docker/
block 4211646: var/ossec/wodles/gcloud/
block 4211649: var/ossec/wodles/gcloud/buckets/
block 4211652: var/ossec/wodles/gcloud/pubsub/
block 4211655: var/snap/
block 4211658: var/snap/snapd/
block 4211661: var/snap/snapd/common/
block 4211664: var/snap/snapd/25202/
block 4211667: var/snap/core22/
block 4211670: var/snap/core22/common/
block 4211673: var/snap/core22/2133/
block 4211676: var/snap/tesseract/
block 4211679: var/snap/tesseract/common/
block 4211682: var/snap/tesseract/2507/
block 4211685: tmp/
block 4211688: var/www/html/
block 4211691: var/www/html/yum/
block 4211694: var/www/html/yum/ol7_x86_64_latest_ELS/
block 4211697: var/www/html/yum/ol7_x86_64_latest_ELS/getPackage/
block 4211700: var/www/html/yum/ol7_x86_64_latest_ELS/getPackage/autocorr-af-5.3.6.1-26.0.3.el7_9.noarch.rpm
block 4211989: var/www/html/yum/ol7_x86_64_latest_ELS/getPackage/autocorr-bg-5.3.6.1-26.0.3.el7_9.noarch.rpm
block 4212293: var/www/html/yum/ol7_x86_64_latest_ELS/getPackage/autocorr-ca-5.3.6.1-26.0.3.el7_9.noarch.rpm
block 4212604: var/www/html/yum/ol7_x86_64_latest_ELS/getPackage/autocorr-cs-5.3.6.1-26.0.3.el7_9.noarch.rpm
block 4212915: var/www/html/yum/ol7_x86_64_latest_ELS/getPackage/autocorr-da-5.3.6.1-26.0.3.el7_9.noarch.rpm
block 4213227: var/www/html/yum/ol7_x86_64_latest_ELS/getPackage/autocorr-de-5.3.6.1-26.0.3.el7_9.noarch.rpm
block 4213534: var/www/html/yum/ol7_x86_64_latest_ELS/getPackage/autocorr-en-5.3.6.1-26.0.3.el7_9.noarch.rpm
block 4213899: var/www/html/yum/ol7_x86_64_latest_ELS/getPackage/autocorr-es-5.3.6.1-26.0.3.el7_9.noarch.rpm
block 4214208: var/www/html/yum/ol7_x86_64_latest_ELS/getPackage/autocorr-fa-5.3.6.1-26.0.3.el7_9.noarch.rpm
block 4214600: var/www/html/yum/ol7_x86_64_latest_ELS/getPackage/autocorr-fi-5.3.6.1-26.0.3.el7_9.noarch.rpm
block 4214901: var/www/html/yum/ol7_x86_64_latest_ELS/getPackage/autocorr-fr-5.3.6.1-26.0.3.el7_9.noarch.rpm
block 4215209: var/www/html/yum/ol7_x86_64_latest_ELS/getPackage/autocorr-ga-5.3.6.1-26.0.3.el7_9.noarch.rpm
block 4215516: var/www/html/yum/ol7_x86_64_latest_ELS/getPackage/autocorr-hr-5.3.6.1-26.0.3.el7_9.noarch.rpm
block 4215823: var/www/html/yum/ol7_x86_64_latest_ELS/getPackage/autocorr-hu-5.3.6.1-26.0.3.el7_9.noarch.rpm
block 4216146: var/www/html/yum/ol7_x86_64_latest_ELS/getPackage/autocorr-is-5.3.6.1-26.0.3.el7_9.noarch.rpm
block 4216427: var/www/html/yum/ol7_x86_64_latest_ELS/getPackage/autocorr-it-5.3.6.1-26.0.3.el7_9.noarch.rpm
block 4216730: var/www/html/yum/ol7_x86_64_latest_ELS/getPackage/autocorr-ja-5.3.6.1-26.0.3.el7_9.noarch.rpm
block 4217043: var/www/html/yum/ol7_x86_64_latest_ELS/getPackage/autocorr-ko-5.3.6.1-26.0.3.el7_9.noarch.rpm
block 4217338: var/www/html/yum/ol7_x86_64_latest_ELS/getPackage/autocorr-lb-5.3.6.1-26.0.3.el7_9.noarch.rpm
block 4217627: var/www/html/yum/ol7_x86_64_latest_ELS/getPackage/autocorr-lt-5.3.6.1-26.0.3.el7_9.noarch.rpm
block 4217933: var/www/html/yum/ol7_x86_64_latest_ELS/getPackage/autocorr-mn-5.3.6.1-26.0.3.el7_9.noarch.rpm
block 4218221: var/www/html/yum/ol7_x86_64_latest_ELS/getPackage/autocorr-nl-5.3.6.1-26.0.3.el7_9.noarch.rpm
block 4218546: var/www/html/yum/ol7_x86_64_latest_ELS/getPackage/autocorr-pl-5.3.6.1-26.0.3.el7_9.noarch.rpm
block 4218862: var/www/html/yum/ol7_x86_64_latest_ELS/getPackage/autocorr-pt-5.3.6.1-26.0.3.el7_9.noarch.rpm
block 4219260: var/www/html/yum/ol7_x86_64_latest_ELS/getPackage/autocorr-ro-5.3.6.1-26.0.3.el7_9.noarch.rpm
block 4219694: var/www/html/yum/ol7_x86_64_latest_ELS/getPackage/autocorr-ru-5.3.6.1-26.0.3.el7_9.noarch.rpm
block 4220005: var/www/html/yum/ol7_x86_64_latest_ELS/getPackage/autocorr-sk-5.3.6.1-26.0.3.el7_9.noarch.rpm
block 4220314: var/www/html/yum/ol7_x86_64_latest_ELS/getPackage/autocorr-sl-5.3.6.1-26.0.3.el7_9.noarch.rpm
block 4220622: var/www/html/yum/ol7_x86_64_latest_ELS/getPackage/autocorr-sr-5.3.6.1-26.0.3.el7_9.noarch.rpm
block 4220906: var/www/html/yum/ol7_x86_64_latest_ELS/getPackage/autocorr-sv-5.3.6.1-26.0.3.el7_9.noarch.rpm
block 4221212: var/www/html/yum/ol7_x86_64_latest_ELS/getPackage/autocorr-tr-5.3.6.1-26.0.3.el7_9.noarch.rpm
block 4221515: var/www/html/yum/ol7_x86_64_latest_ELS/getPackage/autocorr-vi-5.3.6.1-26.0.3.el7_9.noarch.rpm
block 4221813: var/www/html/yum/ol7_x86_64_latest_ELS/getPackage/autocorr-zh-5.3.6.1-26.0.3.el7_9.noarch.rpm
block 4222146: var/www/html/yum/ol7_x86_64_latest_ELS/getPackage/bind-9.11.4-26.0.3.P2.el7_9.16.x86_64.rpm
block 4226906: var/www/html/yum/ol7_x86_64_latest_ELS/getPackage/bind-chroot-9.11.4-26.0.3.P2.el7_9.16.x86_64.rpm
block 4227097: var/www/html/yum/ol7_x86_64_latest_ELS/getPackage/bind-devel-9.11.4-26.0.3.P2.el7_9.16.i686.rpm
block 4227434: var/www/html/yum/ol7_x86_64_latest_ELS/getPackage/bind-devel-9.11.4-26.0.3.P2.el7_9.16.x86_64.rpm
block 4227771: var/www/html/yum/ol7_x86_64_latest_ELS/getPackage/bind-export-devel-9.11.4-26.0.3.P2.el7_9.16.i686.rpm
block 4228556: var/www/html/yum/ol7_x86_64_latest_ELS/getPackage/bind-export-devel-9.11.4-26.0.3.P2.el7_9.16.x86_64.rpm
block 4229341: var/www/html/yum/ol7_x86_64_latest_ELS/getPackage/bind-export-libs-9.11.4-26.0.3.P2.el7_9.16.i686.rpm
block 4231558: var/www/html/yum/ol7_x86_64_latest_ELS/getPackage/bind-export-libs-9.11.4-26.0.3.P2.el7_9.16.x86_64.rpm
block 4233810: var/www/html/yum/ol7_x86_64_latest_ELS/getPackage/bind-libs-9.11.4-26.0.3.P2.el7_9.16.i686.rpm
block 4234129: var/www/html/yum/ol7_x86_64_latest_ELS/getPackage/bind-libs-9.11.4-26.0.3.P2.el7_9.16.x86_64.rpm
block 4234449: var/www/html/yum/ol7_x86_64_latest_ELS/getPackage/bind-libs-lite-9.11.4-26.0.3.P2.el7_9.16.i686.rpm
block 4236729: var/www/html/yum/ol7_x86_64_latest_ELS/getPackage/bind-libs-lite-9.11.4-26.0.3.P2.el7_9.16.x86_64.rpm
block 4239051: var/www/html/yum/ol7_x86_64_latest_ELS/getPackage/bind-license-9.11.4-26.0.3.P2.el7_9.16.noarch.rpm
block 4239239: var/www/html/yum/ol7_x86_64_latest_ELS/getPackage/bind-lite-devel-9.11.4-26.0.3.P2.el7_9.16.i686.rpm
block 4240010: var/www/html/yum/ol7_x86_64_latest_ELS/getPackage/bind-lite-devel-9.11.4-26.0.3.P2.el7_9.16.x86_64.rpm
block 4240781: var/www/html/yum/ol7_x86_64_latest_ELS/getPackage/bind-pkcs11-9.11.4-26.0.3.P2.el7_9.16.x86_64.rpm
block 4241511: var/www/html/yum/ol7_x86_64_latest_ELS/getPackage/bind-pkcs11-devel-9.11.4-26.0.3.P2.el7_9.16.i686.rpm
block 4241737: var/www/html/yum/ol7_x86_64_latest_ELS/getPackage/bind-pkcs11-devel-9.11.4-26.0.3.P2.el7_9.16.x86_64.rpm
block 4241963: var/www/html/yum/ol7_x86_64_latest_ELS/getPackage/bind-pkcs11-libs-9.11.4-26.0.3.P2.el7_9.16.i686.rpm
block 4244138: var/www/html/yum/ol7_x86_64_latest_ELS/getPackage/bind-pkcs11-libs-9.11.4-26.0.3.P2.el7_9.16.x86_64.rpm
block 4246352: var/www/html/yum/ol7_x86_64_latest_ELS/getPackage/bind-pkcs11-utils-9.11.4-26.0.3.P2.el7_9.16.x86_64.rpm
block 4246777: var/www/html/yum/ol7_x86_64_latest_ELS/getPackage/bind-sdb-9.11.4-26.0.3.P2.el7_9.16.x86_64.rpm
block 4247617: var/www/html/yum/ol7_x86_64_latest_ELS/getPackage/bind-sdb-chroot-9.11.4-26.0.3.P2.el7_9.16.x86_64.rpm
block 4247808: var/www/html/yum/ol7_x86_64_latest_ELS/getPackage/bind-utils-9.11.4-26.0.3.P2.el7_9.16.x86_64.rpm
block 4248335: var/www/html/yum/ol7_x86_64_latest_ELS/getPackage/bpftool-3.10.0-1160.119.1.0.6.el7.x86_64.rpm
block 4265816: var/www/html/yum/ol7_x86_64_latest_ELS/getPackage/bpftool-3.10.0-1160.119.1.0.7.el7.x86_64.rpm
block 4283297: var/www/html/yum/ol7_x86_64_latest_ELS/getPackage/cpp-4.8.5-45.0.1.el7_9.x86_64.rpm
block 4295477: var/www/html/yum/ol7_x86_64_latest_ELS/getPackage/doxygen-1.8.5-4.0.1.el7.x86_64.rpm
block 4302759: var/www/html/yum/ol7_x86_64_latest_ELS/getPackage/doxygen-doxywizard-1.8.5-4.0.1.el7.x86_64.rpm
block 4303368: var/www/html/yum/ol7_x86_64_latest_ELS/getPackage/doxygen-latex-1.8.5-4.0.1.el7.x86_64.rpm
block 4303396: var/www/html/yum/ol7_x86_64_latest_ELS/getPackage/emacs-24.3-23.0.1.el7_9.1.x86_64.rpm
block 4309277: var/www/html/yum/ol7_x86_64_latest_ELS/getPackage/emacs-common-24.3-23.0.1.el7_9.1.x86_64.rpm
block 4351234: var/www/html/yum/ol7_x86_64_latest_ELS/getPackage/emacs-el-24.3-23.0.1.el7_9.1.noarch.rpm
block 4380518: var/www/html/yum/ol7_x86_64_latest_ELS/getPackage/emacs-filesystem-24.3-23.0.1.el7_9.1.noarch.rpm
block 4380637: var/www/html/yum/ol7_x86_64_latest_ELS/getPackage/emacs-nox-24.3-23.0.1.el7_9.1.x86_64.rpm
block 4385623: var/www/html/yum/ol7_x86_64_latest_ELS/getPackage/emacs-terminal-24.3-23.0.1.el7_9.1.noarch.rpm
block 4385744: var/www/html/yum/ol7_x86_64_latest_ELS/getPackage/evolution-3.28.5-10.0.1.el7.i686.rpm
block 4393710: var/www/html/yum/ol7_x86_64_latest_ELS/getPackage/evolution-3.28.5-10.0.1.el7.x86_64.rpm
block 4401751: var/www/html/yum/ol7_x86_64_latest_ELS/getPackage/evolution-bogofilter-3.28.5-10.0.1.el7.x86_64.rpm
block 4401783: var/www/html/yum/ol7_x86_64_latest_ELS/getPackage/evolution-devel-3.28.5-10.0.1.el7.i686.rpm
block 4402324: var/www/html/yum/ol7_x86_64_latest_ELS/getPackage/evolution-devel-3.28.5-10.0.1.el7.x86_64.rpm
block 4402865: var/www/html/yum/ol7_x86_64_latest_ELS/getPackage/evolution-devel-docs-3.28.5-10.0.1.el7.noarch.rpm
block 4403766: var/www/html/yum/ol7_x86_64_latest_ELS/getPackage/evolution-help-3.28.5-10.0.1.el7.noarch.rpm
block 4408113: var/www/html/yum/ol7_x86_64_latest_ELS/getPackage/evolution-langpacks-3.28.5-10.0.1.el7.noarch.rpm
block 4420667: var/www/html/yum/ol7_x86_64_latest_ELS/getPackage/evolution-pst-3.28.5-10.0.1.el7.x86_64.rpm
block 4420724: var/www/html/yum/ol7_x86_64_latest_ELS/getPackage/evolution-spamassassin-3.28.5-10.0.1.el7.x86_64.rpm
block 4420758: var/www/html/yum/ol7_x86_64_latest_ELS/getPackage/firefox-128.6.0-1.0.1.el7_9.x86_64.rpm
block 4681701: var/www/html/yum/ol7_x86_64_latest_ELS/getPackage/firefox-128.7.0-1.0.1.el7_9.x86_64.rpm
block 4942648: var/www/html/yum/ol7_x86_64_latest_ELS/getPackage/firefox-128.8.0-1.0.1.el7_9.x86_64.rpm
block 5206455: var/www/html/yum/ol7_x86_64_latest_ELS/getPackage/firefox-128.9.0-2.0.1.el7_9.x86_64.rpm
block 5470276: var/www/html/yum/ol7_x86_64_latest_ELS/getPackage/freetype-2.8-14.0.1.el7_9.1.i686.rpm
block 5471034: var/www/html/yum/ol7_x86_64_latest_ELS/getPackage/freetype-2.8-14.0.1.el7_9.1.x86_64.rpm
block 5471797: var/www/html/yum/ol7_x86_64_latest_ELS/getPackage/freetype-demos-2.8-14.0.1.el7_9.1.x86_64.rpm
block 5472175: var/www/html/yum/ol7_x86_64_latest_ELS/getPackage/freetype-devel-2.8-14.0.1.el7_9.1.i686.rpm
block 5473071: var/www/html/yum/ol7_x86_64_latest_ELS/getPackage/freetype-devel-2.8-14.0.1.el7_9.1.x86_64.rpm
block 5473967: var/www/html/yum/ol7_x86_64_latest_ELS/getPackage/gcc-4.8.5-45.0.1.el7_9.x86_64.rpm
block 5507111: var/www/html/yum/ol7_x86_64_latest_ELS/getPackage/gcc-c++-4.8.5-45.0.1.el7_9.x86_64.rpm
block 5521822: var/www/html/yum/ol7_x86_64_latest_ELS/getPackage/gcc-gfortran-4.8.5-45.0.1.el7_9.x86_64.rpm
block 5535458: var/www/html/yum/ol7_x86_64_latest_ELS/getPackage/gcc-gnat-4.8.5-45.0.1.el7_9.x86_64.rpm
block 5561955: var/www/html/yum/ol7_x86_64_latest_ELS/getPackage/gcc-go-4.8.5-45.0.1.el7_9.x86_64.rpm
block 5574061: var/www/html/yum/ol7_x86_64_latest_ELS/getPackage/gcc-objc++-4.8.5-45.0.1.el7_9.x86_64.rpm
block 5586658: var/www/html/yum/ol7_x86_64_latest_ELS/getPackage/gcc-objc-4.8.5-45.0.1.el7_9.x86_64.rpm
block 5598424: var/www/html/yum/ol7_x86_64_latest_ELS/getPackage/gcc-plugin-devel-4.8.5-45.0.1.el7_9.x86_64.rpm
block 5600087: var/www/html/yum/ol7_x86_64_latest_ELS/getPackage/grub2-2.02-0.87.0.27.el7_9.14.x86_64.rpm
block 5600163: var/www/html/yum/ol7_x86_64_latest_ELS/getPackage/grub2-common-2.02-0.87.0.27.el7_9.14.noarch.rpm
block 5601635: var/www/html/yum/ol7_x86_64_latest_ELS/getPackage/grub2-efi-ia32-2.02-0.87.0.27.el7_9.14.x86_64.rpm
block 5603946: var/www/html/yum/ol7_x86_64_latest_ELS/getPackage/grub2-efi-ia32-cdboot-2.02-0.87.0.27.el7_9.14.x86_64.rpm
block 5606255: var/www/html/yum/ol7_x86_64_latest_ELS/getPackage/grub2-efi-ia32-modules-2.02-0.87.0.27.el7_9.14.noarch.rpm
block 5608472: var/www/html/yum/ol7_x86_64_latest_ELS/getPackage/grub2-efi-x64-2.02-0.87.0.27.el7_9.14.x86_64.rpm
block 5610818: var/www/html/yum/ol7_x86_64_latest_ELS/getPackage/grub2-efi-x64-cdboot-2.02-0.87.0.27.el7_9.14.x86_64.rpm
block 5613162: var/www/html/yum/ol7_x86_64_latest_ELS/getPackage/grub2-efi-x64-modules-2.02-0.87.0.27.el7_9.14.noarch.rpm
block 5615447: var/www/html/yum/ol7_x86_64_latest_ELS/getPackage/grub2-pc-2.02-0.87.0.27.el7_9.14.x86_64.rpm
block 5615523: var/www/html/yum/ol7_x86_64_latest_ELS/getPackage/grub2-pc-modules-2.02-0.87.0.27.el7_9.14.noarch.rpm
block 5617253: var/www/html/yum/ol7_x86_64_latest_ELS/getPackage/grub2-tools-2.02-0.87.0.27.el7_9.14.x86_64.rpm
block 5620929: var/www/html/yum/ol7_x86_64_latest_ELS/getPackage/grub2-tools-extra-2.02-0.87.0.27.el7_9.14.x86_64.rpm
block 5622976: var/www/html/yum/ol7_x86_64_latest_ELS/getPackage/grub2-tools-minimal-2.02-0.87.0.27.el7_9.14.x86_64.rpm
block 5623338: var/www/html/yum/ol7_x86_64_latest_ELS/getPackage/gstreamer1-plugins-base-1.10.4-2.0.1.el7.i686.rpm
block 5626262: var/www/html/yum/ol7_x86_64_latest_ELS/getPackage/gstreamer1-plugins-base-1.10.4-2.0.1.el7.x86_64.rpm
block 5629168: var/www/html/yum/ol7_x86_64_latest_ELS/getPackage/gstreamer1-plugins-base-devel-1.10.4-2.0.1.el7.i686.rpm
block 5629770: var/www/html/yum/ol7_x86_64_latest_ELS/getPackage/gstreamer1-plugins-base-devel-1.10.4-2.0.1.el7.x86_64.rpm
block 5630372: var/www/html/yum/ol7_x86_64_latest_ELS/getPackage/gstreamer1-plugins-base-devel-docs-1.10.4-2.0.1.el7.noarch.rpm
block 5631223: var/www/html/yum/ol7_x86_64_latest_ELS/getPackage/gstreamer1-plugins-base-tools-1.10.4-2.0.1.el7.x86_64.rpm
block 5631295: var/www/html/yum/ol7_x86_64_latest_ELS/getPackage/gstreamer1-plugins-good-1.10.4-2.0.1.el7.i686.rpm
block 5635316: var/www/html/yum/ol7_x86_64_latest_ELS/getPackage/gstreamer1-plugins-good-1.10.4-2.0.1.el7.x86_64.rpm
block 5639332: var/www/html/yum/ol7_x86_64_latest_ELS/getPackage/iperf3-3.1.7-3.0.1.el7_9.i686.rpm
block 5639496: var/www/html/yum/ol7_x86_64_latest_ELS/getPackage/iperf3-3.1.7-3.0.1.el7_9.x86_64.rpm
block 5639658: var/www/html/yum/ol7_x86_64_latest_ELS/getPackage/iperf3-devel-3.1.7-3.0.1.el7_9.i686.rpm
block 5639678: var/www/html/yum/ol7_x86_64_latest_ELS/getPackage/iperf3-devel-3.1.7-3.0.1.el7_9.x86_64.rpm
block 5639698: var/www/html/yum/ol7_x86_64_latest_ELS/getPackage/iwl100-firmware-39.31.5.1-999.38.el7.noarch.rpm
block 5640034: var/www/html/yum/ol7_x86_64_latest_ELS/getPackage/iwl100-firmware-39.31.5.1-999.39.el7.noarch.rpm
block 5640373: var/www/html/yum/ol7_x86_64_latest_ELS/getPackage/iwl100-firmware-39.31.5.1-999.40.el7.noarch.rpm
block 5640714: var/www/html/yum/ol7_x86_64_latest_ELS/getPackage/iwl1000-firmware-39.31.5.1-999.38.el7.noarch.rpm
block 5641050: var/www/html/yum/ol7_x86_64_latest_ELS/getPackage/iwl1000-firmware-39.31.5.1-999.39.el7.noarch.rpm
block 5641389: var/www/html/yum/ol7_x86_64_latest_ELS/getPackage/iwl1000-firmware-39.31.5.1-999.40.el7.noarch.rpm
block 5641730: var/www/html/yum/ol7_x86_64_latest_ELS/getPackage/iwl105-firmware-18.168.6.1-999.38.el7.noarch.rpm
block 5642235: var/www/html/yum/ol7_x86_64_latest_ELS/getPackage/iwl105-firmware-18.168.6.1-999.39.el7.noarch.rpm
block 5642743: var/www/html/yum/ol7_x86_64_latest_ELS/getPackage/iwl105-firmware-18.168.6.1-999.40.el7.noarch.rpm
block 5643252: var/www/html/yum/ol7_x86_64_latest_ELS/getPackage/iwl135-firmware-18.168.6.1-999.38.el7.noarch.rpm
block 5643775: var/www/html/yum/ol7_x86_64_latest_ELS/getPackage/iwl135-firmware-18.168.6.1-999.39.el7.noarch.rpm
block 5644301: var/www/html/yum/ol7_x86_64_latest_ELS/getPackage/iwl135-firmware-18.168.6.1-999.40.el7.noarch.rpm
block 5644828: var/www/html/yum/ol7_x86_64_latest_ELS/getPackage/iwl2000-firmware-18.168.6.1-999.38.el7.noarch.rpm
block 5645338: var/www/html/yum/ol7_x86_64_latest_ELS/getPackage/iwl2000-firmware-18.168.6.1-999.39.el7.noarch.rpm
block 5645851: var/www/html/yum/ol7_x86_64_latest_ELS/getPackage/iwl2000-firmware-18.168.6.1-999.40.el7.noarch.rpm
block 5646365: var/www/html/yum/ol7_x86_64_latest_ELS/getPackage/iwl2030-firmware-18.168.6.1-999.38.el7.noarch.rpm
block 5646893: var/www/html/yum/ol7_x86_64_latest_ELS/getPackage/iwl2030-firmware-18.168.6.1-999.39.el7.noarch.rpm
block 5647423: var/www/html/yum/ol7_x86_64_latest_ELS/getPackage/iwl2030-firmware-18.168.6.1-999.40.el7.noarch.rpm
block 5647955: var/www/html/yum/ol7_x86_64_latest_ELS/getPackage/iwl3160-firmware-22.0.7.0-999.38.el7.noarch.rpm
block 5648946: var/www/html/yum/ol7_x86_64_latest_ELS/getPackage/iwl3160-firmware-22.0.7.0-999.39.el7.noarch.rpm
block 5649940: var/www/html/yum/ol7_x86_64_latest_ELS/getPackage/iwl3160-firmware-22.0.7.0-999.40.el7.noarch.rpm
block 5650935: var/www/html/yum/ol7_x86_64_latest_ELS/getPackage/iwl3945-firmware-15.32.2.9-999.38.el7.noarch.rpm
block 5651147: var/www/html/yum/ol7_x86_64_latest_ELS/getPackage/iwl3945-firmware-15.32.2.9-999.39.el7.noarch.rpm
block 5651362: var/www/html/yum/ol7_x86_64_latest_ELS/getPackage/iwl3945-firmware-15.32.2.9-999.40.el7.noarch.rpm
block 5651579: var/www/html/yum/ol7_x86_64_latest_ELS/getPackage/iwl4965-firmware-228.61.2.24-999.38.el7.noarch.rpm
block 5651818: var/www/html/yum/ol7_x86_64_latest_ELS/getPackage/iwl4965-firmware-228.61.2.24-999.39.el7.noarch.rpm
block 5652060: var/www/html/yum/ol7_x86_64_latest_ELS/getPackage/iwl4965-firmware-228.61.2.24-999.40.el7.noarch.rpm
block 5652304: var/www/html/yum/ol7_x86_64_latest_ELS/getPackage/iwl5000-firmware-8.83.5.1_1-999.38.el7.noarch.rpm
block 5652635: var/www/html/yum/ol7_x86_64_latest_ELS/getPackage/iwl5000-firmware-8.83.5.1_1-999.39.el7.noarch.rpm
block 5652969: var/www/html/yum/ol7_x86_64_latest_ELS/getPackage/iwl5000-firmware-8.83.5.1_1-999.40.el7.noarch.rpm
block 5653304: var/www/html/yum/ol7_x86_64_latest_ELS/getPackage/iwl5150-firmware-8.24.2.2-999.38.el7.noarch.rpm
block 5653634: var/www/html/yum/ol7_x86_64_latest_ELS/getPackage/iwl5150-firmware-8.24.2.2-999.39.el7.noarch.rpm
block 5653966: var/www/html/yum/ol7_x86_64_latest_ELS/getPackage/iwl5150-firmware-8.24.2.2-999.40.el7.noarch.rpm
block 5654300: var/www/html/yum/ol7_x86_64_latest_ELS/getPackage/iwl6000-firmware-9.221.4.1-999.38.el7.noarch.rpm
block 5654670: var/www/html/yum/ol7_x86_64_latest_ELS/getPackage/iwl6000-firmware-9.221.4.1-999.39.el7.noarch.rpm
block 5655043: var/www/html/yum/ol7_x86_64_latest_ELS/getPackage/iwl6000-firmware-9.221.4.1-999.40.el7.noarch.rpm
block 5655417: var/www/html/yum/ol7_x86_64_latest_ELS/getPackage/iwl6000g2a-firmware-17.168.5.3-999.38.el7.noarch.rpm
block 5655892: var/www/html/yum/ol7_x86_64_latest_ELS/getPackage/iwl6000g2a-firmware-17.168.5.3-999.39.el7.noarch.rpm
block 5656370: var/www/html/yum/ol7_x86_64_latest_ELS/getPackage/iwl6000g2a-firmware-17.168.5.3-999.40.el7.noarch.rpm
block 5656850: var/www/html/yum/ol7_x86_64_latest_ELS/getPackage/iwl6000g2b-firmware-17.168.5.2-999.38.el7.noarch.rpm
block 5657329: var/www/html/yum/ol7_x86_64_latest_ELS/getPackage/iwl6000g2b-firmware-17.168.5.2-999.39.el7.noarch.rpm
block 5657811: var/www/html/yum/ol7_x86_64_latest_ELS/getPackage/iwl6000g2b-firmware-17.168.5.2-999.40.el7.noarch.rpm
block 5658295: var/www/html/yum/ol7_x86_64_latest_ELS/getPackage/iwl6050-firmware-41.28.5.1-999.38.el7.noarch.rpm
block 5658680: var/www/html/yum/ol7_x86_64_latest_ELS/getPackage/iwl6050-firmware-41.28.5.1-999.39.el7.noarch.rpm
block 5659067: var/www/html/yum/ol7_x86_64_latest_ELS/getPackage/iwl6050-firmware-41.28.5.1-999.40.el7.noarch.rpm
block 5659456: var/www/html/yum/ol7_x86_64_latest_ELS/getPackage/iwl7260-firmware-22.0.7.0-999.38.el7.noarch.rpm
block 5670165: var/www/html/yum/ol7_x86_64_latest_ELS/getPackage/iwl7260-firmware-22.0.7.0-999.39.el7.noarch.rpm
block 5681812: var/www/html/yum/ol7_x86_64_latest_ELS/getPackage/iwl7260-firmware-22.0.7.0-999.40.el7.noarch.rpm
block 5693793: var/www/html/yum/ol7_x86_64_latest_ELS/getPackage/iwlax2xx-firmware-20250203-999.38.el7.noarch.rpm
block 5750655: var/www/html/yum/ol7_x86_64_latest_ELS/getPackage/iwlax2xx-firmware-20250319-999.39.el7.noarch.rpm
block 5808015: var/www/html/yum/ol7_x86_64_latest_ELS/getPackage/iwlax2xx-firmware-20250423-999.40.el7.noarch.rpm
block 5865377: var/www/html/yum/ol7_x86_64_latest_ELS/getPackage/java-1.8.0-openjdk-1.8.0.442.b06-1.0.1.el7_9.i686.rpm
block 5866031: var/www/html/yum/ol7_x86_64_latest_ELS/getPackage/java-1.8.0-openjdk-1.8.0.442.b06-1.0.1.el7_9.x86_64.rpm
block 5866686: var/www/html/yum/ol7_x86_64_latest_ELS/getPackage/java-1.8.0-openjdk-1.8.0.442.b06-1.0.3.el7_9.i686.rpm
block 5867340: var/www/html/yum/ol7_x86_64_latest_ELS/getPackage/java-1.8.0-openjdk-1.8.0.442.b06-1.0.3.el7_9.x86_64.rpm
block 5867996: var/www/html/yum/ol7_x86_64_latest_ELS/getPackage/java-1.8.0-openjdk-accessibility-1.8.0.442.b06-1.0.1.el7_9.i686.rpm
block 5868221: var/www/html/yum/ol7_x86_64_latest_ELS/getPackage/java-1.8.0-openjdk-accessibility-1.8.0.442.b06-1.0.1.el7_9.x86_64.rpm
block 5868446: var/www/html/yum/ol7_x86_64_latest_ELS/getPackage/java-1.8.0-openjdk-accessibility-1.8.0.442.b06-1.0.3.el7_9.i686.rpm
block 5868672: var/www/html/yum/ol7_x86_64_latest_ELS/getPackage/java-1.8.0-openjdk-accessibility-1.8.0.442.b06-1.0.3.el7_9.x86_64.rpm
block 5868897: var/www/html/yum/ol7_x86_64_latest_ELS/getPackage/java-1.8.0-openjdk-demo-1.8.0.442.b06-1.0.1.el7_9.i686.rpm
block 5873051: var/www/html/yum/ol7_x86_64_latest_ELS/getPackage/java-1.8.0-openjdk-demo-1.8.0.442.b06-1.0.1.el7_9.x86_64.rpm
block 5877202: var/www/html/yum/ol7_x86_64_latest_ELS/getPackage/java-1.8.0-openjdk-demo-1.8.0.442.b06-1.0.3.el7_9.i686.rpm
block 5881356: var/www/html/yum/ol7_x86_64_latest_ELS/getPackage/java-1.8.0-openjdk-demo-1.8.0.442.b06-1.0.3.el7_9.x86_64.rpm
block 5885507: var/www/html/yum/ol7_x86_64_latest_ELS/getPackage/java-1.8.0-openjdk-devel-1.8.0.442.b06-1.0.1.el7_9.i686.rpm
block 5905528: var/www/html/yum/ol7_x86_64_latest_ELS/getPackage/java-1.8.0-openjdk-devel-1.8.0.442.b06-1.0.1.el7_9.x86_64.rpm
block 5925546: var/www/html/yum/ol7_x86_64_latest_ELS/getPackage/java-1.8.0-openjdk-devel-1.8.0.442.b06-1.0.3.el7_9.i686.rpm
block 5945565: var/www/html/yum/ol7_x86_64_latest_ELS/getPackage/java-1.8.0-openjdk-devel-1.8.0.442.b06-1.0.3.el7_9.x86_64.rpm
block 5965576: var/www/html/yum/ol7_x86_64_latest_ELS/getPackage/java-1.8.0-openjdk-headless-1.8.0.442.b06-1.0.1.el7_9.i686.rpm
block 6033107: var/www/html/yum/ol7_x86_64_latest_ELS/getPackage/java-1.8.0-openjdk-headless-1.8.0.442.b06-1.0.1.el7_9.x86_64.rpm
block 6101032: var/www/html/yum/ol7_x86_64_latest_ELS/getPackage/java-1.8.0-openjdk-headless-1.8.0.442.b06-1.0.3.el7_9.i686.rpm
block 6168566: var/www/html/yum/ol7_x86_64_latest_ELS/getPackage/java-1.8.0-openjdk-headless-1.8.0.442.b06-1.0.3.el7_9.x86_64.rpm
block 6236490: var/www/html/yum/ol7_x86_64_latest_ELS/getPackage/java-1.8.0-openjdk-javadoc-1.8.0.442.b06-1.0.1.el7_9.noarch.rpm
block 6267898: var/www/html/yum/ol7_x86_64_latest_ELS/getPackage/java-1.8.0-openjdk-javadoc-1.8.0.442.b06-1.0.3.el7_9.noarch.rpm
block 6299307: var/www/html/yum/ol7_x86_64_latest_ELS/getPackage/java-1.8.0-openjdk-javadoc-zip-1.8.0.442.b06-1.0.1.el7_9.noarch.rpm
block 6384462: var/www/html/yum/ol7_x86_64_latest_ELS/getPackage/java-1.8.0-openjdk-javadoc-zip-1.8.0.442.b06-1.0.3.el7_9.noarch.rpm
block 6469794: var/www/html/yum/ol7_x86_64_latest_ELS/getPackage/java-1.8.0-openjdk-src-1.8.0.442.b06-1.0.1.el7_9.i686.rpm
block 6562906: var/www/html/yum/ol7_x86_64_latest_ELS/getPackage/java-1.8.0-openjdk-src-1.8.0.442.b06-1.0.1.el7_9.x86_64.rpm
block 6656019: var/www/html/yum/ol7_x86_64_latest_ELS/getPackage/java-1.8.0-openjdk-src-1.8.0.442.b06-1.0.3.el7_9.i686.rpm
block 6749127: var/www/html/yum/ol7_x86_64_latest_ELS/getPackage/java-1.8.0-openjdk-src-1.8.0.442.b06-1.0.3.el7_9.x86_64.rpm
block 6842237: var/www/html/yum/ol7_x86_64_latest_ELS/getPackage/kernel-3.10.0-1160.119.1.0.6.el7.x86_64.rpm
block 6948082: var/www/html/yum/ol7_x86_64_latest_ELS/getPackage/kernel-3.10.0-1160.119.1.0.7.el7.x86_64.rpm
block 7053927: var/www/html/yum/ol7_x86_64_latest_ELS/getPackage/kernel-abi-whitelists-3.10.0-1160.119.1.0.6.el7.noarch.rpm
block 7070515: var/www/html/yum/ol7_x86_64_latest_ELS/getPackage/kernel-abi-whitelists-3.10.0-1160.119.1.0.7.el7.noarch.rpm
block 7087104: var/www/html/yum/ol7_x86_64_latest_ELS/getPackage/kernel-debug-3.10.0-1160.119.1.0.6.el7.x86_64.rpm
block 7197668: var/www/html/yum/ol7_x86_64_latest_ELS/getPackage/kernel-debug-3.10.0-1160.119.1.0.7.el7.x86_64.rpm
block 7308210: var/www/html/yum/ol7_x86_64_latest_ELS/getPackage/kernel-debug-devel-3.10.0-1160.119.1.0.6.el7.x86_64.rpm
block 7345302: var/www/html/yum/ol7_x86_64_latest_ELS/getPackage/kernel-debug-devel-3.10.0-1160.119.1.0.7.el7.x86_64.rpm
block 7382389: var/www/html/yum/ol7_x86_64_latest_ELS/getPackage/kernel-devel-3.10.0-1160.119.1.0.6.el7.x86_64.rpm
block 7419337: var/www/html/yum/ol7_x86_64_latest_ELS/getPackage/kernel-devel-3.10.0-1160.119.1.0.7.el7.x86_64.rpm
block 7456286: var/www/html/yum/ol7_x86_64_latest_ELS/getPackage/kernel-doc-3.10.0-1160.119.1.0.6.el7.noarch.rpm
block 7496352: var/www/html/yum/ol7_x86_64_latest_ELS/getPackage/kernel-doc-3.10.0-1160.119.1.0.7.el7.noarch.rpm
block 7536419: var/www/html/yum/ol7_x86_64_latest_ELS/getPackage/kernel-headers-3.10.0-1160.119.1.0.6.el7.x86_64.rpm
block 7555030: var/www/html/yum/ol7_x86_64_latest_ELS/getPackage/kernel-headers-3.10.0-1160.119.1.0.7.el7.x86_64.rpm
block 7573642: var/www/html/yum/ol7_x86_64_latest_ELS/getPackage/kernel-tools-3.10.0-1160.119.1.0.6.el7.x86_64.rpm
block 7590427: var/www/html/yum/ol7_x86_64_latest_ELS/getPackage/kernel-tools-3.10.0-1160.119.1.0.7.el7.x86_64.rpm
block 7607213: var/www/html/yum/ol7_x86_64_latest_ELS/getPackage/kernel-tools-libs-3.10.0-1160.119.1.0.6.el7.x86_64.rpm
block 7623784: var/www/html/yum/ol7_x86_64_latest_ELS/getPackage/kernel-tools-libs-3.10.0-1160.119.1.0.7.el7.x86_64.rpm
block 7640356: var/www/html/yum/ol7_x86_64_latest_ELS/getPackage/kernel-tools-libs-devel-3.10.0-1160.119.1.0.6.el7.x86_64.rpm
block 7656920: var/www/html/yum/ol7_x86_64_latest_ELS/getPackage/kernel-tools-libs-devel-3.10.0-1160.119.1.0.7.el7.x86_64.rpm
block 7673485: var/www/html/yum/ol7_x86_64_latest_ELS/getPackage/krb5-devel-1.15.1-55.0.9.el7_9.i686.rpm
block 7674034: var/www/html/yum/ol7_x86_64_latest_ELS/getPackage/krb5-devel-1.15.1-55.0.9.el7_9.x86_64.rpm
block 7674585: var/www/html/yum/ol7_x86_64_latest_ELS/getPackage/krb5-libs-1.15.1-55.0.9.el7_9.i686.rpm
block 7676221: var/www/html/yum/ol7_x86_64_latest_ELS/getPackage/krb5-libs-1.15.1-55.0.9.el7_9.x86_64.rpm
block 7677847: var/www/html/yum/ol7_x86_64_latest_ELS/getPackage/krb5-pkinit-1.15.1-55.0.9.el7_9.x86_64.rpm
block 7678185: var/www/html/yum/ol7_x86_64_latest_ELS/getPackage/krb5-server-1.15.1-55.0.9.el7_9.x86_64.rpm
block 7680285: var/www/html/yum/ol7_x86_64_latest_ELS/getPackage/krb5-server-ldap-1.15.1-55.0.9.el7_9.x86_64.rpm
block 7680680: var/www/html/yum/ol7_x86_64_latest_ELS/getPackage/krb5-workstation-1.15.1-55.0.9.el7_9.x86_64.rpm
block 7682326: var/www/html/yum/ol7_x86_64_latest_ELS/getPackage/libasan-4.8.5-45.0.1.el7_9.i686.rpm
block 7682548: var/www/html/yum/ol7_x86_64_latest_ELS/getPackage/libasan-4.8.5-45.0.1.el7_9.x86_64.rpm
block 7682767: var/www/html/yum/ol7_x86_64_latest_ELS/getPackage/libasan-static-4.8.5-45.0.1.el7_9.i686.rpm
block 7683041: var/www/html/yum/ol7_x86_64_latest_ELS/getPackage/libasan-static-4.8.5-45.0.1.el7_9.x86_64.rpm
block 7683306: var/www/html/yum/ol7_x86_64_latest_ELS/getPackage/libatomic-4.8.5-45.0.1.el7_9.i686.rpm
block 7683412: var/www/html/yum/ol7_x86_64_latest_ELS/getPackage/libatomic-4.8.5-45.0.1.el7_9.x86_64.rpm
block 7683519: var/www/html/yum/ol7_x86_64_latest_ELS/getPackage/libatomic-static-4.8.5-45.0.1.el7_9.i686.rpm
block 7683630: var/www/html/yum/ol7_x86_64_latest_ELS/getPackage/libatomic-static-4.8.5-45.0.1.el7_9.x86_64.rpm
block 7683743: var/www/html/yum/ol7_x86_64_latest_ELS/getPackage/libgcc-4.8.5-45.0.1.el7_9.i686.rpm
block 7683969: var/www/html/yum/ol7_x86_64_latest_ELS/getPackage/libgcc-4.8.5-45.0.1.el7_9.x86_64.rpm
block 7684180: var/www/html/yum/ol7_x86_64_latest_ELS/getPackage/libgfortran-4.8.5-45.0.1.el7_9.i686.rpm
block 7684761: var/www/html/yum/ol7_x86_64_latest_ELS/getPackage/libgfortran-4.8.5-45.0.1.el7_9.x86_64.rpm
block 7685368: var/www/html/yum/ol7_x86_64_latest_ELS/getPackage/libgfortran-static-4.8.5-45.0.1.el7_9.i686.rpm
block 7686002: var/www/html/yum/ol7_x86_64_latest_ELS/getPackage/libgfortran-static-4.8.5-45.0.1.el7_9.x86_64.rpm
block 7686668: var/www/html/yum/ol7_x86_64_latest_ELS/getPackage/libgnat-4.8.5-45.0.1.el7_9.i686.rpm
block 7688718: var/www/html/yum/ol7_x86_64_latest_ELS/getPackage/libgnat-4.8.5-45.0.1.el7_9.x86_64.rpm
block 7690658: var/www/html/yum/ol7_x86_64_latest_ELS/getPackage/libgnat-devel-4.8.5-45.0.1.el7_9.i686.rpm
block 7696174: var/www/html/yum/ol7_x86_64_latest_ELS/getPackage/libgnat-devel-4.8.5-45.0.1.el7_9.x86_64.rpm
block 7701690: var/www/html/yum/ol7_x86_64_latest_ELS/getPackage/libgnat-static-4.8.5-45.0.1.el7_9.i686.rpm
block 7703674: var/www/html/yum/ol7_x86_64_latest_ELS/getPackage/libgnat-static-4.8.5-45.0.1.el7_9.x86_64.rpm
block 7705649: var/www/html/yum/ol7_x86_64_latest_ELS/getPackage/libgo-4.8.5-45.0.1.el7_9.i686.rpm
block 7709968: var/www/html/yum/ol7_x86_64_latest_ELS/getPackage/libgo-4.8.5-45.0.1.el7_9.x86_64.rpm
block 7714446: var/www/html/yum/ol7_x86_64_latest_ELS/getPackage/libgo-devel-4.8.5-45.0.1.el7_9.i686.rpm
block 7714910: var/www/html/yum/ol7_x86_64_latest_ELS/getPackage/libgo-devel-4.8.5-45.0.1.el7_9.x86_64.rpm
block 7715380: var/www/html/yum/ol7_x86_64_latest_ELS/getPackage/libgo-static-4.8.5-45.0.1.el7_9.i686.rpm
block 7721470: var/www/html/yum/ol7_x86_64_latest_ELS/getPackage/libgo-static-4.8.5-45.0.1.el7_9.x86_64.rpm
block 7727586: var/www/html/yum/ol7_x86_64_latest_ELS/getPackage/libgomp-4.8.5-45.0.1.el7_9.i686.rpm
block 7727915: var/www/html/yum/ol7_x86_64_latest_ELS/getPackage/libgomp-4.8.5-45.0.1.el7_9.x86_64.rpm
block 7728237: var/www/html/yum/ol7_x86_64_latest_ELS/getPackage/libitm-4.8.5-45.0.1.el7_9.i686.rpm
block 7728427: var/www/html/yum/ol7_x86_64_latest_ELS/getPackage/libitm-4.8.5-45.0.1.el7_9.x86_64.rpm
block 7728616: var/www/html/yum/ol7_x86_64_latest_ELS/getPackage/libitm-devel-4.8.5-45.0.1.el7_9.i686.rpm
block 7728733: var/www/html/yum/ol7_x86_64_latest_ELS/getPackage/libitm-devel-4.8.5-45.0.1.el7_9.x86_64.rpm
block 7728850: var/www/html/yum/ol7_x86_64_latest_ELS/getPackage/libitm-static-4.8.5-45.0.1.el7_9.i686.rpm
block 7729010: var/www/html/yum/ol7_x86_64_latest_ELS/getPackage/libitm-static-4.8.5-45.0.1.el7_9.x86_64.rpm
block 7729170: var/www/html/yum/ol7_x86_64_latest_ELS/getPackage/libkadm5-1.15.1-55.0.9.el7_9.i686.rpm
block 7729534: var/www/html/yum/ol7_x86_64_latest_ELS/getPackage/libkadm5-1.15.1-55.0.9.el7_9.x86_64.rpm
block 7729897: var/www/html/yum/ol7_x86_64_latest_ELS/getPackage/libmudflap-4.8.5-45.0.1.el7_9.i686.rpm
block 7730093: var/www/html/yum/ol7_x86_64_latest_ELS/getPackage/libmudflap-4.8.5-45.0.1.el7_9.x86_64.rpm
block 7730301: var/www/html/yum/ol7_x86_64_latest_ELS/getPackage/libmudflap-devel-4.8.5-45.0.1.el7_9.i686.rpm
block 7730436: var/www/html/yum/ol7_x86_64_latest_ELS/getPackage/libmudflap-devel-4.8.5-45.0.1.el7_9.x86_64.rpm
block 7730571: var/www/html/yum/ol7_x86_64_latest_ELS/getPackage/libmudflap-static-4.8.5-45.0.1.el7_9.i686.rpm
block 7730775: var/www/html/yum/ol7_x86_64_latest_ELS/getPackage/libmudflap-static-4.8.5-45.0.1.el7_9.x86_64.rpm
block 7730983: var/www/html/yum/ol7_x86_64_latest_ELS/getPackage/libobjc-4.8.5-45.0.1.el7_9.i686.rpm
block 7731149: var/www/html/yum/ol7_x86_64_latest_ELS/getPackage/libobjc-4.8.5-45.0.1.el7_9.x86_64.rpm
block 7731315: var/www/html/yum/ol7_x86_64_latest_ELS/getPackage/libquadmath-4.8.5-45.0.1.el7_9.i686.rpm
block 7731764: var/www/html/yum/ol7_x86_64_latest_ELS/getPackage/libquadmath-4.8.5-45.0.1.el7_9.x86_64.rpm
block 7732150: var/www/html/yum/ol7_x86_64_latest_ELS/getPackage/libquadmath-devel-4.8.5-45.0.1.el7_9.i686.rpm
block 7732262: var/www/html/yum/ol7_x86_64_latest_ELS/getPackage/libquadmath-devel-4.8.5-45.0.1.el7_9.x86_64.rpm
block 7732374: var/www/html/yum/ol7_x86_64_latest_ELS/getPackage/libquadmath-static-4.8.5-45.0.1.el7_9.i686.rpm
block 7732772: var/www/html/yum/ol7_x86_64_latest_ELS/getPackage/libquadmath-static-4.8.5-45.0.1.el7_9.x86_64.rpm
block 7733129: var/www/html/yum/ol7_x86_64_latest_ELS/getPackage/libreoffice-5.3.6.1-26.0.3.el7_9.x86_64.rpm
block 7733234: var/www/html/yum/ol7_x86_64_latest_ELS/getPackage/libreoffice-base-5.3.6.1-26.0.3.el7_9.x86_64.rpm
block 7738635: var/www/html/yum/ol7_x86_64_latest_ELS/getPackage/libreoffice-bsh-5.3.6.1-26.0.3.el7_9.x86_64.rpm
block 7738803: var/www/html/yum/ol7_x86_64_latest_ELS/getPackage/libreoffice-calc-5.3.6.1-26.0.3.el7_9.x86_64.rpm
block 7757190: var/www/html/yum/ol7_x86_64_latest_ELS/getPackage/libreoffice-core-5.3.6.1-26.0.3.el7_9.x86_64.rpm
block 7906275: var/www/html/yum/ol7_x86_64_latest_ELS/getPackage/libreoffice-data-5.3.6.1-26.0.3.el7_9.noarch.rpm
block 7913127: var/www/html/yum/ol7_x86_64_latest_ELS/getPackage/libreoffice-draw-5.3.6.1-26.0.3.el7_9.x86_64.rpm
block 7914470: var/www/html/yum/ol7_x86_64_latest_ELS/getPackage/libreoffice-emailmerge-5.3.6.1-26.0.3.el7_9.x86_64.rpm
block 7914602: var/www/html/yum/ol7_x86_64_latest_ELS/getPackage/libreoffice-filters-5.3.6.1-26.0.3.el7_9.x86_64.rpm
block 7914706: var/www/html/yum/ol7_x86_64_latest_ELS/getPackage/libreoffice-gdb-debug-support-5.3.6.1-26.0.3.el7_9.x86_64.rpm
block 7914879: var/www/html/yum/ol7_x86_64_latest_ELS/getPackage/libreoffice-glade-5.3.6.1-26.0.3.el7_9.x86_64.rpm
block 7915024: var/www/html/yum/ol7_x86_64_latest_ELS/getPackage/libreoffice-graphicfilter-5.3.6.1-26.0.3.el7_9.x86_64.rpm
block 7915933: var/www/html/yum/ol7_x86_64_latest_ELS/getPackage/libreoffice-gtk2-5.3.6.1-26.0.3.el7_9.x86_64.rpm
block 7916495: var/www/html/yum/ol7_x86_64_latest_ELS/getPackage/libreoffice-gtk3-5.3.6.1-26.0.3.el7_9.x86_64.rpm
block 7917097: var/www/html/yum/ol7_x86_64_latest_ELS/getPackage/libreoffice-help-ar-5.3.6.1-26.0.3.el7_9.x86_64.rpm
block 7926919: var/www/html/yum/ol7_x86_64_latest_ELS/getPackage/libreoffice-help-bg-5.3.6.1-26.0.3.el7_9.x86_64.rpm
block 7941605: var/www/html/yum/ol7_x86_64_latest_ELS/getPackage/libreoffice-help-bn-5.3.6.1-26.0.3.el7_9.x86_64.rpm
block 7957963: var/www/html/yum/ol7_x86_64_latest_ELS/getPackage/libreoffice-help-ca-5.3.6.1-26.0.3.el7_9.x86_64.rpm
block 7971834: var/www/html/yum/ol7_x86_64_latest_ELS/getPackage/libreoffice-help-cs-5.3.6.1-26.0.3.el7_9.x86_64.rpm
block 7984710: var/www/html/yum/ol7_x86_64_latest_ELS/getPackage/libreoffice-help-da-5.3.6.1-26.0.3.el7_9.x86_64.rpm
block 7997926: var/www/html/yum/ol7_x86_64_latest_ELS/getPackage/libreoffice-help-de-5.3.6.1-26.0.3.el7_9.x86_64.rpm
block 8011985: var/www/html/yum/ol7_x86_64_latest_ELS/getPackage/libreoffice-help-dz-5.3.6.1-26.0.3.el7_9.x86_64.rpm
block 8030401: var/www/html/yum/ol7_x86_64_latest_ELS/getPackage/libreoffice-help-el-5.3.6.1-26.0.3.el7_9.x86_64.rpm
block 8046246: var/www/html/yum/ol7_x86_64_latest_ELS/getPackage/libreoffice-help-es-5.3.6.1-26.0.3.el7_9.x86_64.rpm
block 8060241: var/www/html/yum/ol7_x86_64_latest_ELS/getPackage/libreoffice-help-et-5.3.6.1-26.0.3.el7_9.x86_64.rpm
block 8072997: var/www/html/yum/ol7_x86_64_latest_ELS/getPackage/libreoffice-help-eu-5.3.6.1-26.0.3.el7_9.x86_64.rpm
block 8085874: var/www/html/yum/ol7_x86_64_latest_ELS/getPackage/libreoffice-help-fi-5.3.6.1-26.0.3.el7_9.x86_64.rpm
block 8099326: var/www/html/yum/ol7_x86_64_latest_ELS/getPackage/libreoffice-help-fr-5.3.6.1-26.0.3.el7_9.x86_64.rpm
block 8113622: var/www/html/yum/ol7_x86_64_latest_ELS/getPackage/libreoffice-help-gl-5.3.6.1-26.0.3.el7_9.x86_64.rpm
block 8126939: var/www/html/yum/ol7_x86_64_latest_ELS/getPackage/libreoffice-help-gu-5.3.6.1-26.0.3.el7_9.x86_64.rpm
block 8137261: var/www/html/yum/ol7_x86_64_latest_ELS/getPackage/libreoffice-help-he-5.3.6.1-26.0.3.el7_9.x86_64.rpm
block 8146788: var/www/html/yum/ol7_x86_64_latest_ELS/getPackage/libreoffice-help-hi-5.3.6.1-26.0.3.el7_9.x86_64.rpm
block 8159450: var/www/html/yum/ol7_x86_64_latest_ELS/getPackage/libreoffice-help-hr-5.3.6.1-26.0.3.el7_9.x86_64.rpm
block 8170048: var/www/html/yum/ol7_x86_64_latest_ELS/getPackage/libreoffice-help-hu-5.3.6.1-26.0.3.el7_9.x86_64.rpm
block 8183838: var/www/html/yum/ol7_x86_64_latest_ELS/getPackage/libreoffice-help-id-5.3.6.1-26.0.3.el7_9.x86_64.rpm
block 8194528: var/www/html/yum/ol7_x86_64_latest_ELS/getPackage/libreoffice-help-it-5.3.6.1-26.0.3.el7_9.x86_64.rpm
block 8208394: var/www/html/yum/ol7_x86_64_latest_ELS/getPackage/libreoffice-help-ja-5.3.6.1-26.0.3.el7_9.x86_64.rpm
block 8231127: var/www/html/yum/ol7_x86_64_latest_ELS/getPackage/libreoffice-help-ko-5.3.6.1-26.0.3.el7_9.x86_64.rpm
block 8247361: var/www/html/yum/ol7_x86_64_latest_ELS/getPackage/libreoffice-help-lt-5.3.6.1-26.0.3.el7_9.x86_64.rpm
block 8257335: var/www/html/yum/ol7_x86_64_latest_ELS/getPackage/libreoffice-help-lv-5.3.6.1-26.0.3.el7_9.x86_64.rpm
block 8268168: var/www/html/yum/ol7_x86_64_latest_ELS/getPackage/libreoffice-help-nb-5.3.6.1-26.0.3.el7_9.x86_64.rpm
block 8281286: var/www/html/yum/ol7_x86_64_latest_ELS/getPackage/libreoffice-help-nl-5.3.6.1-26.0.3.el7_9.x86_64.rpm
block 8294795: var/www/html/yum/ol7_x86_64_latest_ELS/getPackage/libreoffice-help-nn-5.3.6.1-26.0.3.el7_9.x86_64.rpm
block 8307888: var/www/html/yum/ol7_x86_64_latest_ELS/getPackage/libreoffice-help-pl-5.3.6.1-26.0.3.el7_9.x86_64.rpm
block 8321702: var/www/html/yum/ol7_x86_64_latest_ELS/getPackage/libreoffice-help-pt-BR-5.3.6.1-26.0.3.el7_9.x86_64.rpm
block 8335214: var/www/html/yum/ol7_x86_64_latest_ELS/getPackage/libreoffice-help-pt-PT-5.3.6.1-26.0.3.el7_9.x86_64.rpm
block 8348616: var/www/html/yum/ol7_x86_64_latest_ELS/getPackage/libreoffice-help-ro-5.3.6.1-26.0.3.el7_9.x86_64.rpm
block 8358365: var/www/html/yum/ol7_x86_64_latest_ELS/getPackage/libreoffice-help-ru-5.3.6.1-26.0.3.el7_9.x86_64.rpm
block 8372976: var/www/html/yum/ol7_x86_64_latest_ELS/getPackage/libreoffice-help-si-5.3.6.1-26.0.3.el7_9.x86_64.rpm
block 8385366: var/www/html/yum/ol7_x86_64_latest_ELS/getPackage/libreoffice-help-sk-5.3.6.1-26.0.3.el7_9.x86_64.rpm
block 8397889: var/www/html/yum/ol7_x86_64_latest_ELS/getPackage/libreoffice-help-sl-5.3.6.1-26.0.3.el7_9.x86_64.rpm
block 8411359: var/www/html/yum/ol7_x86_64_latest_ELS/getPackage/libreoffice-help-sv-5.3.6.1-26.0.3.el7_9.x86_64.rpm
block 8424747: var/www/html/yum/ol7_x86_64_latest_ELS/getPackage/libreoffice-help-ta-5.3.6.1-26.0.3.el7_9.x86_64.rpm
block 8438185: var/www/html/yum/ol7_x86_64_latest_ELS/getPackage/libreoffice-help-tr-5.3.6.1-26.0.3.el7_9.x86_64.rpm
block 8451960: var/www/html/yum/ol7_x86_64_latest_ELS/getPackage/libreoffice-help-uk-5.3.6.1-26.0.3.el7_9.x86_64.rpm
block 8465298: var/www/html/yum/ol7_x86_64_latest_ELS/getPackage/libreoffice-help-zh-Hans-5.3.6.1-26.0.3.el7_9.x86_64.rpm
block 8484216: var/www/html/yum/ol7_x86_64_latest_ELS/getPackage/libreoffice-help-zh-Hant-5.3.6.1-26.0.3.el7_9.x86_64.rpm
block 8503054: var/www/html/yum/ol7_x86_64_latest_ELS/getPackage/libreoffice-impress-5.3.6.1-26.0.3.el7_9.x86_64.rpm
block 8505657: var/www/html/yum/ol7_x86_64_latest_ELS/getPackage/libreoffice-langpack-af-5.3.6.1-26.0.3.el7_9.x86_64.rpm
block 8506526: var/www/html/yum/ol7_x86_64_latest_ELS/getPackage/libreoffice-langpack-ar-5.3.6.1-26.0.3.el7_9.x86_64.rpm
block 8507455: var/www/html/yum/ol7_x86_64_latest_ELS/getPackage/libreoffice-langpack-as-5.3.6.1-26.0.3.el7_9.x86_64.rpm
block 8508419: var/www/html/yum/ol7_x86_64_latest_ELS/getPackage/libreoffice-langpack-bg-5.3.6.1-26.0.3.el7_9.x86_64.rpm
block 8509550: var/www/html/yum/ol7_x86_64_latest_ELS/getPackage/libreoffice-langpack-bn-5.3.6.1-26.0.3.el7_9.x86_64.rpm
block 8510486: var/www/html/yum/ol7_x86_64_latest_ELS/getPackage/libreoffice-langpack-br-5.3.6.1-26.0.3.el7_9.x86_64.rpm
block 8511380: var/www/html/yum/ol7_x86_64_latest_ELS/getPackage/libreoffice-langpack-ca-5.3.6.1-26.0.3.el7_9.x86_64.rpm
block 8512272: var/www/html/yum/ol7_x86_64_latest_ELS/getPackage/libreoffice-langpack-cs-5.3.6.1-26.0.3.el7_9.x86_64.rpm
block 8513342: var/www/html/yum/ol7_x86_64_latest_ELS/getPackage/libreoffice-langpack-cy-5.3.6.1-26.0.3.el7_9.x86_64.rpm
block 8514204: var/www/html/yum/ol7_x86_64_latest_ELS/getPackage/libreoffice-langpack-da-5.3.6.1-26.0.3.el7_9.x86_64.rpm
block 8515233: var/www/html/yum/ol7_x86_64_latest_ELS/getPackage/libreoffice-langpack-de-5.3.6.1-26.0.3.el7_9.x86_64.rpm
block 8516265: var/www/html/yum/ol7_x86_64_latest_ELS/getPackage/libreoffice-langpack-dz-5.3.6.1-26.0.3.el7_9.x86_64.rpm
block 8517224: var/www/html/yum/ol7_x86_64_latest_ELS/getPackage/libreoffice-langpack-el-5.3.6.1-26.0.3.el7_9.x86_64.rpm
block 8518203: var/www/html/yum/ol7_x86_64_latest_ELS/getPackage/libreoffice-langpack-en-5.3.6.1-26.0.3.el7_9.x86_64.rpm
block 8518307: var/www/html/yum/ol7_x86_64_latest_ELS/getPackage/libreoffice-langpack-es-5.3.6.1-26.0.3.el7_9.x86_64.rpm
block 8519350: var/www/html/yum/ol7_x86_64_latest_ELS/getPackage/libreoffice-langpack-et-5.3.6.1-26.0.3.el7_9.x86_64.rpm
block 8520204: var/www/html/yum/ol7_x86_64_latest_ELS/getPackage/libreoffice-langpack-eu-5.3.6.1-26.0.3.el7_9.x86_64.rpm
block 8521067: var/www/html/yum/ol7_x86_64_latest_ELS/getPackage/libreoffice-langpack-fa-5.3.6.1-26.0.3.el7_9.x86_64.rpm
block 8521966: var/www/html/yum/ol7_x86_64_latest_ELS/getPackage/libreoffice-langpack-fi-5.3.6.1-26.0.3.el7_9.x86_64.rpm
block 8522845: var/www/html/yum/ol7_x86_64_latest_ELS/getPackage/libreoffice-langpack-fr-5.3.6.1-26.0.3.el7_9.x86_64.rpm
block 8523888: var/www/html/yum/ol7_x86_64_latest_ELS/getPackage/libreoffice-langpack-ga-5.3.6.1-26.0.3.el7_9.x86_64.rpm
block 8524780: var/www/html/yum/ol7_x86_64_latest_ELS/getPackage/libreoffice-langpack-gl-5.3.6.1-26.0.3.el7_9.x86_64.rpm
block 8525660: var/www/html/yum/ol7_x86_64_latest_ELS/getPackage/libreoffice-langpack-gu-5.3.6.1-26.0.3.el7_9.x86_64.rpm
block 8526636: var/www/html/yum/ol7_x86_64_latest_ELS/getPackage/libreoffice-langpack-he-5.3.6.1-26.0.3.el7_9.x86_64.rpm
block 8527539: var/www/html/yum/ol7_x86_64_latest_ELS/getPackage/libreoffice-langpack-hi-5.3.6.1-26.0.3.el7_9.x86_64.rpm
block 8528479: var/www/html/yum/ol7_x86_64_latest_ELS/getPackage/libreoffice-langpack-hr-5.3.6.1-26.0.3.el7_9.x86_64.rpm
block 8529370: var/www/html/yum/ol7_x86_64_latest_ELS/getPackage/libreoffice-langpack-hu-5.3.6.1-26.0.3.el7_9.x86_64.rpm
block 8530430: var/www/html/yum/ol7_x86_64_latest_ELS/getPackage/libreoffice-langpack-id-5.3.6.1-26.0.3.el7_9.x86_64.rpm
block 8531290: var/www/html/yum/ol7_x86_64_latest_ELS/getPackage/libreoffice-langpack-it-5.3.6.1-26.0.3.el7_9.x86_64.rpm
block 8532324: var/www/html/yum/ol7_x86_64_latest_ELS/getPackage/libreoffice-langpack-ja-5.3.6.1-26.0.3.el7_9.x86_64.rpm
block 8533352: var/www/html/yum/ol7_x86_64_latest_ELS/getPackage/libreoffice-langpack-kk-5.3.6.1-26.0.3.el7_9.x86_64.rpm
block 8534283: var/www/html/yum/ol7_x86_64_latest_ELS/getPackage/libreoffice-langpack-kn-5.3.6.1-26.0.3.el7_9.x86_64.rpm
block 8535266: var/www/html/yum/ol7_x86_64_latest_ELS/getPackage/libreoffice-langpack-ko-5.3.6.1-26.0.3.el7_9.x86_64.rpm
block 8536302: var/www/html/yum/ol7_x86_64_latest_ELS/getPackage/libreoffice-langpack-lt-5.3.6.1-26.0.3.el7_9.x86_64.rpm
block 8537182: var/www/html/yum/ol7_x86_64_latest_ELS/getPackage/libreoffice-langpack-lv-5.3.6.1-26.0.3.el7_9.x86_64.rpm
block 8538057: var/www/html/yum/ol7_x86_64_latest_ELS/getPackage/libreoffice-langpack-mai-5.3.6.1-26.0.3.el7_9.x86_64.rpm
block 8538975: var/www/html/yum/ol7_x86_64_latest_ELS/getPackage/libreoffice-langpack-ml-5.3.6.1-26.0.3.el7_9.x86_64.rpm
block 8539961: var/www/html/yum/ol7_x86_64_latest_ELS/getPackage/libreoffice-langpack-mr-5.3.6.1-26.0.3.el7_9.x86_64.rpm
block 8540938: var/www/html/yum/ol7_x86_64_latest_ELS/getPackage/libreoffice-langpack-nb-5.3.6.1-26.0.3.el7_9.x86_64.rpm
block 8541803: var/www/html/yum/ol7_x86_64_latest_ELS/getPackage/libreoffice-langpack-nl-5.3.6.1-26.0.3.el7_9.x86_64.rpm
block 8542857: var/www/html/yum/ol7_x86_64_latest_ELS/getPackage/libreoffice-langpack-nn-5.3.6.1-26.0.3.el7_9.x86_64.rpm
block 8543720: var/www/html/yum/ol7_x86_64_latest_ELS/getPackage/libreoffice-langpack-nr-5.3.6.1-26.0.3.el7_9.x86_64.rpm
block 8544603: var/www/html/yum/ol7_x86_64_latest_ELS/getPackage/libreoffice-langpack-nso-5.3.6.1-26.0.3.el7_9.x86_64.rpm
block 8545484: var/www/html/yum/ol7_x86_64_latest_ELS/getPackage/libreoffice-langpack-or-5.3.6.1-26.0.3.el7_9.x86_64.rpm
block 8546470: var/www/html/yum/ol7_x86_64_latest_ELS/getPackage/libreoffice-langpack-pa-5.3.6.1-26.0.3.el7_9.x86_64.rpm
block 8547397: var/www/html/yum/ol7_x86_64_latest_ELS/getPackage/libreoffice-langpack-pl-5.3.6.1-26.0.3.el7_9.x86_64.rpm
block 8548369: var/www/html/yum/ol7_x86_64_latest_ELS/getPackage/libreoffice-langpack-pt-BR-5.3.6.1-26.0.3.el7_9.x86_64.rpm
block 8549399: var/www/html/yum/ol7_x86_64_latest_ELS/getPackage/libreoffice-langpack-pt-PT-5.3.6.1-26.0.3.el7_9.x86_64.rpm
block 8550392: var/www/html/yum/ol7_x86_64_latest_ELS/getPackage/libreoffice-langpack-ro-5.3.6.1-26.0.3.el7_9.x86_64.rpm
block 8551291: var/www/html/yum/ol7_x86_64_latest_ELS/getPackage/libreoffice-langpack-ru-5.3.6.1-26.0.3.el7_9.x86_64.rpm
block 8552390: var/www/html/yum/ol7_x86_64_latest_ELS/getPackage/libreoffice-langpack-si-5.3.6.1-26.0.3.el7_9.x86_64.rpm
block 8553332: var/www/html/yum/ol7_x86_64_latest_ELS/getPackage/libreoffice-langpack-sk-5.3.6.1-26.0.3.el7_9.x86_64.rpm
block 8554424: var/www/html/yum/ol7_x86_64_latest_ELS/getPackage/libreoffice-langpack-sl-5.3.6.1-26.0.3.el7_9.x86_64.rpm
block 8555484: var/www/html/yum/ol7_x86_64_latest_ELS/getPackage/libreoffice-langpack-sr-5.3.6.1-26.0.3.el7_9.x86_64.rpm
block 8556767: var/www/html/yum/ol7_x86_64_latest_ELS/getPackage/libreoffice-langpack-ss-5.3.6.1-26.0.3.el7_9.x86_64.rpm
block 8557647: var/www/html/yum/ol7_x86_64_latest_ELS/getPackage/libreoffice-langpack-st-5.3.6.1-26.0.3.el7_9.x86_64.rpm
block 8558526: var/www/html/yum/ol7_x86_64_latest_ELS/getPackage/libreoffice-langpack-sv-5.3.6.1-26.0.3.el7_9.x86_64.rpm
block 8559549: var/www/html/yum/ol7_x86_64_latest_ELS/getPackage/libreoffice-langpack-ta-5.3.6.1-26.0.3.el7_9.x86_64.rpm
block 8560549: var/www/html/yum/ol7_x86_64_latest_ELS/getPackage/libreoffice-langpack-te-5.3.6.1-26.0.3.el7_9.x86_64.rpm
block 8561538: var/www/html/yum/ol7_x86_64_latest_ELS/getPackage/libreoffice-langpack-th-5.3.6.1-26.0.3.el7_9.x86_64.rpm
block 8562477: var/www/html/yum/ol7_x86_64_latest_ELS/getPackage/libreoffice-langpack-tn-5.3.6.1-26.0.3.el7_9.x86_64.rpm
block 8563624: var/www/html/yum/ol7_x86_64_latest_ELS/getPackage/libreoffice-langpack-tr-5.3.6.1-26.0.3.el7_9.x86_64.rpm
block 8564578: var/www/html/yum/ol7_x86_64_latest_ELS/getPackage/libreoffice-langpack-ts-5.3.6.1-26.0.3.el7_9.x86_64.rpm
block 8565458: var/www/html/yum/ol7_x86_64_latest_ELS/getPackage/libreoffice-langpack-uk-5.3.6.1-26.0.3.el7_9.x86_64.rpm
block 8566411: var/www/html/yum/ol7_x86_64_latest_ELS/getPackage/libreoffice-langpack-ve-5.3.6.1-26.0.3.el7_9.x86_64.rpm
block 8567295: var/www/html/yum/ol7_x86_64_latest_ELS/getPackage/libreoffice-langpack-xh-5.3.6.1-26.0.3.el7_9.x86_64.rpm
block 8568185: var/www/html/yum/ol7_x86_64_latest_ELS/getPackage/libreoffice-langpack-zh-Hans-5.3.6.1-26.0.3.el7_9.x86_64.rpm
block 8569196: var/www/html/yum/ol7_x86_64_latest_ELS/getPackage/libreoffice-langpack-zh-Hant-5.3.6.1-26.0.3.el7_9.x86_64.rpm
block 8570200: var/www/html/yum/ol7_x86_64_latest_ELS/getPackage/libreoffice-langpack-zu-5.3.6.1-26.0.3.el7_9.x86_64.rpm
block 8571087: var/www/html/yum/ol7_x86_64_latest_ELS/getPackage/libreoffice-librelogo-5.3.6.1-26.0.3.el7_9.x86_64.rpm
block 8571439: var/www/html/yum/ol7_x86_64_latest_ELS/getPackage/libreoffice-math-5.3.6.1-26.0.3.el7_9.x86_64.rpm
block 8573533: var/www/html/yum/ol7_x86_64_latest_ELS/getPackage/libreoffice-nlpsolver-5.3.6.1-26.0.3.el7_9.x86_64.rpm
block 8575163: var/www/html/yum/ol7_x86_64_latest_ELS/getPackage/libreoffice-officebean-5.3.6.1-26.0.3.el7_9.x86_64.rpm
block 8575274: var/www/html/yum/ol7_x86_64_latest_ELS/getPackage/libreoffice-officebean-common-5.3.6.1-26.0.3.el7_9.noarch.rpm
block 8575444: var/www/html/yum/ol7_x86_64_latest_ELS/getPackage/libreoffice-ogltrans-5.3.6.1-26.0.3.el7_9.x86_64.rpm
block 8575717: var/www/html/yum/ol7_x86_64_latest_ELS/getPackage/libreoffice-opensymbol-fonts-5.3.6.1-26.0.3.el7_9.noarch.rpm
block 8576172: var/www/html/yum/ol7_x86_64_latest_ELS/getPackage/libreoffice-pdfimport-5.3.6.1-26.0.3.el7_9.x86_64.rpm
block 8576701: var/www/html/yum/ol7_x86_64_latest_ELS/getPackage/libreoffice-postgresql-5.3.6.1-26.0.3.el7_9.x86_64.rpm
block 8577354: var/www/html/yum/ol7_x86_64_latest_ELS/getPackage/libreoffice-pyuno-5.3.6.1-26.0.3.el7_9.x86_64.rpm
block 8578392: var/www/html/yum/ol7_x86_64_latest_ELS/getPackage/libreoffice-rhino-5.3.6.1-26.0.3.el7_9.x86_64.rpm
block 8579696: var/www/html/yum/ol7_x86_64_latest_ELS/getPackage/libreoffice-sdk-5.3.6.1-26.0.3.el7_9.x86_64.rpm
block 8584948: var/www/html/yum/ol7_x86_64_latest_ELS/getPackage/libreoffice-sdk-doc-5.3.6.1-26.0.3.el7_9.x86_64.rpm
block 8630819: var/www/html/yum/ol7_x86_64_latest_ELS/getPackage/libreoffice-ure-5.3.6.1-26.0.3.el7_9.x86_64.rpm
block 8635289: var/www/html/yum/ol7_x86_64_latest_ELS/getPackage/libreoffice-ure-common-5.3.6.1-26.0.3.el7_9.noarch.rpm
block 8636265: var/www/html/yum/ol7_x86_64_latest_ELS/getPackage/libreoffice-wiki-publisher-5.3.6.1-26.0.3.el7_9.x86_64.rpm
block 8639014: var/www/html/yum/ol7_x86_64_latest_ELS/getPackage/libreoffice-writer-5.3.6.1-26.0.3.el7_9.x86_64.rpm
block 8648229: var/www/html/yum/ol7_x86_64_latest_ELS/getPackage/libreoffice-x11-5.3.6.1-26.0.3.el7_9.x86_64.rpm
block 8648790: var/www/html/yum/ol7_x86_64_latest_ELS/getPackage/libreoffice-xsltfilter-5.3.6.1-26.0.3.el7_9.x86_64.rpm
block 8649578: var/www/html/yum/ol7_x86_64_latest_ELS/getPackage/libreofficekit-5.3.6.1-26.0.3.el7_9.x86_64.rpm
block 8649860: var/www/html/yum/ol7_x86_64_latest_ELS/getPackage/libreofficekit-devel-5.3.6.1-26.0.3.el7_9.x86_64.rpm
block 8650000: var/www/html/yum/ol7_x86_64_latest_ELS/getPackage/libsoup-2.62.2-2.0.3.el7.i686.rpm
block 8650795: var/www/html/yum/ol7_x86_64_latest_ELS/getPackage/libsoup-2.62.2-2.0.3.el7.x86_64.rpm
block 8651620: var/www/html/yum/ol7_x86_64_latest_ELS/getPackage/libsoup-devel-2.62.2-2.0.3.el7.i686.rpm
block 8652244: var/www/html/yum/ol7_x86_64_latest_ELS/getPackage/libsoup-devel-2.62.2-2.0.3.el7.x86_64.rpm
block 8652868: var/www/html/yum/ol7_x86_64_latest_ELS/getPackage/libstdc++-4.8.5-45.0.1.el7_9.i686.rpm
block 8653511: var/www/html/yum/ol7_x86_64_latest_ELS/getPackage/libstdc++-4.8.5-45.0.1.el7_9.x86_64.rpm
block 8654128: var/www/html/yum/ol7_x86_64_latest_ELS/getPackage/libstdc++-devel-4.8.5-45.0.1.el7_9.i686.rpm
block 8657214: var/www/html/yum/ol7_x86_64_latest_ELS/getPackage/libstdc++-devel-4.8.5-45.0.1.el7_9.x86_64.rpm
block 8660308: var/www/html/yum/ol7_x86_64_latest_ELS/getPackage/libstdc++-docs-4.8.5-45.0.1.el7_9.x86_64.rpm
block 8682933: var/www/html/yum/ol7_x86_64_latest_ELS/getPackage/libstdc++-static-4.8.5-45.0.1.el7_9.i686.rpm
block 8683784: var/www/html/yum/ol7_x86_64_latest_ELS/getPackage/libstdc++-static-4.8.5-45.0.1.el7_9.x86_64.rpm
block 8684612: var/www/html/yum/ol7_x86_64_latest_ELS/getPackage/libtsan-4.8.5-45.0.1.el7_9.x86_64.rpm
block 8684900: var/www/html/yum/ol7_x86_64_latest_ELS/getPackage/libtsan-static-4.8.5-45.0.1.el7_9.x86_64.rpm
block 8685237: var/www/html/yum/ol7_x86_64_latest_ELS/getPackage/libxml2-2.9.1-6.0.5.el7_9.6.i686.rpm
block 8686549: var/www/html/yum/ol7_x86_64_latest_ELS/getPackage/libxml2-2.9.1-6.0.5.el7_9.6.x86_64.rpm
block 8687889: var/www/html/yum/ol7_x86_64_latest_ELS/getPackage/libxml2-devel-2.9.1-6.0.5.el7_9.6.i686.rpm
block 8690043: var/www/html/yum/ol7_x86_64_latest_ELS/getPackage/libxml2-devel-2.9.1-6.0.5.el7_9.6.x86_64.rpm
block 8692197: var/www/html/yum/ol7_x86_64_latest_ELS/getPackage/libxml2-python-2.9.1-6.0.5.el7_9.6.x86_64.rpm
block 8692694: var/www/html/yum/ol7_x86_64_latest_ELS/getPackage/libxml2-static-2.9.1-6.0.5.el7_9.6.i686.rpm
block 8693833: var/www/html/yum/ol7_x86_64_latest_ELS/getPackage/libxml2-static-2.9.1-6.0.5.el7_9.6.x86_64.rpm
block 8695016: var/www/html/yum/ol7_x86_64_latest_ELS/getPackage/libxslt-1.1.28-6.0.3.el7.i686.rpm
block 8695493: var/www/html/yum/ol7_x86_64_latest_ELS/getPackage/libxslt-1.1.28-6.0.3.el7.x86_64.rpm
block 8695979: var/www/html/yum/ol7_x86_64_latest_ELS/getPackage/libxslt-devel-1.1.28-6.0.3.el7.i686.rpm
block 8696605: var/www/html/yum/ol7_x86_64_latest_ELS/getPackage/libxslt-devel-1.1.28-6.0.3.el7.x86_64.rpm
block 8697231: var/www/html/yum/ol7_x86_64_latest_ELS/getPackage/libxslt-python-1.1.28-6.0.3.el7.x86_64.rpm
block 8697352: var/www/html/yum/ol7_x86_64_latest_ELS/getPackage/linux-firmware-20250203-999.38.git0fd450ee.el7.noarch.rpm
block 9568079: var/www/html/yum/ol7_x86_64_latest_ELS/getPackage/linux-firmware-20250319-999.39.git430633ec.el7.noarch.rpm
block 10448590: var/www/html/yum/ol7_x86_64_latest_ELS/getPackage/linux-firmware-20250423-999.40.git32f3227b.el7.noarch.rpm
block 11394006: var/www/html/yum/ol7_x86_64_latest_ELS/getPackage/microcode_ctl-2.1-73.23.0.20250211.el7_9.x86_64.rpm
block 11412487: var/www/html/yum/ol7_x86_64_latest_ELS/getPackage/mokutil-15.8-1.0.5.el7.x86_64.rpm
block 11412589: var/www/html/yum/ol7_x86_64_latest_ELS/getPackage/perf-3.10.0-1160.119.1.0.6.el7.x86_64.rpm
block 11432545: var/www/html/yum/ol7_x86_64_latest_ELS/getPackage/perf-3.10.0-1160.119.1.0.7.el7.x86_64.rpm
block 11452502: var/www/html/yum/ol7_x86_64_latest_ELS/getPackage/python-jinja2-2.7.2-4.0.1.el7.noarch.rpm
block 11453732: var/www/html/yum/ol7_x86_64_latest_ELS/getPackage/python-perf-3.10.0-1160.119.1.0.6.el7.x86_64.rpm
block 11470495: var/www/html/yum/ol7_x86_64_latest_ELS/getPackage/python-perf-3.10.0-1160.119.1.0.7.el7.x86_64.rpm
block 11487259: var/www/html/yum/ol7_x86_64_latest_ELS/getPackage/python-virtualenv-15.1.0-7.0.1.el7_9.noarch.rpm
block 11490397: var/www/html/yum/ol7_x86_64_latest_ELS/getPackage/python3-3.6.8-21.0.3.el7_9.i686.rpm
block 11490542: var/www/html/yum/ol7_x86_64_latest_ELS/getPackage/python3-3.6.8-21.0.3.el7_9.x86_64.rpm
block 11490686: var/www/html/yum/ol7_x86_64_latest_ELS/getPackage/python3-debug-3.6.8-21.0.3.el7_9.i686.rpm
block 11495648: var/www/html/yum/ol7_x86_64_latest_ELS/getPackage/python3-debug-3.6.8-21.0.3.el7_9.x86_64.rpm
block 11501063: var/www/html/yum/ol7_x86_64_latest_ELS/getPackage/python3-devel-3.6.8-21.0.3.el7_9.i686.rpm
block 11501501: var/www/html/yum/ol7_x86_64_latest_ELS/getPackage/python3-devel-3.6.8-21.0.3.el7_9.x86_64.rpm
block 11501939: var/www/html/yum/ol7_x86_64_latest_ELS/getPackage/python3-idle-3.6.8-21.0.3.el7_9.i686.rpm
block 11503502: var/www/html/yum/ol7_x86_64_latest_ELS/getPackage/python3-idle-3.6.8-21.0.3.el7_9.x86_64.rpm
block 11505065: var/www/html/yum/ol7_x86_64_latest_ELS/getPackage/python3-libs-3.6.8-21.0.3.el7_9.i686.rpm
block 11519102: var/www/html/yum/ol7_x86_64_latest_ELS/getPackage/python3-libs-3.6.8-21.0.3.el7_9.x86_64.rpm
block 11533335: var/www/html/yum/ol7_x86_64_latest_ELS/getPackage/python3-test-3.6.8-21.0.3.el7_9.i686.rpm
block 11548181: var/www/html/yum/ol7_x86_64_latest_ELS/getPackage/python3-test-3.6.8-21.0.3.el7_9.x86_64.rpm
block 11563028: var/www/html/yum/ol7_x86_64_latest_ELS/getPackage/python3-tkinter-3.6.8-21.0.3.el7_9.i686.rpm
block 11563763: var/www/html/yum/ol7_x86_64_latest_ELS/getPackage/python3-tkinter-3.6.8-21.0.3.el7_9.x86_64.rpm
block 11564498: var/www/html/yum/ol7_x86_64_latest_ELS/getPackage/raptor2-2.0.9-3.0.1.el7.i686.rpm
block 11564914: var/www/html/yum/ol7_x86_64_latest_ELS/getPackage/raptor2-2.0.9-3.0.1.el7.x86_64.rpm
block 11565328: var/www/html/yum/ol7_x86_64_latest_ELS/getPackage/raptor2-devel-2.0.9-3.0.1.el7.i686.rpm
block 11565604: var/www/html/yum/ol7_x86_64_latest_ELS/getPackage/raptor2-devel-2.0.9-3.0.1.el7.x86_64.rpm
block 11565880: var/www/html/yum/ol7_x86_64_latest_ELS/getPackage/rsync-3.1.2-12.0.1.el7_9.x86_64.rpm
block 11566699: var/www/html/yum/ol7_x86_64_latest_ELS/getPackage/shim-unsigned-x64-15.8-2.0.5.el7.x86_64.rpm
block 11567604: var/www/html/yum/ol7_x86_64_latest_ELS/getPackage/shim-x64-15.8-1.0.5.el7.x86_64.rpm
block 11568541: var/www/html/yum/ol7_x86_64_latest_ELS/getPackage/sos-3.9-5.0.30.el7_9.10.noarch.rpm
block 11569657: var/www/html/yum/ol7_x86_64_latest_ELS/getPackage/squid-3.5.20-17.0.5.el7_9.13.x86_64.rpm
block 11575876: var/www/html/yum/ol7_x86_64_latest_ELS/getPackage/squid-migration-script-3.5.20-17.0.5.el7_9.13.x86_64.rpm
block 11575984: var/www/html/yum/ol7_x86_64_latest_ELS/getPackage/squid-sysvinit-3.5.20-17.0.5.el7_9.13.x86_64.rpm
block 11576088: var/www/html/yum/ol7_x86_64_latest_ELS/getPackage/tigervnc-1.8.0-33.0.5.el7_9.x86_64.rpm
block 11576571: var/www/html/yum/ol7_x86_64_latest_ELS/getPackage/tigervnc-icons-1.8.0-33.0.5.el7_9.noarch.rpm
block 11576661: var/www/html/yum/ol7_x86_64_latest_ELS/getPackage/tigervnc-license-1.8.0-33.0.5.el7_9.noarch.rpm
block 11576733: var/www/html/yum/ol7_x86_64_latest_ELS/getPackage/tigervnc-server-1.8.0-33.0.5.el7_9.x86_64.rpm
block 11577167: var/www/html/yum/ol7_x86_64_latest_ELS/getPackage/tigervnc-server-applet-1.8.0-33.0.5.el7_9.noarch.rpm
block 11578316: var/www/html/yum/ol7_x86_64_latest_ELS/getPackage/tigervnc-server-minimal-1.8.0-33.0.5.el7_9.x86_64.rpm
block 11580450: var/www/html/yum/ol7_x86_64_latest_ELS/getPackage/tigervnc-server-module-1.8.0-33.0.5.el7_9.x86_64.rpm
block 11580888: var/www/html/yum/ol7_x86_64_latest_ELS/getPackage/tzdata-2025a-1.el7.noarch.rpm
block 11581893: var/www/html/yum/ol7_x86_64_latest_ELS/getPackage/tzdata-2025b-1.el7.noarch.rpm
block 11582900: var/www/html/yum/ol7_x86_64_latest_ELS/getPackage/tzdata-java-2025a-1.el7.noarch.rpm
block 11583274: var/www/html/yum/ol7_x86_64_latest_ELS/getPackage/tzdata-java-2025b-1.el7.noarch.rpm
block 11583648: var/www/html/yum/ol7_x86_64_latest_ELS/getPackage/unbound-1.6.6-5.0.1.el7_8.x86_64.rpm
block 11585014: var/www/html/yum/ol7_x86_64_latest_ELS/getPackage/unbound-devel-1.6.6-5.0.1.el7_8.i686.rpm
block 11585108: var/www/html/yum/ol7_x86_64_latest_ELS/getPackage/unbound-devel-1.6.6-5.0.1.el7_8.x86_64.rpm
block 11585202: var/www/html/yum/ol7_x86_64_latest_ELS/getPackage/unbound-libs-1.6.6-5.0.1.el7_8.i686.rpm
block 11586004: var/www/html/yum/ol7_x86_64_latest_ELS/getPackage/unbound-libs-1.6.6-5.0.1.el7_8.x86_64.rpm
block 11586823: var/www/html/yum/ol7_x86_64_latest_ELS/getPackage/unbound-python-1.6.6-5.0.1.el7_8.x86_64.rpm
block 11587030: var/www/html/yum/ol7_x86_64_latest_ELS/getPackage/virtuoso-opensource-6.1.6-7.0.1.el7.x86_64.rpm
block 11593995: var/www/html/yum/ol7_x86_64_latest_ELS/getPackage/virtuoso-opensource-utils-6.1.6-7.0.1.el7.x86_64.rpm
block 11594738: var/www/html/yum/ol7_x86_64_latest_ELS/getPackage/xorg-x11-server-Xdmx-1.20.4-29.0.1.el7_9.x86_64.rpm
block 11596510: var/www/html/yum/ol7_x86_64_latest_ELS/getPackage/xorg-x11-server-Xephyr-1.20.4-29.0.1.el7_9.x86_64.rpm
block 11598528: var/www/html/yum/ol7_x86_64_latest_ELS/getPackage/xorg-x11-server-Xnest-1.20.4-29.0.1.el7_9.x86_64.rpm
block 11599955: var/www/html/yum/ol7_x86_64_latest_ELS/getPackage/xorg-x11-server-Xorg-1.20.4-29.0.1.el7_9.x86_64.rpm
block 11602938: var/www/html/yum/ol7_x86_64_latest_ELS/getPackage/xorg-x11-server-Xvfb-1.20.4-29.0.1.el7_9.x86_64.rpm
block 11604659: var/www/html/yum/ol7_x86_64_latest_ELS/getPackage/xorg-x11-server-Xwayland-1.20.4-29.0.1.el7_9.x86_64.rpm
block 11606571: var/www/html/yum/ol7_x86_64_latest_ELS/getPackage/xorg-x11-server-common-1.20.4-29.0.1.el7_9.x86_64.rpm
block 11606690: var/www/html/yum/ol7_x86_64_latest_ELS/getPackage/xorg-x11-server-devel-1.20.4-29.0.1.el7_9.i686.rpm
block 11607216: var/www/html/yum/ol7_x86_64_latest_ELS/getPackage/xorg-x11-server-devel-1.20.4-29.0.1.el7_9.x86_64.rpm
block 11607742: var/www/html/yum/ol7_x86_64_latest_ELS/getPackage/xorg-x11-server-source-1.20.4-29.0.1.el7_9.noarch.rpm
block 11612671: var/www/html/yum/ol7_x86_64_latest_ELS/getPackage/bpftool-3.10.0-1160.119.1.0.9.el7.x86_64.rpm
block 11630153: var/www/html/yum/ol7_x86_64_latest_ELS/getPackage/firefox-128.10.0-1.0.1.el7_9.x86_64.rpm
block 11894157: var/www/html/yum/ol7_x86_64_latest_ELS/getPackage/firefox-128.10.1-1.0.1.el7_9.x86_64.rpm
block 12158149: var/www/html/yum/ol7_x86_64_latest_ELS/getPackage/firefox-128.11.0-1.0.1.el7_9.x86_64.rpm
block 12422109: var/www/html/yum/ol7_x86_64_latest_ELS/getPackage/kernel-3.10.0-1160.119.1.0.9.el7.x86_64.rpm
block 12527932: var/www/html/yum/ol7_x86_64_latest_ELS/getPackage/kernel-abi-whitelists-3.10.0-1160.119.1.0.9.el7.noarch.rpm
block 12544521: var/www/html/yum/ol7_x86_64_latest_ELS/getPackage/kernel-debug-3.10.0-1160.119.1.0.9.el7.x86_64.rpm
block 12655080: var/www/html/yum/ol7_x86_64_latest_ELS/getPackage/kernel-debug-devel-3.10.0-1160.119.1.0.9.el7.x86_64.rpm
block 12692168: var/www/html/yum/ol7_x86_64_latest_ELS/getPackage/kernel-devel-3.10.0-1160.119.1.0.9.el7.x86_64.rpm
block 12729118: var/www/html/yum/ol7_x86_64_latest_ELS/getPackage/kernel-doc-3.10.0-1160.119.1.0.9.el7.noarch.rpm
block 12769206: var/www/html/yum/ol7_x86_64_latest_ELS/getPackage/kernel-headers-3.10.0-1160.119.1.0.9.el7.x86_64.rpm
block 12787819: var/www/html/yum/ol7_x86_64_latest_ELS/getPackage/kernel-tools-3.10.0-1160.119.1.0.9.el7.x86_64.rpm
block 12804606: var/www/html/yum/ol7_x86_64_latest_ELS/getPackage/kernel-tools-libs-3.10.0-1160.119.1.0.9.el7.x86_64.rpm
block 12821179: var/www/html/yum/ol7_x86_64_latest_ELS/getPackage/kernel-tools-libs-devel-3.10.0-1160.119.1.0.9.el7.x86_64.rpm
block 12837745: var/www/html/yum/ol7_x86_64_latest_ELS/getPackage/minizip-1.2.7-21.0.1.el7_9.i686.rpm
block 12837820: var/www/html/yum/ol7_x86_64_latest_ELS/getPackage/minizip-1.2.7-21.0.1.el7_9.x86_64.rpm
block 12837891: var/www/html/yum/ol7_x86_64_latest_ELS/getPackage/minizip-devel-1.2.7-21.0.1.el7_9.i686.rpm
block 12837940: var/www/html/yum/ol7_x86_64_latest_ELS/getPackage/minizip-devel-1.2.7-21.0.1.el7_9.x86_64.rpm
block 12837989: var/www/html/yum/ol7_x86_64_latest_ELS/getPackage/perf-3.10.0-1160.119.1.0.9.el7.x86_64.rpm
block 12857947: var/www/html/yum/ol7_x86_64_latest_ELS/getPackage/perl-FCGI-0.74-8.0.1.el7.x86_64.rpm
block 12858034: var/www/html/yum/ol7_x86_64_latest_ELS/getPackage/postgresql-9.2.24-9.0.5.el7_9.i686.rpm
block 12864254: var/www/html/yum/ol7_x86_64_latest_ELS/getPackage/postgresql-9.2.24-9.0.5.el7_9.x86_64.rpm
block 12870494: var/www/html/yum/ol7_x86_64_latest_ELS/getPackage/postgresql-contrib-9.2.24-9.0.5.el7_9.x86_64.rpm
block 12871603: var/www/html/yum/ol7_x86_64_latest_ELS/getPackage/postgresql-devel-9.2.24-9.0.5.el7_9.i686.rpm
block 12873519: var/www/html/yum/ol7_x86_64_latest_ELS/getPackage/postgresql-devel-9.2.24-9.0.5.el7_9.x86_64.rpm
block 12875447: var/www/html/yum/ol7_x86_64_latest_ELS/getPackage/postgresql-docs-9.2.24-9.0.5.el7_9.x86_64.rpm
block 12889522: var/www/html/yum/ol7_x86_64_latest_ELS/getPackage/postgresql-libs-9.2.24-9.0.5.el7_9.i686.rpm
block 12889997: var/www/html/yum/ol7_x86_64_latest_ELS/getPackage/postgresql-libs-9.2.24-9.0.5.el7_9.x86_64.rpm
block 12890471: var/www/html/yum/ol7_x86_64_latest_ELS/getPackage/postgresql-plperl-9.2.24-9.0.5.el7_9.x86_64.rpm
block 12890643: var/www/html/yum/ol7_x86_64_latest_ELS/getPackage/postgresql-plpython-9.2.24-9.0.5.el7_9.x86_64.rpm
block 12890840: var/www/html/yum/ol7_x86_64_latest_ELS/getPackage/postgresql-pltcl-9.2.24-9.0.5.el7_9.x86_64.rpm
block 12890964: var/www/html/yum/ol7_x86_64_latest_ELS/getPackage/postgresql-server-9.2.24-9.0.5.el7_9.x86_64.rpm
block 12898798: var/www/html/yum/ol7_x86_64_latest_ELS/getPackage/postgresql-static-9.2.24-9.0.5.el7_9.i686.rpm
block 12898985: var/www/html/yum/ol7_x86_64_latest_ELS/getPackage/postgresql-static-9.2.24-9.0.5.el7_9.x86_64.rpm
block 12899179: var/www/html/yum/ol7_x86_64_latest_ELS/getPackage/postgresql-test-9.2.24-9.0.5.el7_9.x86_64.rpm
block 12901689: var/www/html/yum/ol7_x86_64_latest_ELS/getPackage/postgresql-upgrade-9.2.24-9.0.5.el7_9.x86_64.rpm
block 12906322: var/www/html/yum/ol7_x86_64_latest_ELS/getPackage/python-perf-3.10.0-1160.119.1.0.9.el7.x86_64.rpm
block 12923087: var/www/html/yum/ol7_x86_64_latest_ELS/getPackage/zlib-1.2.7-21.0.1.el7_9.i686.rpm
block 12923272: var/www/html/yum/ol7_x86_64_latest_ELS/getPackage/zlib-1.2.7-21.0.1.el7_9.x86_64.rpm
block 12923455: var/www/html/yum/ol7_x86_64_latest_ELS/getPackage/zlib-devel-1.2.7-21.0.1.el7_9.i686.rpm
block 12923558: var/www/html/yum/ol7_x86_64_latest_ELS/getPackage/zlib-devel-1.2.7-21.0.1.el7_9.x86_64.rpm
block 12923661: var/www/html/yum/ol7_x86_64_latest_ELS/getPackage/zlib-static-1.2.7-21.0.1.el7_9.i686.rpm
block 12923780: var/www/html/yum/ol7_x86_64_latest_ELS/getPackage/zlib-static-1.2.7-21.0.1.el7_9.x86_64.rpm
block 12923900: var/www/html/yum/ol7_x86_64_latest_ELS/getPackage/firefox-128.12.0-1.0.1.el7_9.x86_64.rpm
block 13187919: var/www/html/yum/ol7_x86_64_latest_ELS/getPackage/gimp-2.8.22-1.0.3.el7.x86_64.rpm
block 13218131: var/www/html/yum/ol7_x86_64_latest_ELS/getPackage/gimp-devel-2.8.22-1.0.3.el7.i686.rpm
block 13220000: var/www/html/yum/ol7_x86_64_latest_ELS/getPackage/gimp-devel-2.8.22-1.0.3.el7.x86_64.rpm
block 13221869: var/www/html/yum/ol7_x86_64_latest_ELS/getPackage/gimp-devel-tools-2.8.22-1.0.3.el7.x86_64.rpm
block 13222014: var/www/html/yum/ol7_x86_64_latest_ELS/getPackage/gimp-libs-2.8.22-1.0.3.el7.i686.rpm
block 13224843: var/www/html/yum/ol7_x86_64_latest_ELS/getPackage/gimp-libs-2.8.22-1.0.3.el7.x86_64.rpm
block 13227675: var/www/html/yum/ol7_x86_64_latest_ELS/getPackage/ipa-client-4.6.8-5.0.3.el7_9.17.x86_64.rpm
block 13228263: var/www/html/yum/ol7_x86_64_latest_ELS/getPackage/ipa-client-common-4.6.8-5.0.3.el7_9.17.noarch.rpm
block 13228661: var/www/html/yum/ol7_x86_64_latest_ELS/getPackage/ipa-common-4.6.8-5.0.3.el7_9.17.noarch.rpm
block 13229912: var/www/html/yum/ol7_x86_64_latest_ELS/getPackage/ipa-python-compat-4.6.8-5.0.3.el7_9.17.noarch.rpm
block 13230298: var/www/html/yum/ol7_x86_64_latest_ELS/getPackage/ipa-server-4.6.8-5.0.3.el7_9.17.x86_64.rpm
block 13231373: var/www/html/yum/ol7_x86_64_latest_ELS/getPackage/ipa-server-common-4.6.8-5.0.3.el7_9.17.noarch.rpm
block 13232778: var/www/html/yum/ol7_x86_64_latest_ELS/getPackage/ipa-server-dns-4.6.8-5.0.3.el7_9.17.noarch.rpm
block 13233172: var/www/html/yum/ol7_x86_64_latest_ELS/getPackage/ipa-server-trust-ad-4.6.8-5.0.3.el7_9.17.x86_64.rpm
block 13233747: var/www/html/yum/ol7_x86_64_latest_ELS/getPackage/iwl100-firmware-39.31.5.1-999.41.el7.noarch.rpm
block 13234088: var/www/html/yum/ol7_x86_64_latest_ELS/getPackage/libblockdev-btrfs-2.18-5.0.1.el7.x86_64.rpm
block 13234200: var/www/html/yum/ol7_x86_64_latest_ELS/getPackage/iwl1000-firmware-39.31.5.1-999.41.el7.noarch.rpm
block 13234541: var/www/html/yum/ol7_x86_64_latest_ELS/getPackage/iwl105-firmware-18.168.6.1-999.41.el7.noarch.rpm
block 13235051: var/www/html/yum/ol7_x86_64_latest_ELS/getPackage/iwl135-firmware-18.168.6.1-999.41.el7.noarch.rpm
block 13235579: var/www/html/yum/ol7_x86_64_latest_ELS/getPackage/iwl2000-firmware-18.168.6.1-999.41.el7.noarch.rpm
block 13236094: var/www/html/yum/ol7_x86_64_latest_ELS/getPackage/iwl2030-firmware-18.168.6.1-999.41.el7.noarch.rpm
block 13236627: var/www/html/yum/ol7_x86_64_latest_ELS/getPackage/iwl3160-firmware-22.0.7.0-999.41.el7.noarch.rpm
block 13237623: var/www/html/yum/ol7_x86_64_latest_ELS/getPackage/iwl3945-firmware-15.32.2.9-999.41.el7.noarch.rpm
block 13237840: var/www/html/yum/ol7_x86_64_latest_ELS/getPackage/iwl4965-firmware-228.61.2.24-999.41.el7.noarch.rpm
block 13238084: var/www/html/yum/ol7_x86_64_latest_ELS/getPackage/iwl5000-firmware-8.83.5.1_1-999.41.el7.noarch.rpm
block 13238420: var/www/html/yum/ol7_x86_64_latest_ELS/getPackage/iwl5150-firmware-8.24.2.2-999.41.el7.noarch.rpm
block 13238755: var/www/html/yum/ol7_x86_64_latest_ELS/getPackage/iwl6000-firmware-9.221.4.1-999.41.el7.noarch.rpm
block 13239130: var/www/html/yum/ol7_x86_64_latest_ELS/getPackage/iwl6000g2a-firmware-17.168.5.3-999.41.el7.noarch.rpm
block 13239610: var/www/html/yum/ol7_x86_64_latest_ELS/getPackage/iwl6000g2b-firmware-17.168.5.2-999.41.el7.noarch.rpm
block 13240094: var/www/html/yum/ol7_x86_64_latest_ELS/getPackage/iwl6050-firmware-41.28.5.1-999.41.el7.noarch.rpm
block 13240484: var/www/html/yum/ol7_x86_64_latest_ELS/getPackage/iwl7260-firmware-22.0.7.0-999.41.el7.noarch.rpm
block 13253102: var/www/html/yum/ol7_x86_64_latest_ELS/getPackage/iwlax2xx-firmware-20250611-999.41.el7.noarch.rpm
block 13310670: var/www/html/yum/ol7_x86_64_latest_ELS/getPackage/java-1.8.0-openjdk-1.8.0.452.b09-1.0.1.el7_9.i686.rpm
block 13311325: var/www/html/yum/ol7_x86_64_latest_ELS/getPackage/java-1.8.0-openjdk-1.8.0.452.b09-1.0.1.el7_9.x86_64.rpm
block 13311982: var/www/html/yum/ol7_x86_64_latest_ELS/getPackage/java-1.8.0-openjdk-accessibility-1.8.0.452.b09-1.0.1.el7_9.i686.rpm
block 13312208: var/www/html/yum/ol7_x86_64_latest_ELS/getPackage/java-1.8.0-openjdk-accessibility-1.8.0.452.b09-1.0.1.el7_9.x86_64.rpm
block 13312434: var/www/html/yum/ol7_x86_64_latest_ELS/getPackage/java-1.8.0-openjdk-demo-1.8.0.452.b09-1.0.1.el7_9.i686.rpm
block 13316589: var/www/html/yum/ol7_x86_64_latest_ELS/getPackage/java-1.8.0-openjdk-demo-1.8.0.452.b09-1.0.1.el7_9.x86_64.rpm
block 13320741: var/www/html/yum/ol7_x86_64_latest_ELS/getPackage/java-1.8.0-openjdk-devel-1.8.0.452.b09-1.0.1.el7_9.i686.rpm
block 13340758: var/www/html/yum/ol7_x86_64_latest_ELS/getPackage/java-1.8.0-openjdk-devel-1.8.0.452.b09-1.0.1.el7_9.x86_64.rpm
block 13360772: var/www/html/yum/ol7_x86_64_latest_ELS/getPackage/java-1.8.0-openjdk-headless-1.8.0.452.b09-1.0.1.el7_9.i686.rpm
block 13428312: var/www/html/yum/ol7_x86_64_latest_ELS/getPackage/java-1.8.0-openjdk-headless-1.8.0.452.b09-1.0.1.el7_9.x86_64.rpm
block 13496243: var/www/html/yum/ol7_x86_64_latest_ELS/getPackage/java-1.8.0-openjdk-javadoc-1.8.0.452.b09-1.0.1.el7_9.noarch.rpm
block 13527654: var/www/html/yum/ol7_x86_64_latest_ELS/getPackage/java-1.8.0-openjdk-javadoc-zip-1.8.0.452.b09-1.0.1.el7_9.noarch.rpm
block 13612999: var/www/html/yum/ol7_x86_64_latest_ELS/getPackage/java-1.8.0-openjdk-src-1.8.0.452.b09-1.0.1.el7_9.i686.rpm
block 13706116: var/www/html/yum/ol7_x86_64_latest_ELS/getPackage/java-1.8.0-openjdk-src-1.8.0.452.b09-1.0.1.el7_9.x86_64.rpm
block 13799237: var/www/html/yum/ol7_x86_64_latest_ELS/getPackage/libsoup-2.62.2-2.0.5.el7.i686.rpm
block 13800033: var/www/html/yum/ol7_x86_64_latest_ELS/getPackage/libsoup-2.62.2-2.0.5.el7.x86_64.rpm
block 13800859: var/www/html/yum/ol7_x86_64_latest_ELS/getPackage/libsoup-devel-2.62.2-2.0.5.el7.i686.rpm
block 13801483: var/www/html/yum/ol7_x86_64_latest_ELS/getPackage/libsoup-devel-2.62.2-2.0.5.el7.x86_64.rpm
block 13802107: var/www/html/yum/ol7_x86_64_latest_ELS/getPackage/libvpx-1.3.0-8.0.1.el7.i686.rpm
block 13803124: var/www/html/yum/ol7_x86_64_latest_ELS/getPackage/libvpx-1.3.0-8.0.1.el7.x86_64.rpm
block 13804123: var/www/html/yum/ol7_x86_64_latest_ELS/getPackage/libvpx-devel-1.3.0-8.0.1.el7.i686.rpm
block 13804625: var/www/html/yum/ol7_x86_64_latest_ELS/getPackage/libvpx-devel-1.3.0-8.0.1.el7.x86_64.rpm
block 13805127: var/www/html/yum/ol7_x86_64_latest_ELS/getPackage/libvpx-utils-1.3.0-8.0.1.el7.x86_64.rpm
block 13805323: var/www/html/yum/ol7_x86_64_latest_ELS/getPackage/linux-firmware-20250611-999.41.git356f06bf.el7.noarch.rpm
block 14752605: var/www/html/yum/ol7_x86_64_latest_ELS/getPackage/mpfr-3.1.1-4.0.1.el7.i686.rpm
block 14753008: var/www/html/yum/ol7_x86_64_latest_ELS/getPackage/mpfr-3.1.1-4.0.1.el7.x86_64.rpm
block 14753418: var/www/html/yum/ol7_x86_64_latest_ELS/getPackage/mpfr-devel-3.1.1-4.0.1.el7.i686.rpm
block 14753557: var/www/html/yum/ol7_x86_64_latest_ELS/getPackage/mpfr-devel-3.1.1-4.0.1.el7.x86_64.rpm
block 14753696: var/www/html/yum/ol7_x86_64_latest_ELS/getPackage/perl-File-Find-Rule-0.33-5.0.1.el7.noarch.rpm
block 14753766: var/www/html/yum/ol7_x86_64_latest_ELS/getPackage/perl-File-Find-Rule-Perl-1.13-2.0.1.el7.noarch.rpm
block 14753811: var/www/html/yum/ol7_x86_64_latest_ELS/getPackage/python-tornado-4.2.1-5.0.1.el7.x86_64.rpm
block 14755096: var/www/html/yum/ol7_x86_64_latest_ELS/getPackage/python-tornado-doc-4.2.1-5.0.1.el7.x86_64.rpm
block 14755171: var/www/html/yum/ol7_x86_64_latest_ELS/getPackage/python2-ipaclient-4.6.8-5.0.3.el7_9.17.noarch.rpm
block 14756588: var/www/html/yum/ol7_x86_64_latest_ELS/getPackage/python2-ipalib-4.6.8-5.0.3.el7_9.17.noarch.rpm
block 14757969: var/www/html/yum/ol7_x86_64_latest_ELS/getPackage/python2-ipaserver-4.6.8-5.0.3.el7_9.17.noarch.rpm
block 14761129: var/www/html/yum/ol7_x86_64_latest_ELS/getPackage/apache-commons-vfs-2.0-11.0.1.el7.noarch.rpm
block 14761857: var/www/html/yum/ol7_x86_64_latest_ELS/getPackage/apache-commons-vfs-ant-2.0-11.0.1.el7.noarch.rpm
block 14761869: var/www/html/yum/ol7_x86_64_latest_ELS/getPackage/apache-commons-vfs-examples-2.0-11.0.1.el7.noarch.rpm
block 14761918: var/www/html/yum/ol7_x86_64_latest_ELS/getPackage/apache-commons-vfs-javadoc-2.0-11.0.1.el7.noarch.rpm
block 14762759: var/www/html/yum/ol7_x86_64_latest_ELS/getPackage/sudo-1.8.23-10.0.1.el7_9.3.x86_64.rpm
block 14764450: var/www/html/yum/ol7_x86_64_latest_ELS/getPackage/sudo-devel-1.8.23-10.0.1.el7_9.3.i686.rpm
block 14764556: var/www/html/yum/ol7_x86_64_latest_ELS/getPackage/sudo-devel-1.8.23-10.0.1.el7_9.3.x86_64.rpm
block 14764662: var/www/html/yum/ol7_x86_64_latest_ELS/getPackage/tigervnc-1.8.0-33.0.7.el7_9.x86_64.rpm
block 14765146: var/www/html/yum/ol7_x86_64_latest_ELS/getPackage/tigervnc-icons-1.8.0-33.0.7.el7_9.noarch.rpm
block 14765236: var/www/html/yum/ol7_x86_64_latest_ELS/getPackage/tigervnc-license-1.8.0-33.0.7.el7_9.noarch.rpm
block 14765308: var/www/html/yum/ol7_x86_64_latest_ELS/getPackage/tigervnc-server-1.8.0-33.0.7.el7_9.x86_64.rpm
block 14765742: var/www/html/yum/ol7_x86_64_latest_ELS/getPackage/tigervnc-server-applet-1.8.0-33.0.7.el7_9.noarch.rpm
block 14766891: var/www/html/yum/ol7_x86_64_latest_ELS/getPackage/tigervnc-server-minimal-1.8.0-33.0.7.el7_9.x86_64.rpm
block 14769026: var/www/html/yum/ol7_x86_64_latest_ELS/getPackage/tigervnc-server-module-1.8.0-33.0.7.el7_9.x86_64.rpm
block 14769464: var/www/html/yum/ol7_x86_64_latest_ELS/getPackage/xorg-x11-server-Xdmx-1.20.4-29.0.3.el7_9.x86_64.rpm
block 14771237: var/www/html/yum/ol7_x86_64_latest_ELS/getPackage/xorg-x11-server-Xephyr-1.20.4-29.0.3.el7_9.x86_64.rpm
block 14773256: var/www/html/yum/ol7_x86_64_latest_ELS/getPackage/xorg-x11-server-Xnest-1.20.4-29.0.3.el7_9.x86_64.rpm
block 14774684: var/www/html/yum/ol7_x86_64_latest_ELS/getPackage/xorg-x11-server-Xorg-1.20.4-29.0.3.el7_9.x86_64.rpm
block 14777667: var/www/html/yum/ol7_x86_64_latest_ELS/getPackage/xorg-x11-server-Xvfb-1.20.4-29.0.3.el7_9.x86_64.rpm
block 14779388: var/www/html/yum/ol7_x86_64_latest_ELS/getPackage/xorg-x11-server-Xwayland-1.20.4-29.0.3.el7_9.x86_64.rpm
block 14781299: var/www/html/yum/ol7_x86_64_latest_ELS/getPackage/xorg-x11-server-common-1.20.4-29.0.3.el7_9.x86_64.rpm
block 14781419: var/www/html/yum/ol7_x86_64_latest_ELS/getPackage/xorg-x11-server-devel-1.20.4-29.0.3.el7_9.i686.rpm
block 14781946: var/www/html/yum/ol7_x86_64_latest_ELS/getPackage/xorg-x11-server-devel-1.20.4-29.0.3.el7_9.x86_64.rpm
block 14782473: var/www/html/yum/ol7_x86_64_latest_ELS/getPackage/xorg-x11-server-source-1.20.4-29.0.3.el7_9.noarch.rpm
block 14787403: var/www/html/yum/ol7_x86_64_latest_ELS/getPackage/apache-commons-beanutils-1.8.3-15.0.1.el7_9.noarch.rpm
block 14787844: var/www/html/yum/ol7_x86_64_latest_ELS/getPackage/apache-commons-beanutils-javadoc-1.8.3-15.0.1.el7_9.noarch.rpm
block 14788392: var/www/html/yum/ol7_x86_64_latest_ELS/getPackage/bpftool-3.10.0-1160.119.1.0.10.el7.x86_64.rpm
block 14805875: var/www/html/yum/ol7_x86_64_latest_ELS/getPackage/emacs-git-1.8.3.1-25.0.1.el7_9.noarch.rpm
block 14805980: var/www/html/yum/ol7_x86_64_latest_ELS/getPackage/emacs-git-el-1.8.3.1-25.0.1.el7_9.noarch.rpm
block 14806076: var/www/html/yum/ol7_x86_64_latest_ELS/getPackage/firefox-128.13.0-1.0.1.el7_9.x86_64.rpm
block 15070122: var/www/html/yum/ol7_x86_64_latest_ELS/getPackage/git-1.8.3.1-25.0.1.el7_9.x86_64.rpm
block 15079146: var/www/html/yum/ol7_x86_64_latest_ELS/getPackage/git-all-1.8.3.1-25.0.1.el7_9.noarch.rpm
block 15079204: var/www/html/yum/ol7_x86_64_latest_ELS/getPackage/git-bzr-1.8.3.1-25.0.1.el7_9.noarch.rpm
block 15079275: var/www/html/yum/ol7_x86_64_latest_ELS/getPackage/git-cvs-1.8.3.1-25.0.1.el7_9.noarch.rpm
block 15079504: var/www/html/yum/ol7_x86_64_latest_ELS/getPackage/git-daemon-1.8.3.1-25.0.1.el7_9.x86_64.rpm
block 15080316: var/www/html/yum/ol7_x86_64_latest_ELS/getPackage/git-email-1.8.3.1-25.0.1.el7_9.noarch.rpm
block 15080437: var/www/html/yum/ol7_x86_64_latest_ELS/getPackage/git-gnome-keyring-1.8.3.1-25.0.1.el7_9.x86_64.rpm
block 15080506: var/www/html/yum/ol7_x86_64_latest_ELS/getPackage/git-gui-1.8.3.1-25.0.1.el7_9.noarch.rpm
block 15080985: var/www/html/yum/ol7_x86_64_latest_ELS/getPackage/git-hg-1.8.3.1-25.0.1.el7_9.noarch.rpm
block 15081057: var/www/html/yum/ol7_x86_64_latest_ELS/getPackage/git-instaweb-1.8.3.1-25.0.1.el7_9.noarch.rpm
block 15081141: var/www/html/yum/ol7_x86_64_latest_ELS/getPackage/git-p4-1.8.3.1-25.0.1.el7_9.noarch.rpm
block 15081304: var/www/html/yum/ol7_x86_64_latest_ELS/getPackage/git-svn-1.8.3.1-25.0.1.el7_9.x86_64.rpm
block 15082185: var/www/html/yum/ol7_x86_64_latest_ELS/getPackage/gitk-1.8.3.1-25.0.1.el7_9.noarch.rpm
block 15082492: var/www/html/yum/ol7_x86_64_latest_ELS/getPackage/gitweb-1.8.3.1-25.0.1.el7_9.noarch.rpm
block 15082719: var/www/html/yum/ol7_x86_64_latest_ELS/getPackage/java-1.8.0-openjdk-1.8.0.462.b08-1.0.1.el7_9.i686.rpm
block 15083375: var/www/html/yum/ol7_x86_64_latest_ELS/getPackage/java-1.8.0-openjdk-1.8.0.462.b08-1.0.1.el7_9.x86_64.rpm
block 15084032: var/www/html/yum/ol7_x86_64_latest_ELS/getPackage/java-1.8.0-openjdk-accessibility-1.8.0.462.b08-1.0.1.el7_9.i686.rpm
block 15084259: var/www/html/yum/ol7_x86_64_latest_ELS/getPackage/java-1.8.0-openjdk-accessibility-1.8.0.462.b08-1.0.1.el7_9.x86_64.rpm
block 15084486: var/www/html/yum/ol7_x86_64_latest_ELS/getPackage/java-1.8.0-openjdk-demo-1.8.0.462.b08-1.0.1.el7_9.i686.rpm
block 15088642: var/www/html/yum/ol7_x86_64_latest_ELS/getPackage/java-1.8.0-openjdk-demo-1.8.0.462.b08-1.0.1.el7_9.x86_64.rpm
block 15092795: var/www/html/yum/ol7_x86_64_latest_ELS/getPackage/java-1.8.0-openjdk-devel-1.8.0.462.b08-1.0.1.el7_9.i686.rpm
block 15112815: var/www/html/yum/ol7_x86_64_latest_ELS/getPackage/java-1.8.0-openjdk-devel-1.8.0.462.b08-1.0.1.el7_9.x86_64.rpm
block 15132829: var/www/html/yum/ol7_x86_64_latest_ELS/getPackage/java-1.8.0-openjdk-headless-1.8.0.462.b08-1.0.1.el7_9.i686.rpm
block 15200376: var/www/html/yum/ol7_x86_64_latest_ELS/getPackage/java-1.8.0-openjdk-headless-1.8.0.462.b08-1.0.1.el7_9.x86_64.rpm
block 15268318: var/www/html/yum/ol7_x86_64_latest_ELS/getPackage/java-1.8.0-openjdk-javadoc-1.8.0.462.b08-1.0.1.el7_9.noarch.rpm
block 15299727: var/www/html/yum/ol7_x86_64_latest_ELS/getPackage/java-1.8.0-openjdk-javadoc-zip-1.8.0.462.b08-1.0.1.el7_9.noarch.rpm
block 15384900: var/www/html/yum/ol7_x86_64_latest_ELS/getPackage/java-1.8.0-openjdk-src-1.8.0.462.b08-1.0.1.el7_9.i686.rpm
block 15478021: var/www/html/yum/ol7_x86_64_latest_ELS/getPackage/java-1.8.0-openjdk-src-1.8.0.462.b08-1.0.1.el7_9.x86_64.rpm
block 15571141: var/www/html/yum/ol7_x86_64_latest_ELS/getPackage/kernel-3.10.0-1160.119.1.0.10.el7.x86_64.rpm
block 15676990: var/www/html/yum/ol7_x86_64_latest_ELS/getPackage/kernel-abi-whitelists-3.10.0-1160.119.1.0.10.el7.noarch.rpm
block 15693580: var/www/html/yum/ol7_x86_64_latest_ELS/getPackage/kernel-debug-3.10.0-1160.119.1.0.10.el7.x86_64.rpm
block 15804136: var/www/html/yum/ol7_x86_64_latest_ELS/getPackage/kernel-debug-devel-3.10.0-1160.119.1.0.10.el7.x86_64.rpm
block 15841233: var/www/html/yum/ol7_x86_64_latest_ELS/getPackage/kernel-devel-3.10.0-1160.119.1.0.10.el7.x86_64.rpm
block 15878192: var/www/html/yum/ol7_x86_64_latest_ELS/getPackage/kernel-doc-3.10.0-1160.119.1.0.10.el7.noarch.rpm
block 15918271: var/www/html/yum/ol7_x86_64_latest_ELS/getPackage/kernel-headers-3.10.0-1160.119.1.0.10.el7.x86_64.rpm
block 15936884: var/www/html/yum/ol7_x86_64_latest_ELS/getPackage/kernel-tools-3.10.0-1160.119.1.0.10.el7.x86_64.rpm
block 15953672: var/www/html/yum/ol7_x86_64_latest_ELS/getPackage/kernel-tools-libs-3.10.0-1160.119.1.0.10.el7.x86_64.rpm
block 15970246: var/www/html/yum/ol7_x86_64_latest_ELS/getPackage/kernel-tools-libs-devel-3.10.0-1160.119.1.0.10.el7.x86_64.rpm
block 15986813: var/www/html/yum/ol7_x86_64_latest_ELS/getPackage/konsole-4.10.5-5.0.1.el7.x86_64.rpm
block 15986973: var/www/html/yum/ol7_x86_64_latest_ELS/getPackage/konsole-part-4.10.5-5.0.1.el7.x86_64.rpm
block 15987766: var/www/html/yum/ol7_x86_64_latest_ELS/getPackage/lemon-3.7.17-8.0.1.el7_9.1.x86_64.rpm
block 15987877: var/www/html/yum/ol7_x86_64_latest_ELS/getPackage/libblockdev-2.18-5.0.1.el7.i686.rpm
block 15988126: var/www/html/yum/ol7_x86_64_latest_ELS/getPackage/libblockdev-2.18-5.0.1.el7.x86_64.rpm
block 15988366: var/www/html/yum/ol7_x86_64_latest_ELS/getPackage/libblockdev-btrfs-2.18-5.0.1.el7.i686.rpm
block 15988478: var/www/html/yum/ol7_x86_64_latest_ELS/getPackage/libblockdev-btrfs-devel-2.18-5.0.1.el7.i686.rpm
block 15988575: var/www/html/yum/ol7_x86_64_latest_ELS/getPackage/libblockdev-btrfs-devel-2.18-5.0.1.el7.x86_64.rpm
block 15988672: var/www/html/yum/ol7_x86_64_latest_ELS/getPackage/libblockdev-crypto-2.18-5.0.1.el7.i686.rpm
block 15988796: var/www/html/yum/ol7_x86_64_latest_ELS/getPackage/libblockdev-crypto-2.18-5.0.1.el7.x86_64.rpm
block 15988919: var/www/html/yum/ol7_x86_64_latest_ELS/getPackage/libblockdev-crypto-devel-2.18-5.0.1.el7.i686.rpm
block 15989018: var/www/html/yum/ol7_x86_64_latest_ELS/getPackage/libblockdev-crypto-devel-2.18-5.0.1.el7.x86_64.rpm
block 15989117: var/www/html/yum/ol7_x86_64_latest_ELS/getPackage/libblockdev-devel-2.18-5.0.1.el7.i686.rpm
block 15989441: var/www/html/yum/ol7_x86_64_latest_ELS/getPackage/libblockdev-devel-2.18-5.0.1.el7.x86_64.rpm
block 15989765: var/www/html/yum/ol7_x86_64_latest_ELS/getPackage/libblockdev-dm-2.18-5.0.1.el7.i686.rpm
block 15989876: var/www/html/yum/ol7_x86_64_latest_ELS/getPackage/libblockdev-dm-2.18-5.0.1.el7.x86_64.rpm
block 15989987: var/www/html/yum/ol7_x86_64_latest_ELS/getPackage/libblockdev-dm-devel-2.18-5.0.1.el7.i686.rpm
block 15990083: var/www/html/yum/ol7_x86_64_latest_ELS/getPackage/libblockdev-dm-devel-2.18-5.0.1.el7.x86_64.rpm
block 15990179: var/www/html/yum/ol7_x86_64_latest_ELS/getPackage/libblockdev-fs-2.18-5.0.1.el7.i686.rpm
block 15990317: var/www/html/yum/ol7_x86_64_latest_ELS/getPackage/libblockdev-fs-2.18-5.0.1.el7.x86_64.rpm
block 15990453: var/www/html/yum/ol7_x86_64_latest_ELS/getPackage/libblockdev-fs-devel-2.18-5.0.1.el7.i686.rpm
block 15990553: var/www/html/yum/ol7_x86_64_latest_ELS/getPackage/libblockdev-fs-devel-2.18-5.0.1.el7.x86_64.rpm
block 15990652: var/www/html/yum/ol7_x86_64_latest_ELS/getPackage/libblockdev-kbd-2.18-5.0.1.el7.i686.rpm
block 15990771: var/www/html/yum/ol7_x86_64_latest_ELS/getPackage/libblockdev-kbd-2.18-5.0.1.el7.x86_64.rpm
block 15990889: var/www/html/yum/ol7_x86_64_latest_ELS/getPackage/libblockdev-kbd-devel-2.18-5.0.1.el7.i686.rpm
block 15990986: var/www/html/yum/ol7_x86_64_latest_ELS/getPackage/libblockdev-kbd-devel-2.18-5.0.1.el7.x86_64.rpm
block 15991083: var/www/html/yum/ol7_x86_64_latest_ELS/getPackage/libblockdev-loop-2.18-5.0.1.el7.i686.rpm
block 15991189: var/www/html/yum/ol7_x86_64_latest_ELS/getPackage/libblockdev-loop-2.18-5.0.1.el7.x86_64.rpm
block 15991294: var/www/html/yum/ol7_x86_64_latest_ELS/getPackage/libblockdev-loop-devel-2.18-5.0.1.el7.i686.rpm
block 15991390: var/www/html/yum/ol7_x86_64_latest_ELS/getPackage/libblockdev-loop-devel-2.18-5.0.1.el7.x86_64.rpm
block 15991486: var/www/html/yum/ol7_x86_64_latest_ELS/getPackage/libblockdev-lvm-2.18-5.0.1.el7.i686.rpm
block 15991615: var/www/html/yum/ol7_x86_64_latest_ELS/getPackage/libblockdev-lvm-2.18-5.0.1.el7.x86_64.rpm
block 15991741: var/www/html/yum/ol7_x86_64_latest_ELS/getPackage/libblockdev-lvm-devel-2.18-5.0.1.el7.i686.rpm
block 15991840: var/www/html/yum/ol7_x86_64_latest_ELS/getPackage/libblockdev-lvm-devel-2.18-5.0.1.el7.x86_64.rpm
block 15991939: var/www/html/yum/ol7_x86_64_latest_ELS/getPackage/libblockdev-mdraid-2.18-5.0.1.el7.i686.rpm
block 15992056: var/www/html/yum/ol7_x86_64_latest_ELS/getPackage/libblockdev-mdraid-2.18-5.0.1.el7.x86_64.rpm
block 15992172: var/www/html/yum/ol7_x86_64_latest_ELS/getPackage/libblockdev-mdraid-devel-2.18-5.0.1.el7.i686.rpm
block 15992269: var/www/html/yum/ol7_x86_64_latest_ELS/getPackage/libblockdev-mdraid-devel-2.18-5.0.1.el7.x86_64.rpm
block 15992366: var/www/html/yum/ol7_x86_64_latest_ELS/getPackage/libblockdev-mpath-2.18-5.0.1.el7.i686.rpm
block 15992475: var/www/html/yum/ol7_x86_64_latest_ELS/getPackage/libblockdev-mpath-2.18-5.0.1.el7.x86_64.rpm
block 15992583: var/www/html/yum/ol7_x86_64_latest_ELS/getPackage/libblockdev-mpath-devel-2.18-5.0.1.el7.i686.rpm
block 15992679: var/www/html/yum/ol7_x86_64_latest_ELS/getPackage/libblockdev-mpath-devel-2.18-5.0.1.el7.x86_64.rpm
block 15992775: var/www/html/yum/ol7_x86_64_latest_ELS/getPackage/libblockdev-nvdimm-2.18-5.0.1.el7.i686.rpm
block 15992885: var/www/html/yum/ol7_x86_64_latest_ELS/getPackage/libblockdev-nvdimm-2.18-5.0.1.el7.x86_64.rpm
block 15992994: var/www/html/yum/ol7_x86_64_latest_ELS/getPackage/libblockdev-nvdimm-devel-2.18-5.0.1.el7.i686.rpm
block 15993090: var/www/html/yum/ol7_x86_64_latest_ELS/getPackage/libblockdev-nvdimm-devel-2.18-5.0.1.el7.x86_64.rpm
block 15993186: var/www/html/yum/ol7_x86_64_latest_ELS/getPackage/libblockdev-part-2.18-5.0.1.el7.i686.rpm
block 15993311: var/www/html/yum/ol7_x86_64_latest_ELS/getPackage/libblockdev-part-2.18-5.0.1.el7.x86_64.rpm
block 15993433: var/www/html/yum/ol7_x86_64_latest_ELS/getPackage/libblockdev-part-devel-2.18-5.0.1.el7.i686.rpm
block 15993531: var/www/html/yum/ol7_x86_64_latest_ELS/getPackage/libblockdev-part-devel-2.18-5.0.1.el7.x86_64.rpm
block 15993629: var/www/html/yum/ol7_x86_64_latest_ELS/getPackage/libblockdev-plugins-all-2.18-5.0.1.el7.x86_64.rpm
block 15993723: var/www/html/yum/ol7_x86_64_latest_ELS/getPackage/libblockdev-swap-2.18-5.0.1.el7.i686.rpm
block 15993829: var/www/html/yum/ol7_x86_64_latest_ELS/getPackage/libblockdev-swap-2.18-5.0.1.el7.x86_64.rpm
block 15993935: var/www/html/yum/ol7_x86_64_latest_ELS/getPackage/libblockdev-swap-devel-2.18-5.0.1.el7.i686.rpm
block 15994031: var/www/html/yum/ol7_x86_64_latest_ELS/getPackage/libblockdev-swap-devel-2.18-5.0.1.el7.x86_64.rpm
block 15994127: var/www/html/yum/ol7_x86_64_latest_ELS/getPackage/libblockdev-utils-2.18-5.0.1.el7.i686.rpm
block 15994247: var/www/html/yum/ol7_x86_64_latest_ELS/getPackage/libblockdev-utils-2.18-5.0.1.el7.x86_64.rpm
block 15994367: var/www/html/yum/ol7_x86_64_latest_ELS/getPackage/libblockdev-utils-devel-2.18-5.0.1.el7.i686.rpm
block 15994468: var/www/html/yum/ol7_x86_64_latest_ELS/getPackage/libblockdev-utils-devel-2.18-5.0.1.el7.x86_64.rpm
block 15994569: var/www/html/yum/ol7_x86_64_latest_ELS/getPackage/libblockdev-vdo-2.18-5.0.1.el7.x86_64.rpm
block 15994680: var/www/html/yum/ol7_x86_64_latest_ELS/getPackage/libblockdev-vdo-devel-2.18-5.0.1.el7.x86_64.rpm
block 15994776: var/www/html/yum/ol7_x86_64_latest_ELS/getPackage/libxml2-2.9.1-6.0.7.el7_9.6.i686.rpm
block 15996088: var/www/html/yum/ol7_x86_64_latest_ELS/getPackage/libxml2-2.9.1-6.0.7.el7_9.6.x86_64.rpm
block 15997428: var/www/html/yum/ol7_x86_64_latest_ELS/getPackage/libxml2-devel-2.9.1-6.0.7.el7_9.6.i686.rpm
block 15999582: var/www/html/yum/ol7_x86_64_latest_ELS/getPackage/libxml2-devel-2.9.1-6.0.7.el7_9.6.x86_64.rpm
block 16001736: var/www/html/yum/ol7_x86_64_latest_ELS/getPackage/libxml2-python-2.9.1-6.0.7.el7_9.6.x86_64.rpm
block 16002234: var/www/html/yum/ol7_x86_64_latest_ELS/getPackage/libxml2-static-2.9.1-6.0.7.el7_9.6.i686.rpm
block 16003373: var/www/html/yum/ol7_x86_64_latest_ELS/getPackage/libxml2-static-2.9.1-6.0.7.el7_9.6.x86_64.rpm
block 16004557: var/www/html/yum/ol7_x86_64_latest_ELS/getPackage/perf-3.10.0-1160.119.1.0.10.el7.x86_64.rpm
block 16024515: var/www/html/yum/ol7_x86_64_latest_ELS/getPackage/perl-Git-1.8.3.1-25.0.1.el7_9.noarch.rpm
block 16024630: var/www/html/yum/ol7_x86_64_latest_ELS/getPackage/perl-Git-SVN-1.8.3.1-25.0.1.el7_9.noarch.rpm
block 16024807: var/www/html/yum/ol7_x86_64_latest_ELS/getPackage/python-perf-3.10.0-1160.119.1.0.10.el7.x86_64.rpm
block 16041572: var/www/html/yum/ol7_x86_64_latest_ELS/getPackage/python-setuptools-0.9.8-7.0.3.el7.noarch.rpm
block 16042369: var/www/html/yum/ol7_x86_64_latest_ELS/getPackage/python2-blockdev-2.18-5.0.1.el7.x86_64.rpm
block 16042493: var/www/html/yum/ol7_x86_64_latest_ELS/getPackage/python3-setuptools-39.2.0-10.0.5.el7.noarch.rpm
block 16043754: var/www/html/yum/ol7_x86_64_latest_ELS/getPackage/sqlite-3.7.17-8.0.1.el7_9.1.i686.rpm
block 16044550: var/www/html/yum/ol7_x86_64_latest_ELS/getPackage/sqlite-3.7.17-8.0.1.el7_9.1.x86_64.rpm
block 16045340: var/www/html/yum/ol7_x86_64_latest_ELS/getPackage/sqlite-devel-3.7.17-8.0.1.el7_9.1.i686.rpm
block 16045552: var/www/html/yum/ol7_x86_64_latest_ELS/getPackage/sqlite-devel-3.7.17-8.0.1.el7_9.1.x86_64.rpm
block 16045764: var/www/html/yum/ol7_x86_64_latest_ELS/getPackage/sqlite-doc-3.7.17-8.0.1.el7_9.1.noarch.rpm
block 16051630: var/www/html/yum/ol7_x86_64_latest_ELS/getPackage/sqlite-tcl-3.7.17-8.0.1.el7_9.1.x86_64.rpm
block 16051699: var/www/html/yum/ol7_x86_64_latest_ELS/getPackage/glibc-2.17-326.0.11.el7_9.3.i686.rpm
block 16060439: var/www/html/yum/ol7_x86_64_latest_ELS/getPackage/glibc-2.17-326.0.11.el7_9.3.x86_64.rpm
block 16067907: var/www/html/yum/ol7_x86_64_latest_ELS/getPackage/glibc-common-2.17-326.0.11.el7_9.3.x86_64.rpm
block 16092251: var/www/html/yum/ol7_x86_64_latest_ELS/getPackage/glibc-devel-2.17-326.0.11.el7_9.3.i686.rpm
block 16094468: var/www/html/yum/ol7_x86_64_latest_ELS/getPackage/glibc-devel-2.17-326.0.11.el7_9.3.x86_64.rpm
block 16096683: var/www/html/yum/ol7_x86_64_latest_ELS/getPackage/glibc-headers-2.17-326.0.11.el7_9.3.x86_64.rpm
block 16098076: var/www/html/yum/ol7_x86_64_latest_ELS/getPackage/glibc-static-2.17-326.0.11.el7_9.3.i686.rpm
block 16100697: var/www/html/yum/ol7_x86_64_latest_ELS/getPackage/glibc-static-2.17-326.0.11.el7_9.3.x86_64.rpm
block 16103902: var/www/html/yum/ol7_x86_64_latest_ELS/getPackage/glibc-utils-2.17-326.0.11.el7_9.3.x86_64.rpm
block 16104372: var/www/html/yum/ol7_x86_64_latest_ELS/getPackage/libxml2-2.9.1-6.0.9.el7_9.6.i686.rpm
block 16105685: var/www/html/yum/ol7_x86_64_latest_ELS/getPackage/libxml2-2.9.1-6.0.9.el7_9.6.x86_64.rpm
block 16107025: var/www/html/yum/ol7_x86_64_latest_ELS/getPackage/libxml2-devel-2.9.1-6.0.9.el7_9.6.i686.rpm
block 16109180: var/www/html/yum/ol7_x86_64_latest_ELS/getPackage/libxml2-devel-2.9.1-6.0.9.el7_9.6.x86_64.rpm
block 16111335: var/www/html/yum/ol7_x86_64_latest_ELS/getPackage/libxml2-python-2.9.1-6.0.9.el7_9.6.x86_64.rpm
block 16111833: var/www/html/yum/ol7_x86_64_latest_ELS/getPackage/libxml2-static-2.9.1-6.0.9.el7_9.6.i686.rpm
block 16112972: var/www/html/yum/ol7_x86_64_latest_ELS/getPackage/libxml2-static-2.9.1-6.0.9.el7_9.6.x86_64.rpm
block 16114157: var/www/html/yum/ol7_x86_64_latest_ELS/getPackage/nscd-2.17-326.0.11.el7_9.3.x86_64.rpm
block 16114745: var/www/html/yum/ol7_x86_64_latest_ELS/getPackage/ImageMagick-6.9.10.68-7.0.1.el7_9.i686.rpm
block 16119432: var/www/html/yum/ol7_x86_64_latest_ELS/getPackage/ImageMagick-6.9.10.68-7.0.1.el7_9.x86_64.rpm
block 16124227: var/www/html/yum/ol7_x86_64_latest_ELS/getPackage/ImageMagick-c++-6.9.10.68-7.0.1.el7_9.i686.rpm
block 16124583: var/www/html/yum/ol7_x86_64_latest_ELS/getPackage/ImageMagick-c++-6.9.10.68-7.0.1.el7_9.x86_64.rpm
block 16124922: var/www/html/yum/ol7_x86_64_latest_ELS/getPackage/ImageMagick-c++-devel-6.9.10.68-7.0.1.el7_9.i686.rpm
block 16125139: var/www/html/yum/ol7_x86_64_latest_ELS/getPackage/ImageMagick-c++-devel-6.9.10.68-7.0.1.el7_9.x86_64.rpm
block 16125356: var/www/html/yum/ol7_x86_64_latest_ELS/getPackage/ImageMagick-devel-6.9.10.68-7.0.1.el7_9.i686.rpm
block 16125580: var/www/html/yum/ol7_x86_64_latest_ELS/getPackage/ImageMagick-devel-6.9.10.68-7.0.1.el7_9.x86_64.rpm
block 16125804: var/www/html/yum/ol7_x86_64_latest_ELS/getPackage/ImageMagick-doc-6.9.10.68-7.0.1.el7_9.x86_64.rpm
block 16135374: var/www/html/yum/ol7_x86_64_latest_ELS/getPackage/ImageMagick-perl-6.9.10.68-7.0.1.el7_9.x86_64.rpm
block 16135685: var/www/html/yum/ol7_x86_64_latest_ELS/getPackage/aide-0.15.1-13.0.3.el7_9.1.x86_64.rpm
block 16135956: var/www/html/yum/ol7_x86_64_latest_ELS/getPackage/bpftool-3.10.0-1160.119.1.0.11.el7.x86_64.rpm
block 16153441: var/www/html/yum/ol7_x86_64_latest_ELS/getPackage/bpftool-3.10.0-1160.119.1.0.12.el7.x86_64.rpm
block 16170926: var/www/html/yum/ol7_x86_64_latest_ELS/getPackage/bsdcpio-3.1.2-14.0.1.el7_9.x86_64.rpm
block 16171011: var/www/html/yum/ol7_x86_64_latest_ELS/getPackage/bsdtar-3.1.2-14.0.1.el7_9.x86_64.rpm
block 16171127: var/www/html/yum/ol7_x86_64_latest_ELS/getPackage/firefox-128.14.0-2.0.1.el7_9.x86_64.rpm
block 16435266: var/www/html/yum/ol7_x86_64_latest_ELS/getPackage/gdk-pixbuf2-2.36.12-3.0.1.el7.i686.rpm
block 16436410: var/www/html/yum/ol7_x86_64_latest_ELS/getPackage/gdk-pixbuf2-2.36.12-3.0.1.el7.x86_64.rpm
block 16437553: var/www/html/yum/ol7_x86_64_latest_ELS/getPackage/gdk-pixbuf2-devel-2.36.12-3.0.1.el7.i686.rpm
block 16437986: var/www/html/yum/ol7_x86_64_latest_ELS/getPackage/gdk-pixbuf2-devel-2.36.12-3.0.1.el7.x86_64.rpm
block 16438419: var/www/html/yum/ol7_x86_64_latest_ELS/getPackage/gdk-pixbuf2-tests-2.36.12-3.0.1.el7.x86_64.rpm
block 16446865: var/www/html/yum/ol7_x86_64_latest_ELS/getPackage/iwl100-firmware-39.31.5.1-999.42.1.el7.noarch.rpm
block 16447207: var/www/html/yum/ol7_x86_64_latest_ELS/getPackage/iwl100-firmware-39.31.5.1-999.44.el7.noarch.rpm
block 16447547: var/www/html/yum/ol7_x86_64_latest_ELS/getPackage/iwl1000-firmware-39.31.5.1-999.42.1.el7.noarch.rpm
block 16447889: var/www/html/yum/ol7_x86_64_latest_ELS/getPackage/iwl1000-firmware-39.31.5.1-999.44.el7.noarch.rpm
block 16448229: var/www/html/yum/ol7_x86_64_latest_ELS/getPackage/iwl105-firmware-18.168.6.1-999.42.1.el7.noarch.rpm
block 16448739: var/www/html/yum/ol7_x86_64_latest_ELS/getPackage/iwl105-firmware-18.168.6.1-999.44.el7.noarch.rpm
block 16449248: var/www/html/yum/ol7_x86_64_latest_ELS/getPackage/iwl135-firmware-18.168.6.1-999.42.1.el7.noarch.rpm
block 16449777: var/www/html/yum/ol7_x86_64_latest_ELS/getPackage/iwl135-firmware-18.168.6.1-999.44.el7.noarch.rpm
block 16450304: var/www/html/yum/ol7_x86_64_latest_ELS/getPackage/iwl2000-firmware-18.168.6.1-999.42.1.el7.noarch.rpm
block 16450820: var/www/html/yum/ol7_x86_64_latest_ELS/getPackage/iwl2000-firmware-18.168.6.1-999.44.el7.noarch.rpm
block 16451334: var/www/html/yum/ol7_x86_64_latest_ELS/getPackage/iwl2030-firmware-18.168.6.1-999.42.1.el7.noarch.rpm
block 16451867: var/www/html/yum/ol7_x86_64_latest_ELS/getPackage/iwl2030-firmware-18.168.6.1-999.44.el7.noarch.rpm
block 16452399: var/www/html/yum/ol7_x86_64_latest_ELS/getPackage/iwl3160-firmware-22.0.7.0-999.42.1.el7.noarch.rpm
block 16453396: var/www/html/yum/ol7_x86_64_latest_ELS/getPackage/iwl3160-firmware-22.0.7.0-999.44.el7.noarch.rpm
block 16454391: var/www/html/yum/ol7_x86_64_latest_ELS/getPackage/iwl3945-firmware-15.32.2.9-999.42.1.el7.noarch.rpm
block 16454609: var/www/html/yum/ol7_x86_64_latest_ELS/getPackage/iwl3945-firmware-15.32.2.9-999.44.el7.noarch.rpm
block 16454825: var/www/html/yum/ol7_x86_64_latest_ELS/getPackage/iwl4965-firmware-228.61.2.24-999.42.1.el7.noarch.rpm
block 16455070: var/www/html/yum/ol7_x86_64_latest_ELS/getPackage/iwl4965-firmware-228.61.2.24-999.44.el7.noarch.rpm
block 16455313: var/www/html/yum/ol7_x86_64_latest_ELS/getPackage/iwl5000-firmware-8.83.5.1_1-999.42.1.el7.noarch.rpm
block 16455650: var/www/html/yum/ol7_x86_64_latest_ELS/getPackage/iwl5000-firmware-8.83.5.1_1-999.44.el7.noarch.rpm
block 16455985: var/www/html/yum/ol7_x86_64_latest_ELS/getPackage/iwl5150-firmware-8.24.2.2-999.42.1.el7.noarch.rpm
block 16456320: var/www/html/yum/ol7_x86_64_latest_ELS/getPackage/iwl5150-firmware-8.24.2.2-999.44.el7.noarch.rpm
block 16456653: var/www/html/yum/ol7_x86_64_latest_ELS/getPackage/iwl6000-firmware-9.221.4.1-999.42.1.el7.noarch.rpm
block 16457029: var/www/html/yum/ol7_x86_64_latest_ELS/getPackage/iwl6000-firmware-9.221.4.1-999.44.el7.noarch.rpm
block 16457403: var/www/html/yum/ol7_x86_64_latest_ELS/getPackage/iwl6000g2a-firmware-17.168.5.3-999.42.1.el7.noarch.rpm
block 16457884: var/www/html/yum/ol7_x86_64_latest_ELS/getPackage/iwl6000g2a-firmware-17.168.5.3-999.44.el7.noarch.rpm
block 16458363: var/www/html/yum/ol7_x86_64_latest_ELS/getPackage/iwl6000g2b-firmware-17.168.5.2-999.42.1.el7.noarch.rpm
block 16458848: var/www/html/yum/ol7_x86_64_latest_ELS/getPackage/iwl6000g2b-firmware-17.168.5.2-999.44.el7.noarch.rpm
block 16459331: var/www/html/yum/ol7_x86_64_latest_ELS/getPackage/iwl6050-firmware-41.28.5.1-999.42.1.el7.noarch.rpm
block 16459721: var/www/html/yum/ol7_x86_64_latest_ELS/getPackage/iwl6050-firmware-41.28.5.1-999.44.el7.noarch.rpm
block 16460110: var/www/html/yum/ol7_x86_64_latest_ELS/getPackage/iwl7260-firmware-22.0.7.0-999.42.1.el7.noarch.rpm
block 16472729: var/www/html/yum/ol7_x86_64_latest_ELS/getPackage/iwl7260-firmware-22.0.7.0-999.44.el7.noarch.rpm
block 16487238: var/www/html/yum/ol7_x86_64_latest_ELS/getPackage/iwlax2xx-firmware-20250909-999.42.1.el7.noarch.rpm
block 16544807: var/www/html/yum/ol7_x86_64_latest_ELS/getPackage/iwlax2xx-firmware-20250909-999.44.el7.noarch.rpm
block 16603546: var/www/html/yum/ol7_x86_64_latest_ELS/getPackage/kernel-3.10.0-1160.119.1.0.11.el7.x86_64.rpm
block 16709381: var/www/html/yum/ol7_x86_64_latest_ELS/getPackage/kernel-3.10.0-1160.119.1.0.12.el7.x86_64.rpm
block 16815220: var/www/html/yum/ol7_x86_64_latest_ELS/getPackage/kernel-abi-whitelists-3.10.0-1160.119.1.0.11.el7.noarch.rpm
block 16831812: var/www/html/yum/ol7_x86_64_latest_ELS/getPackage/kernel-abi-whitelists-3.10.0-1160.119.1.0.12.el7.noarch.rpm
block 16848404: var/www/html/yum/ol7_x86_64_latest_ELS/getPackage/kernel-debug-3.10.0-1160.119.1.0.11.el7.x86_64.rpm
block 16958957: var/www/html/yum/ol7_x86_64_latest_ELS/getPackage/kernel-debug-3.10.0-1160.119.1.0.12.el7.x86_64.rpm
block 17069528: var/www/html/yum/ol7_x86_64_latest_ELS/getPackage/kernel-debug-devel-3.10.0-1160.119.1.0.11.el7.x86_64.rpm
block 17106626: var/www/html/yum/ol7_x86_64_latest_ELS/getPackage/kernel-debug-devel-3.10.0-1160.119.1.0.12.el7.x86_64.rpm
block 17143724: var/www/html/yum/ol7_x86_64_latest_ELS/getPackage/kernel-devel-3.10.0-1160.119.1.0.11.el7.x86_64.rpm
block 17180685: var/www/html/yum/ol7_x86_64_latest_ELS/getPackage/kernel-devel-3.10.0-1160.119.1.0.12.el7.x86_64.rpm
block 17217646: var/www/html/yum/ol7_x86_64_latest_ELS/getPackage/kernel-doc-3.10.0-1160.119.1.0.11.el7.noarch.rpm
block 17257703: var/www/html/yum/ol7_x86_64_latest_ELS/getPackage/kernel-doc-3.10.0-1160.119.1.0.12.el7.noarch.rpm
block 17297761: var/www/html/yum/ol7_x86_64_latest_ELS/getPackage/kernel-headers-3.10.0-1160.119.1.0.11.el7.x86_64.rpm
block 17316376: var/www/html/yum/ol7_x86_64_latest_ELS/getPackage/kernel-headers-3.10.0-1160.119.1.0.12.el7.x86_64.rpm
block 17334992: var/www/html/yum/ol7_x86_64_latest_ELS/getPackage/kernel-tools-3.10.0-1160.119.1.0.11.el7.x86_64.rpm
block 17351781: var/www/html/yum/ol7_x86_64_latest_ELS/getPackage/kernel-tools-3.10.0-1160.119.1.0.12.el7.x86_64.rpm
block 17368571: var/www/html/yum/ol7_x86_64_latest_ELS/getPackage/kernel-tools-libs-3.10.0-1160.119.1.0.11.el7.x86_64.rpm
block 17385147: var/www/html/yum/ol7_x86_64_latest_ELS/getPackage/kernel-tools-libs-3.10.0-1160.119.1.0.12.el7.x86_64.rpm
block 17401723: var/www/html/yum/ol7_x86_64_latest_ELS/getPackage/kernel-tools-libs-devel-3.10.0-1160.119.1.0.11.el7.x86_64.rpm
block 17418291: var/www/html/yum/ol7_x86_64_latest_ELS/getPackage/kernel-tools-libs-devel-3.10.0-1160.119.1.0.12.el7.x86_64.rpm
block 17434860: var/www/html/yum/ol7_x86_64_latest_ELS/getPackage/libarchive-3.1.2-14.0.1.el7_9.i686.rpm
block 17435535: var/www/html/yum/ol7_x86_64_latest_ELS/getPackage/libarchive-3.1.2-14.0.1.el7_9.x86_64.rpm
block 17436176: var/www/html/yum/ol7_x86_64_latest_ELS/getPackage/libarchive-devel-3.1.2-14.0.1.el7_9.i686.rpm
block 17436408: var/www/html/yum/ol7_x86_64_latest_ELS/getPackage/libarchive-devel-3.1.2-14.0.1.el7_9.x86_64.rpm
block 17436640: var/www/html/yum/ol7_x86_64_latest_ELS/getPackage/libxml2-2.9.1-6.0.11.el7_9.6.i686.rpm
block 17437953: var/www/html/yum/ol7_x86_64_latest_ELS/getPackage/libxml2-2.9.1-6.0.11.el7_9.6.x86_64.rpm
block 17439294: var/www/html/yum/ol7_x86_64_latest_ELS/getPackage/libxml2-devel-2.9.1-6.0.11.el7_9.6.i686.rpm
block 17441449: var/www/html/yum/ol7_x86_64_latest_ELS/getPackage/libxml2-devel-2.9.1-6.0.11.el7_9.6.x86_64.rpm
block 17443604: var/www/html/yum/ol7_x86_64_latest_ELS/getPackage/libxml2-python-2.9.1-6.0.11.el7_9.6.x86_64.rpm
block 17444103: var/www/html/yum/ol7_x86_64_latest_ELS/getPackage/libxml2-static-2.9.1-6.0.11.el7_9.6.i686.rpm
block 17445243: var/www/html/yum/ol7_x86_64_latest_ELS/getPackage/libxml2-static-2.9.1-6.0.11.el7_9.6.x86_64.rpm
block 17446428: var/www/html/yum/ol7_x86_64_latest_ELS/getPackage/linux-firmware-20250909-999.42.1.git356f06bf.el7.noarch.rpm
block 18393710: var/www/html/yum/ol7_x86_64_latest_ELS/getPackage/linux-firmware-20250909-999.44.git260ff424.el7.noarch.rpm
block 19555519: var/www/html/yum/ol7_x86_64_latest_ELS/getPackage/pam-1.1.8-23.0.3.el7.i686.rpm
block 19556966: var/www/html/yum/ol7_x86_64_latest_ELS/getPackage/pam-1.1.8-23.0.3.el7.x86_64.rpm
block 19558415: var/www/html/yum/ol7_x86_64_latest_ELS/getPackage/pam-devel-1.1.8-23.0.3.el7.i686.rpm
block 19558788: var/www/html/yum/ol7_x86_64_latest_ELS/getPackage/pam-devel-1.1.8-23.0.3.el7.x86_64.rpm
block 19559161: var/www/html/yum/ol7_x86_64_latest_ELS/getPackage/perf-3.10.0-1160.119.1.0.11.el7.x86_64.rpm
block 19579121: var/www/html/yum/ol7_x86_64_latest_ELS/getPackage/perf-3.10.0-1160.119.1.0.12.el7.x86_64.rpm
block 19599081: var/www/html/yum/ol7_x86_64_latest_ELS/getPackage/python-perf-3.10.0-1160.119.1.0.11.el7.x86_64.rpm
block 19615848: var/www/html/yum/ol7_x86_64_latest_ELS/getPackage/python-perf-3.10.0-1160.119.1.0.12.el7.x86_64.rpm
block 19632616: var/www/html/yum/ol7_x86_64_latest_ELS/getPackage/389-ds-base-1.3.11.1-5.0.5.el7_9.x86_64.rpm
block 19637525: var/www/html/yum/ol7_x86_64_latest_ELS/getPackage/389-ds-base-devel-1.3.11.1-5.0.5.el7_9.x86_64.rpm
block 19638103: var/www/html/yum/ol7_x86_64_latest_ELS/getPackage/389-ds-base-libs-1.3.11.1-5.0.5.el7_9.x86_64.rpm
block 19639543: var/www/html/yum/ol7_x86_64_latest_ELS/getPackage/389-ds-base-snmp-1.3.11.1-5.0.5.el7_9.x86_64.rpm
block 19639912: var/www/html/yum/ol7_x86_64_latest_ELS/getPackage/ImageMagick-6.9.10.68-7.0.3.el7_9.i686.rpm
block 19644599: var/www/html/yum/ol7_x86_64_latest_ELS/getPackage/ImageMagick-6.9.10.68-7.0.3.el7_9.x86_64.rpm
block 19649395: var/www/html/yum/ol7_x86_64_latest_ELS/getPackage/ImageMagick-c++-6.9.10.68-7.0.3.el7_9.i686.rpm
block 19649751: var/www/html/yum/ol7_x86_64_latest_ELS/getPackage/ImageMagick-c++-6.9.10.68-7.0.3.el7_9.x86_64.rpm
block 19650090: var/www/html/yum/ol7_x86_64_latest_ELS/getPackage/ImageMagick-c++-devel-6.9.10.68-7.0.3.el7_9.i686.rpm
block 19650307: var/www/html/yum/ol7_x86_64_latest_ELS/getPackage/samba-common-4.10.16-25.0.7.el7_9.noarch.rpm
block 19650749: var/www/html/yum/ol7_x86_64_latest_ELS/getPackage/ImageMagick-c++-devel-6.9.10.68-7.0.3.el7_9.x86_64.rpm
block 19650966: var/www/html/yum/ol7_x86_64_latest_ELS/getPackage/ImageMagick-devel-6.9.10.68-7.0.3.el7_9.i686.rpm
block 19651190: var/www/html/yum/ol7_x86_64_latest_ELS/getPackage/ImageMagick-devel-6.9.10.68-7.0.3.el7_9.x86_64.rpm
block 19651414: var/www/html/yum/ol7_x86_64_latest_ELS/getPackage/ImageMagick-doc-6.9.10.68-7.0.3.el7_9.x86_64.rpm
block 19660984: var/www/html/yum/ol7_x86_64_latest_ELS/getPackage/ImageMagick-perl-6.9.10.68-7.0.3.el7_9.x86_64.rpm
block 19661295: var/www/html/yum/ol7_x86_64_latest_ELS/getPackage/bpftool-3.10.0-1160.119.1.0.13.el7.x86_64.rpm
block 19678781: var/www/html/yum/ol7_x86_64_latest_ELS/getPackage/ctdb-4.10.16-25.0.7.el7_9.x86_64.rpm
block 19680306: var/www/html/yum/ol7_x86_64_latest_ELS/getPackage/ctdb-tests-4.10.16-25.0.7.el7_9.x86_64.rpm
block 19682975: var/www/html/yum/ol7_x86_64_latest_ELS/getPackage/cups-1.6.3-52.0.1.el7_9.x86_64.rpm
block 19685605: var/www/html/yum/ol7_x86_64_latest_ELS/getPackage/cups-client-1.6.3-52.0.1.el7_9.x86_64.rpm
block 19685914: var/www/html/yum/ol7_x86_64_latest_ELS/getPackage/cups-devel-1.6.3-52.0.1.el7_9.i686.rpm
block 19686185: var/www/html/yum/ol7_x86_64_latest_ELS/getPackage/cups-devel-1.6.3-52.0.1.el7_9.x86_64.rpm
block 19686456: var/www/html/yum/ol7_x86_64_latest_ELS/getPackage/cups-filesystem-1.6.3-52.0.1.el7_9.noarch.rpm
block 19686655: var/www/html/yum/ol7_x86_64_latest_ELS/getPackage/cups-ipptool-1.6.3-52.0.1.el7_9.x86_64.rpm
block 19698429: var/www/html/yum/ol7_x86_64_latest_ELS/getPackage/cups-libs-1.6.3-52.0.1.el7_9.i686.rpm
block 19699154: var/www/html/yum/ol7_x86_64_latest_ELS/getPackage/cups-libs-1.6.3-52.0.1.el7_9.x86_64.rpm
block 19699875: var/www/html/yum/ol7_x86_64_latest_ELS/getPackage/cups-lpd-1.6.3-52.0.1.el7_9.x86_64.rpm
block 19700096: var/www/html/yum/ol7_x86_64_latest_ELS/getPackage/httpd-2.4.6-99.0.7.el7_9.1.x86_64.rpm
block 19702542: var/www/html/yum/ol7_x86_64_latest_ELS/getPackage/httpd-devel-2.4.6-99.0.7.el7_9.1.x86_64.rpm
block 19702949: var/www/html/yum/ol7_x86_64_latest_ELS/getPackage/httpd-manual-2.4.6-99.0.7.el7_9.1.noarch.rpm
block 19705710: var/www/html/yum/ol7_x86_64_latest_ELS/getPackage/httpd-tools-2.4.6-99.0.7.el7_9.1.x86_64.rpm
block 19705903: var/www/html/yum/ol7_x86_64_latest_ELS/getPackage/kernel-3.10.0-1160.119.1.0.13.el7.x86_64.rpm
block 19811739: var/www/html/yum/ol7_x86_64_latest_ELS/getPackage/kernel-abi-whitelists-3.10.0-1160.119.1.0.13.el7.noarch.rpm
block 19828333: var/www/html/yum/ol7_x86_64_latest_ELS/getPackage/kernel-debug-3.10.0-1160.119.1.0.13.el7.x86_64.rpm
block 19938901: var/www/html/yum/ol7_x86_64_latest_ELS/getPackage/kernel-debug-devel-3.10.0-1160.119.1.0.13.el7.x86_64.rpm
block 19976000: var/www/html/yum/ol7_x86_64_latest_ELS/getPackage/kernel-devel-3.10.0-1160.119.1.0.13.el7.x86_64.rpm
block 20012968: var/www/html/yum/ol7_x86_64_latest_ELS/getPackage/kernel-doc-3.10.0-1160.119.1.0.13.el7.noarch.rpm
block 20053025: var/www/html/yum/ol7_x86_64_latest_ELS/getPackage/kernel-headers-3.10.0-1160.119.1.0.13.el7.x86_64.rpm
block 20071642: var/www/html/yum/ol7_x86_64_latest_ELS/getPackage/kernel-tools-3.10.0-1160.119.1.0.13.el7.x86_64.rpm
block 20088433: var/www/html/yum/ol7_x86_64_latest_ELS/getPackage/kernel-tools-libs-3.10.0-1160.119.1.0.13.el7.x86_64.rpm
block 20105010: var/www/html/yum/ol7_x86_64_latest_ELS/getPackage/kernel-tools-libs-devel-3.10.0-1160.119.1.0.13.el7.x86_64.rpm
block 20121580: var/www/html/yum/ol7_x86_64_latest_ELS/getPackage/libsmbclient-4.10.16-25.0.7.el7_9.i686.rpm
block 20121877: var/www/html/yum/ol7_x86_64_latest_ELS/getPackage/libsmbclient-4.10.16-25.0.7.el7_9.x86_64.rpm
block 20122173: var/www/html/yum/ol7_x86_64_latest_ELS/getPackage/libsmbclient-devel-4.10.16-25.0.7.el7_9.i686.rpm
block 20122397: var/www/html/yum/ol7_x86_64_latest_ELS/getPackage/libsmbclient-devel-4.10.16-25.0.7.el7_9.x86_64.rpm
block 20122621: var/www/html/yum/ol7_x86_64_latest_ELS/getPackage/libudisks2-2.8.4-1.0.1.el7.i686.rpm
block 20122876: var/www/html/yum/ol7_x86_64_latest_ELS/getPackage/libudisks2-2.8.4-1.0.1.el7.x86_64.rpm
block 20123138: var/www/html/yum/ol7_x86_64_latest_ELS/getPackage/libudisks2-devel-2.8.4-1.0.1.el7.i686.rpm
block 20123846: var/www/html/yum/ol7_x86_64_latest_ELS/getPackage/libudisks2-devel-2.8.4-1.0.1.el7.x86_64.rpm
block 20124554: var/www/html/yum/ol7_x86_64_latest_ELS/getPackage/libwbclient-4.10.16-25.0.7.el7_9.i686.rpm
block 20124793: var/www/html/yum/ol7_x86_64_latest_ELS/getPackage/libwbclient-4.10.16-25.0.7.el7_9.x86_64.rpm
block 20125030: var/www/html/yum/ol7_x86_64_latest_ELS/getPackage/libwbclient-devel-4.10.16-25.0.7.el7_9.i686.rpm
block 20125232: var/www/html/yum/ol7_x86_64_latest_ELS/getPackage/libwbclient-devel-4.10.16-25.0.7.el7_9.x86_64.rpm
block 20125434: var/www/html/yum/ol7_x86_64_latest_ELS/getPackage/microcode_ctl-2.1-73.24.0.20250512.el7_9.x86_64.rpm
block 20148537: var/www/html/yum/ol7_x86_64_latest_ELS/getPackage/mod_ldap-2.4.6-99.0.7.el7_9.1.x86_64.rpm
block 20148691: var/www/html/yum/ol7_x86_64_latest_ELS/getPackage/mod_proxy_html-2.4.6-99.0.7.el7_9.1.x86_64.rpm
block 20148803: var/www/html/yum/ol7_x86_64_latest_ELS/getPackage/mod_session-2.4.6-99.0.7.el7_9.1.x86_64.rpm
block 20148936: var/www/html/yum/ol7_x86_64_latest_ELS/getPackage/mod_ssl-2.4.6-99.0.7.el7_9.1.x86_64.rpm
block 20149171: var/www/html/yum/ol7_x86_64_latest_ELS/getPackage/perf-3.10.0-1160.119.1.0.13.el7.x86_64.rpm
block 20169133: var/www/html/yum/ol7_x86_64_latest_ELS/getPackage/python-perf-3.10.0-1160.119.1.0.13.el7.x86_64.rpm
block 20185902: var/www/html/yum/ol7_x86_64_latest_ELS/getPackage/python3-3.6.8-21.0.5.el7_9.i686.rpm
block 20186047: var/www/html/yum/ol7_x86_64_latest_ELS/getPackage/python3-3.6.8-21.0.5.el7_9.x86_64.rpm
block 20186192: var/www/html/yum/ol7_x86_64_latest_ELS/getPackage/python3-debug-3.6.8-21.0.5.el7_9.i686.rpm
block 20191154: var/www/html/yum/ol7_x86_64_latest_ELS/getPackage/python3-debug-3.6.8-21.0.5.el7_9.x86_64.rpm
block 20196570: var/www/html/yum/ol7_x86_64_latest_ELS/getPackage/python3-devel-3.6.8-21.0.5.el7_9.i686.rpm
block 20197009: var/www/html/yum/ol7_x86_64_latest_ELS/getPackage/python3-devel-3.6.8-21.0.5.el7_9.x86_64.rpm
block 20197447: var/www/html/yum/ol7_x86_64_latest_ELS/getPackage/python3-idle-3.6.8-21.0.5.el7_9.i686.rpm
block 20199010: var/www/html/yum/ol7_x86_64_latest_ELS/getPackage/python3-idle-3.6.8-21.0.5.el7_9.x86_64.rpm
block 20200573: var/www/html/yum/ol7_x86_64_latest_ELS/getPackage/python3-libs-3.6.8-21.0.5.el7_9.i686.rpm
block 20214602: var/www/html/yum/ol7_x86_64_latest_ELS/getPackage/python3-libs-3.6.8-21.0.5.el7_9.x86_64.rpm
block 20228841: var/www/html/yum/ol7_x86_64_latest_ELS/getPackage/python3-test-3.6.8-21.0.5.el7_9.i686.rpm
block 20243691: var/www/html/yum/ol7_x86_64_latest_ELS/getPackage/python3-test-3.6.8-21.0.5.el7_9.x86_64.rpm
block 20258539: var/www/html/yum/ol7_x86_64_latest_ELS/getPackage/python3-tkinter-3.6.8-21.0.5.el7_9.i686.rpm
block 20259275: var/www/html/yum/ol7_x86_64_latest_ELS/getPackage/python3-tkinter-3.6.8-21.0.5.el7_9.x86_64.rpm
block 20260011: var/www/html/yum/ol7_x86_64_latest_ELS/getPackage/samba-4.10.16-25.0.7.el7_9.x86_64.rpm
block 20261456: var/www/html/yum/ol7_x86_64_latest_ELS/getPackage/samba-client-4.10.16-25.0.7.el7_9.x86_64.rpm
block 20262754: var/www/html/yum/ol7_x86_64_latest_ELS/getPackage/samba-client-libs-4.10.16-25.0.7.el7_9.i686.rpm
block 20273151: var/www/html/yum/ol7_x86_64_latest_ELS/getPackage/samba-client-libs-4.10.16-25.0.7.el7_9.x86_64.rpm
block 20283399: var/www/html/yum/ol7_x86_64_latest_ELS/getPackage/samba-common-libs-4.10.16-25.0.7.el7_9.i686.rpm
block 20283760: var/www/html/yum/ol7_x86_64_latest_ELS/getPackage/samba-common-libs-4.10.16-25.0.7.el7_9.x86_64.rpm
block 20284130: var/www/html/yum/ol7_x86_64_latest_ELS/getPackage/samba-common-tools-4.10.16-25.0.7.el7_9.x86_64.rpm
block 20285069: var/www/html/yum/ol7_x86_64_latest_ELS/getPackage/samba-dc-4.10.16-25.0.7.el7_9.x86_64.rpm
block 20285251: var/www/html/yum/ol7_x86_64_latest_ELS/getPackage/samba-dc-libs-4.10.16-25.0.7.el7_9.x86_64.rpm
block 20285433: var/www/html/yum/ol7_x86_64_latest_ELS/getPackage/samba-devel-4.10.16-25.0.7.el7_9.i686.rpm
block 20286047: var/www/html/yum/ol7_x86_64_latest_ELS/getPackage/samba-devel-4.10.16-25.0.7.el7_9.x86_64.rpm
block 20286661: var/www/html/yum/ol7_x86_64_latest_ELS/getPackage/samba-krb5-printing-4.10.16-25.0.7.el7_9.x86_64.rpm
block 20286857: var/www/html/yum/ol7_x86_64_latest_ELS/getPackage/samba-libs-4.10.16-25.0.7.el7_9.i686.rpm
block 20287414: var/www/html/yum/ol7_x86_64_latest_ELS/getPackage/samba-libs-4.10.16-25.0.7.el7_9.x86_64.rpm
block 20287961: var/www/html/yum/ol7_x86_64_latest_ELS/getPackage/samba-pidl-4.10.16-25.0.7.el7_9.noarch.rpm
block 20288347: var/www/html/yum/ol7_x86_64_latest_ELS/getPackage/samba-python-4.10.16-25.0.7.el7_9.i686.rpm
block 20293946: var/www/html/yum/ol7_x86_64_latest_ELS/getPackage/samba-python-4.10.16-25.0.7.el7_9.x86_64.rpm
block 20299997: var/www/html/yum/ol7_x86_64_latest_ELS/getPackage/samba-python-test-4.10.16-25.0.7.el7_9.x86_64.rpm
block 20301067: var/www/html/yum/ol7_x86_64_latest_ELS/getPackage/samba-test-4.10.16-25.0.7.el7_9.x86_64.rpm
block 20304862: var/www/html/yum/ol7_x86_64_latest_ELS/getPackage/samba-test-libs-4.10.16-25.0.7.el7_9.i686.rpm
block 20305133: var/www/html/yum/ol7_x86_64_latest_ELS/getPackage/samba-test-libs-4.10.16-25.0.7.el7_9.x86_64.rpm
block 20305403: var/www/html/yum/ol7_x86_64_latest_ELS/getPackage/samba-vfs-glusterfs-4.10.16-25.0.7.el7_9.x86_64.rpm
block 20305639: var/www/html/yum/ol7_x86_64_latest_ELS/getPackage/samba-winbind-4.10.16-25.0.7.el7_9.x86_64.rpm
block 20306766: var/www/html/yum/ol7_x86_64_latest_ELS/getPackage/samba-winbind-clients-4.10.16-25.0.7.el7_9.x86_64.rpm
block 20307068: var/www/html/yum/ol7_x86_64_latest_ELS/getPackage/samba-winbind-krb5-locator-4.10.16-25.0.7.el7_9.x86_64.rpm
block 20307262: var/www/html/yum/ol7_x86_64_latest_ELS/getPackage/samba-winbind-modules-4.10.16-25.0.7.el7_9.i686.rpm
block 20307514: var/www/html/yum/ol7_x86_64_latest_ELS/getPackage/samba-winbind-modules-4.10.16-25.0.7.el7_9.x86_64.rpm
block 20307765: var/www/html/yum/ol7_x86_64_latest_ELS/getPackage/squid-3.5.20-17.0.7.el7_9.13.x86_64.rpm
block 20313984: var/www/html/yum/ol7_x86_64_latest_ELS/getPackage/squid-migration-script-3.5.20-17.0.7.el7_9.13.x86_64.rpm
block 20314092: var/www/html/yum/ol7_x86_64_latest_ELS/getPackage/squid-sysvinit-3.5.20-17.0.7.el7_9.13.x86_64.rpm
block 20314196: var/www/html/yum/ol7_x86_64_latest_ELS/getPackage/udisks2-2.8.4-1.0.1.el7.x86_64.rpm
block 20315081: var/www/html/yum/ol7_x86_64_latest_ELS/getPackage/udisks2-iscsi-2.8.4-1.0.1.el7.x86_64.rpm
block 20315158: var/www/html/yum/ol7_x86_64_latest_ELS/getPackage/udisks2-lsm-2.8.4-1.0.1.el7.x86_64.rpm
block 20315237: var/www/html/yum/ol7_x86_64_latest_ELS/getPackage/udisks2-lvm2-2.8.4-1.0.1.el7.x86_64.rpm
block 20315363: var/www/html/yum/ol7_x86_64_latest_ELS/getPackage/compat-libtiff3-3.9.4-12.0.1.el7.i686.rpm
block 20315632: var/www/html/yum/ol7_x86_64_latest_ELS/getPackage/compat-libtiff3-3.9.4-12.0.1.el7.x86_64.rpm
block 20315905: var/www/html/yum/ol7_x86_64_latest_ELS/getPackage/ipa-client-4.6.8-5.0.5.el7_9.17.x86_64.rpm
block 20316493: var/www/html/yum/ol7_x86_64_latest_ELS/getPackage/ipa-client-common-4.6.8-5.0.5.el7_9.17.noarch.rpm
block 20316892: var/www/html/yum/ol7_x86_64_latest_ELS/getPackage/ipa-common-4.6.8-5.0.5.el7_9.17.noarch.rpm
block 20318143: var/www/html/yum/ol7_x86_64_latest_ELS/getPackage/ipa-python-compat-4.6.8-5.0.5.el7_9.17.noarch.rpm
block 20318530: var/www/html/yum/ol7_x86_64_latest_ELS/getPackage/ipa-server-4.6.8-5.0.5.el7_9.17.x86_64.rpm
block 20319606: var/www/html/yum/ol7_x86_64_latest_ELS/getPackage/ipa-server-common-4.6.8-5.0.5.el7_9.17.noarch.rpm
block 20321011: var/www/html/yum/ol7_x86_64_latest_ELS/getPackage/ipa-server-dns-4.6.8-5.0.5.el7_9.17.noarch.rpm
block 20321405: var/www/html/yum/ol7_x86_64_latest_ELS/getPackage/ipa-server-trust-ad-4.6.8-5.0.5.el7_9.17.x86_64.rpm
block 20321980: var/www/html/yum/ol7_x86_64_latest_ELS/getPackage/iwl100-firmware-39.31.5.1-999.44.1.el7.noarch.rpm
block 20322320: var/www/html/yum/ol7_x86_64_latest_ELS/getPackage/iwl1000-firmware-39.31.5.1-999.44.1.el7.noarch.rpm
block 20322660: var/www/html/yum/ol7_x86_64_latest_ELS/getPackage/iwl105-firmware-18.168.6.1-999.44.1.el7.noarch.rpm
block 20323169: var/www/html/yum/ol7_x86_64_latest_ELS/getPackage/iwl135-firmware-18.168.6.1-999.44.1.el7.noarch.rpm
block 20323696: var/www/html/yum/ol7_x86_64_latest_ELS/getPackage/iwl2000-firmware-18.168.6.1-999.44.1.el7.noarch.rpm
block 20324210: var/www/html/yum/ol7_x86_64_latest_ELS/getPackage/iwl2030-firmware-18.168.6.1-999.44.1.el7.noarch.rpm
block 20324742: var/www/html/yum/ol7_x86_64_latest_ELS/getPackage/iwl3160-firmware-22.0.7.0-999.44.1.el7.noarch.rpm
block 20325737: var/www/html/yum/ol7_x86_64_latest_ELS/getPackage/iwl3945-firmware-15.32.2.9-999.44.1.el7.noarch.rpm
block 20325954: var/www/html/yum/ol7_x86_64_latest_ELS/getPackage/iwl4965-firmware-228.61.2.24-999.44.1.el7.noarch.rpm
block 20326197: var/www/html/yum/ol7_x86_64_latest_ELS/getPackage/iwl5000-firmware-8.83.5.1_1-999.44.1.el7.noarch.rpm
block 20326532: var/www/html/yum/ol7_x86_64_latest_ELS/getPackage/iwl5150-firmware-8.24.2.2-999.44.1.el7.noarch.rpm
block 20326866: var/www/html/yum/ol7_x86_64_latest_ELS/getPackage/iwl6000-firmware-9.221.4.1-999.44.1.el7.noarch.rpm
block 20327240: var/www/html/yum/ol7_x86_64_latest_ELS/getPackage/iwl6000g2a-firmware-17.168.5.3-999.44.1.el7.noarch.rpm
block 20327720: var/www/html/yum/ol7_x86_64_latest_ELS/getPackage/iwl6000g2b-firmware-17.168.5.2-999.44.1.el7.noarch.rpm
block 20328204: var/www/html/yum/ol7_x86_64_latest_ELS/getPackage/iwl6050-firmware-41.28.5.1-999.44.1.el7.noarch.rpm
block 20328593: var/www/html/yum/ol7_x86_64_latest_ELS/getPackage/iwl7260-firmware-22.0.7.0-999.44.1.el7.noarch.rpm
block 20343102: var/www/html/yum/ol7_x86_64_latest_ELS/getPackage/iwlax2xx-firmware-20251030-999.44.1.el7.noarch.rpm
block 20401841: var/www/html/yum/ol7_x86_64_latest_ELS/getPackage/java-1.8.0-openjdk-1.8.0.472.b08-1.0.1.el7_9.i686.rpm
block 20402498: var/www/html/yum/ol7_x86_64_latest_ELS/getPackage/java-1.8.0-openjdk-1.8.0.472.b08-1.0.1.el7_9.x86_64.rpm
block 20403156: var/www/html/yum/ol7_x86_64_latest_ELS/getPackage/java-1.8.0-openjdk-accessibility-1.8.0.472.b08-1.0.1.el7_9.i686.rpm
block 20403384: var/www/html/yum/ol7_x86_64_latest_ELS/getPackage/java-1.8.0-openjdk-accessibility-1.8.0.472.b08-1.0.1.el7_9.x86_64.rpm
block 20403612: var/www/html/yum/ol7_x86_64_latest_ELS/getPackage/java-1.8.0-openjdk-demo-1.8.0.472.b08-1.0.1.el7_9.i686.rpm
block 20407769: var/www/html/yum/ol7_x86_64_latest_ELS/getPackage/java-1.8.0-openjdk-demo-1.8.0.472.b08-1.0.1.el7_9.x86_64.rpm
block 20411923: var/www/html/yum/ol7_x86_64_latest_ELS/getPackage/java-1.8.0-openjdk-devel-1.8.0.472.b08-1.0.1.el7_9.i686.rpm
block 20431950: var/www/html/yum/ol7_x86_64_latest_ELS/getPackage/java-1.8.0-openjdk-devel-1.8.0.472.b08-1.0.1.el7_9.x86_64.rpm
block 20451971: var/www/html/yum/ol7_x86_64_latest_ELS/getPackage/java-1.8.0-openjdk-headless-1.8.0.472.b08-1.0.1.el7_9.i686.rpm
block 20519533: var/www/html/yum/ol7_x86_64_latest_ELS/getPackage/java-1.8.0-openjdk-headless-1.8.0.472.b08-1.0.1.el7_9.x86_64.rpm
block 20587491: var/www/html/yum/ol7_x86_64_latest_ELS/getPackage/java-1.8.0-openjdk-javadoc-1.8.0.472.b08-1.0.1.el7_9.noarch.rpm
block 20618903: var/www/html/yum/ol7_x86_64_latest_ELS/getPackage/java-1.8.0-openjdk-javadoc-zip-1.8.0.472.b08-1.0.1.el7_9.noarch.rpm
block 20704109: var/www/html/yum/ol7_x86_64_latest_ELS/getPackage/java-1.8.0-openjdk-src-1.8.0.472.b08-1.0.1.el7_9.i686.rpm
block 20797239: var/www/html/yum/ol7_x86_64_latest_ELS/getPackage/java-1.8.0-openjdk-src-1.8.0.472.b08-1.0.1.el7_9.x86_64.rpm
block 20890372: var/www/html/yum/ol7_x86_64_latest_ELS/getPackage/linux-firmware-20251030-999.44.1.gite9292517.el7.noarch.rpm
block 22052223: var/www/html/yum/ol7_x86_64_latest_ELS/getPackage/postgresql-9.2.24-9.0.7.el7_9.i686.rpm
block 22058447: var/www/html/yum/ol7_x86_64_latest_ELS/getPackage/postgresql-9.2.24-9.0.7.el7_9.x86_64.rpm
block 22064692: var/www/html/yum/ol7_x86_64_latest_ELS/getPackage/postgresql-contrib-9.2.24-9.0.7.el7_9.x86_64.rpm
block 22065801: var/www/html/yum/ol7_x86_64_latest_ELS/getPackage/postgresql-devel-9.2.24-9.0.7.el7_9.i686.rpm
block 22067718: var/www/html/yum/ol7_x86_64_latest_ELS/getPackage/postgresql-devel-9.2.24-9.0.7.el7_9.x86_64.rpm
block 22069646: var/www/html/yum/ol7_x86_64_latest_ELS/getPackage/postgresql-docs-9.2.24-9.0.7.el7_9.x86_64.rpm
block 22083721: var/www/html/yum/ol7_x86_64_latest_ELS/getPackage/postgresql-libs-9.2.24-9.0.7.el7_9.i686.rpm
block 22084197: var/www/html/yum/ol7_x86_64_latest_ELS/getPackage/postgresql-libs-9.2.24-9.0.7.el7_9.x86_64.rpm
block 22084672: var/www/html/yum/ol7_x86_64_latest_ELS/getPackage/postgresql-plperl-9.2.24-9.0.7.el7_9.x86_64.rpm
block 22084844: var/www/html/yum/ol7_x86_64_latest_ELS/getPackage/postgresql-plpython-9.2.24-9.0.7.el7_9.x86_64.rpm
block 22085042: var/www/html/yum/ol7_x86_64_latest_ELS/getPackage/postgresql-pltcl-9.2.24-9.0.7.el7_9.x86_64.rpm
block 22085166: var/www/html/yum/ol7_x86_64_latest_ELS/getPackage/postgresql-server-9.2.24-9.0.7.el7_9.x86_64.rpm
block 22093000: var/www/html/yum/ol7_x86_64_latest_ELS/getPackage/postgresql-static-9.2.24-9.0.7.el7_9.i686.rpm
block 22093187: var/www/html/yum/ol7_x86_64_latest_ELS/getPackage/postgresql-static-9.2.24-9.0.7.el7_9.x86_64.rpm
block 22093381: var/www/html/yum/ol7_x86_64_latest_ELS/getPackage/postgresql-test-9.2.24-9.0.7.el7_9.x86_64.rpm
block 22095891: var/www/html/yum/ol7_x86_64_latest_ELS/getPackage/postgresql-upgrade-9.2.24-9.0.7.el7_9.x86_64.rpm
block 22100524: var/www/html/yum/ol7_x86_64_latest_ELS/getPackage/python2-ipaclient-4.6.8-5.0.5.el7_9.17.noarch.rpm
block 22101942: var/www/html/yum/ol7_x86_64_latest_ELS/getPackage/python2-ipalib-4.6.8-5.0.5.el7_9.17.noarch.rpm
block 22103323: var/www/html/yum/ol7_x86_64_latest_ELS/getPackage/python2-ipaserver-4.6.8-5.0.5.el7_9.17.noarch.rpm
block 22106484: var/www/html/yum/ol7_x86_64_latest_ELS/getPackage/squid-3.5.20-17.0.9.el7_9.13.x86_64.rpm
block 22112703: var/www/html/yum/ol7_x86_64_latest_ELS/getPackage/squid-migration-script-3.5.20-17.0.9.el7_9.13.x86_64.rpm
block 22112812: var/www/html/yum/ol7_x86_64_latest_ELS/getPackage/squid-sysvinit-3.5.20-17.0.9.el7_9.13.x86_64.rpm
block 22112917: var/www/html/yum/ol7_x86_64_latest_ELS/getPackage/bpftool-3.10.0-1160.119.1.0.14.el7.x86_64.rpm
block 22130405: var/www/html/yum/ol7_x86_64_latest_ELS/getPackage/firefox-140.3.0-1.0.1.el7_9.x86_64.rpm
block 22353492: var/www/html/yum/ol7_x86_64_latest_ELS/getPackage/firefox-140.4.0-4.0.1.el7_9.x86_64.rpm
block 22576680: var/www/html/yum/ol7_x86_64_latest_ELS/getPackage/firefox-140.5.0-1.0.1.el7_9.x86_64.rpm
block 22799993: var/www/html/yum/ol7_x86_64_latest_ELS/getPackage/gimp-2.8.22-1.0.5.el7.x86_64.rpm
block 22830206: var/www/html/yum/ol7_x86_64_latest_ELS/getPackage/gimp-devel-2.8.22-1.0.5.el7.i686.rpm
block 22832075: var/www/html/yum/ol7_x86_64_latest_ELS/getPackage/gimp-devel-2.8.22-1.0.5.el7.x86_64.rpm
block 22833944: var/www/html/yum/ol7_x86_64_latest_ELS/getPackage/gimp-devel-tools-2.8.22-1.0.5.el7.x86_64.rpm
block 22834089: var/www/html/yum/ol7_x86_64_latest_ELS/getPackage/gimp-libs-2.8.22-1.0.5.el7.i686.rpm
block 22836918: var/www/html/yum/ol7_x86_64_latest_ELS/getPackage/gimp-libs-2.8.22-1.0.5.el7.x86_64.rpm
block 22839750: var/www/html/yum/ol7_x86_64_latest_ELS/getPackage/iwl100-firmware-39.31.5.1-999.45.el7.noarch.rpm
block 22839857: var/www/html/yum/ol7_x86_64_latest_ELS/getPackage/iwl1000-firmware-39.31.5.1-999.45.el7.noarch.rpm
block 22839964: var/www/html/yum/ol7_x86_64_latest_ELS/getPackage/iwl105-firmware-18.168.6.1-999.45.el7.noarch.rpm
block 22840071: var/www/html/yum/ol7_x86_64_latest_ELS/getPackage/iwl135-firmware-18.168.6.1-999.45.el7.noarch.rpm
block 22840178: var/www/html/yum/ol7_x86_64_latest_ELS/getPackage/iwl2000-firmware-18.168.6.1-999.45.el7.noarch.rpm
block 22840285: var/www/html/yum/ol7_x86_64_latest_ELS/getPackage/iwl2030-firmware-18.168.6.1-999.45.el7.noarch.rpm
block 22840392: var/www/html/yum/ol7_x86_64_latest_ELS/getPackage/iwl3160-firmware-22.0.7.0-999.45.el7.noarch.rpm
block 22840499: var/www/html/yum/ol7_x86_64_latest_ELS/getPackage/iwl3945-firmware-15.32.2.9-999.45.el7.noarch.rpm
block 22840606: var/www/html/yum/ol7_x86_64_latest_ELS/getPackage/iwl4965-firmware-228.61.2.24-999.45.el7.noarch.rpm
block 22840713: var/www/html/yum/ol7_x86_64_latest_ELS/getPackage/iwl5000-firmware-8.83.5.1_1-999.45.el7.noarch.rpm
block 22840820: var/www/html/yum/ol7_x86_64_latest_ELS/getPackage/iwl5150-firmware-8.24.2.2-999.45.el7.noarch.rpm
block 22840927: var/www/html/yum/ol7_x86_64_latest_ELS/getPackage/iwl6000-firmware-9.221.4.1-999.45.el7.noarch.rpm
block 22841034: var/www/html/yum/ol7_x86_64_latest_ELS/getPackage/iwl6000g2a-firmware-17.168.5.3-999.45.el7.noarch.rpm
block 22841141: var/www/html/yum/ol7_x86_64_latest_ELS/getPackage/iwl6000g2b-firmware-17.168.5.2-999.45.el7.noarch.rpm
block 22841248: var/www/html/yum/ol7_x86_64_latest_ELS/getPackage/iwl6050-firmware-41.28.5.1-999.45.el7.noarch.rpm
block 22841355: var/www/html/yum/ol7_x86_64_latest_ELS/getPackage/iwl7260-firmware-22.0.7.0-999.45.el7.noarch.rpm
block 22843585: var/www/html/yum/ol7_x86_64_latest_ELS/getPackage/iwlax2xx-firmware-20251110-999.45.el7.noarch.rpm
block 22871748: var/www/html/yum/ol7_x86_64_latest_ELS/getPackage/kernel-3.10.0-1160.119.1.0.14.el7.x86_64.rpm
block 22977582: var/www/html/yum/ol7_x86_64_latest_ELS/getPackage/kernel-abi-whitelists-3.10.0-1160.119.1.0.14.el7.noarch.rpm
block 22994177: var/www/html/yum/ol7_x86_64_latest_ELS/getPackage/kernel-debug-3.10.0-1160.119.1.0.14.el7.x86_64.rpm
block 23104722: var/www/html/yum/ol7_x86_64_latest_ELS/getPackage/kernel-debug-devel-3.10.0-1160.119.1.0.14.el7.x86_64.rpm
block 23141822: var/www/html/yum/ol7_x86_64_latest_ELS/getPackage/kernel-devel-3.10.0-1160.119.1.0.14.el7.x86_64.rpm
block 23178787: var/www/html/yum/ol7_x86_64_latest_ELS/getPackage/kernel-doc-3.10.0-1160.119.1.0.14.el7.noarch.rpm
block 23218846: var/www/html/yum/ol7_x86_64_latest_ELS/getPackage/kernel-headers-3.10.0-1160.119.1.0.14.el7.x86_64.rpm
block 23237464: var/www/html/yum/ol7_x86_64_latest_ELS/getPackage/kernel-tools-3.10.0-1160.119.1.0.14.el7.x86_64.rpm
block 23254256: var/www/html/yum/ol7_x86_64_latest_ELS/getPackage/kernel-tools-libs-3.10.0-1160.119.1.0.14.el7.x86_64.rpm
block 23270835: var/www/html/yum/ol7_x86_64_latest_ELS/getPackage/kernel-tools-libs-devel-3.10.0-1160.119.1.0.14.el7.x86_64.rpm
block 23287407: var/www/html/yum/ol7_x86_64_latest_ELS/getPackage/lasso-2.5.1-8.0.1.el7_9.i686.rpm
block 23287784: var/www/html/yum/ol7_x86_64_latest_ELS/getPackage/lasso-2.5.1-8.0.1.el7_9.x86_64.rpm
block 23288171: var/www/html/yum/ol7_x86_64_latest_ELS/getPackage/lasso-devel-2.5.1-8.0.1.el7_9.i686.rpm
block 23288341: var/www/html/yum/ol7_x86_64_latest_ELS/getPackage/lasso-devel-2.5.1-8.0.1.el7_9.x86_64.rpm
block 23288511: var/www/html/yum/ol7_x86_64_latest_ELS/getPackage/lasso-python-2.5.1-8.0.1.el7_9.x86_64.rpm
block 23288857: var/www/html/yum/ol7_x86_64_latest_ELS/getPackage/libipa_hbac-1.16.5-10.0.5.el7_9.16.i686.rpm
block 23289177: var/www/html/yum/ol7_x86_64_latest_ELS/getPackage/libipa_hbac-1.16.5-10.0.5.el7_9.16.x86_64.rpm
block 23289498: var/www/html/yum/ol7_x86_64_latest_ELS/getPackage/libipa_hbac-devel-1.16.5-10.0.5.el7_9.16.i686.rpm
block 23289923: var/www/html/yum/ol7_x86_64_latest_ELS/getPackage/libipa_hbac-devel-1.16.5-10.0.5.el7_9.16.x86_64.rpm
block 23290348: var/www/html/yum/ol7_x86_64_latest_ELS/getPackage/libsoup-2.62.2-2.0.7.el7.i686.rpm
block 23291144: var/www/html/yum/ol7_x86_64_latest_ELS/getPackage/libsoup-2.62.2-2.0.7.el7.x86_64.rpm
block 23291971: var/www/html/yum/ol7_x86_64_latest_ELS/getPackage/libsoup-devel-2.62.2-2.0.7.el7.i686.rpm
block 23292595: var/www/html/yum/ol7_x86_64_latest_ELS/getPackage/libsoup-devel-2.62.2-2.0.7.el7.x86_64.rpm
block 23293219: var/www/html/yum/ol7_x86_64_latest_ELS/getPackage/libsss_autofs-1.16.5-10.0.5.el7_9.16.x86_64.rpm
block 23293543: var/www/html/yum/ol7_x86_64_latest_ELS/getPackage/libsss_certmap-1.16.5-10.0.5.el7_9.16.i686.rpm
block 23293932: var/www/html/yum/ol7_x86_64_latest_ELS/getPackage/libsss_certmap-1.16.5-10.0.5.el7_9.16.x86_64.rpm
block 23294322: var/www/html/yum/ol7_x86_64_latest_ELS/getPackage/libsss_certmap-devel-1.16.5-10.0.5.el7_9.16.i686.rpm
block 23294754: var/www/html/yum/ol7_x86_64_latest_ELS/getPackage/libsss_certmap-devel-1.16.5-10.0.5.el7_9.16.x86_64.rpm
block 23295186: var/www/html/yum/ol7_x86_64_latest_ELS/getPackage/libsss_idmap-1.16.5-10.0.5.el7_9.16.i686.rpm
block 23295517: var/www/html/yum/ol7_x86_64_latest_ELS/getPackage/libsss_idmap-1.16.5-10.0.5.el7_9.16.x86_64.rpm
block 23295847: var/www/html/yum/ol7_x86_64_latest_ELS/getPackage/libsss_idmap-devel-1.16.5-10.0.5.el7_9.16.i686.rpm
block 23296281: var/www/html/yum/ol7_x86_64_latest_ELS/getPackage/libsss_idmap-devel-1.16.5-10.0.5.el7_9.16.x86_64.rpm
block 23296715: var/www/html/yum/ol7_x86_64_latest_ELS/getPackage/libsss_nss_idmap-1.16.5-10.0.5.el7_9.16.i686.rpm
block 23297058: var/www/html/yum/ol7_x86_64_latest_ELS/getPackage/libsss_nss_idmap-1.16.5-10.0.5.el7_9.16.x86_64.rpm
block 23297401: var/www/html/yum/ol7_x86_64_latest_ELS/getPackage/libsss_nss_idmap-devel-1.16.5-10.0.5.el7_9.16.i686.rpm
block 23297808: var/www/html/yum/ol7_x86_64_latest_ELS/getPackage/libsss_nss_idmap-devel-1.16.5-10.0.5.el7_9.16.x86_64.rpm
block 23298215: var/www/html/yum/ol7_x86_64_latest_ELS/getPackage/libsss_simpleifp-1.16.5-10.0.5.el7_9.16.i686.rpm
block 23298517: var/www/html/yum/ol7_x86_64_latest_ELS/getPackage/libsss_simpleifp-1.16.5-10.0.5.el7_9.16.x86_64.rpm
block 23298819: var/www/html/yum/ol7_x86_64_latest_ELS/getPackage/libsss_simpleifp-devel-1.16.5-10.0.5.el7_9.16.i686.rpm
block 23299246: var/www/html/yum/ol7_x86_64_latest_ELS/getPackage/libsss_simpleifp-devel-1.16.5-10.0.5.el7_9.16.x86_64.rpm
block 23299673: var/www/html/yum/ol7_x86_64_latest_ELS/getPackage/libsss_sudo-1.16.5-10.0.5.el7_9.16.x86_64.rpm
block 23299994: var/www/html/yum/ol7_x86_64_latest_ELS/getPackage/libtiff-4.0.3-35.0.1.el7.i686.rpm
block 23300347: var/www/html/yum/ol7_x86_64_latest_ELS/getPackage/libtiff-4.0.3-35.0.1.el7.x86_64.rpm
block 23300694: var/www/html/yum/ol7_x86_64_latest_ELS/getPackage/libtiff-devel-4.0.3-35.0.1.el7.i686.rpm
block 23301645: var/www/html/yum/ol7_x86_64_latest_ELS/getPackage/libtiff-devel-4.0.3-35.0.1.el7.x86_64.rpm
block 23302596: var/www/html/yum/ol7_x86_64_latest_ELS/getPackage/libtiff-static-4.0.3-35.0.1.el7.i686.rpm
block 23302950: var/www/html/yum/ol7_x86_64_latest_ELS/getPackage/libtiff-static-4.0.3-35.0.1.el7.x86_64.rpm
block 23303308: var/www/html/yum/ol7_x86_64_latest_ELS/getPackage/libtiff-tools-4.0.3-35.0.1.el7.x86_64.rpm
block 23303827: var/www/html/yum/ol7_x86_64_latest_ELS/getPackage/linux-firmware-20251110-999.45.gitc0af6c70.el7.noarch.rpm
block 24575872: var/www/html/yum/ol7_x86_64_latest_ELS/getPackage/perf-3.10.0-1160.119.1.0.14.el7.x86_64.rpm
block 24595835: var/www/html/yum/ol7_x86_64_latest_ELS/getPackage/python-kdcproxy-0.3.2-3.0.1.el7.noarch.rpm
block 24595899: var/www/html/yum/ol7_x86_64_latest_ELS/getPackage/python-libipa_hbac-1.16.5-10.0.5.el7_9.16.x86_64.rpm
block 24596206: var/www/html/yum/ol7_x86_64_latest_ELS/getPackage/python-libsss_nss_idmap-1.16.5-10.0.5.el7_9.16.x86_64.rpm
block 24596499: var/www/html/yum/ol7_x86_64_latest_ELS/getPackage/python-perf-3.10.0-1160.119.1.0.14.el7.x86_64.rpm
block 24613269: var/www/html/yum/ol7_x86_64_latest_ELS/getPackage/python-sss-1.16.5-10.0.5.el7_9.16.x86_64.rpm
block 24613602: var/www/html/yum/ol7_x86_64_latest_ELS/getPackage/python-sss-murmur-1.16.5-10.0.5.el7_9.16.x86_64.rpm
block 24613888: var/www/html/yum/ol7_x86_64_latest_ELS/getPackage/python-sssdconfig-1.16.5-10.0.5.el7_9.16.noarch.rpm
block 24614255: var/www/html/yum/ol7_x86_64_latest_ELS/getPackage/sssd-1.16.5-10.0.5.el7_9.16.x86_64.rpm
block 24614559: var/www/html/yum/ol7_x86_64_latest_ELS/getPackage/sssd-ad-1.16.5-10.0.5.el7_9.16.x86_64.rpm
block 24615174: var/www/html/yum/ol7_x86_64_latest_ELS/getPackage/sssd-client-1.16.5-10.0.5.el7_9.16.i686.rpm
block 24615637: var/www/html/yum/ol7_x86_64_latest_ELS/getPackage/sssd-client-1.16.5-10.0.5.el7_9.16.x86_64.rpm
block 24616100: var/www/html/yum/ol7_x86_64_latest_ELS/getPackage/sssd-common-1.16.5-10.0.5.el7_9.16.x86_64.rpm
block 24619189: var/www/html/yum/ol7_x86_64_latest_ELS/getPackage/sssd-common-pac-1.16.5-10.0.5.el7_9.16.x86_64.rpm
block 24619640: var/www/html/yum/ol7_x86_64_latest_ELS/getPackage/sssd-dbus-1.16.5-10.0.5.el7_9.16.x86_64.rpm
block 24620168: var/www/html/yum/ol7_x86_64_latest_ELS/getPackage/sssd-ipa-1.16.5-10.0.5.el7_9.16.x86_64.rpm
block 24620945: var/www/html/yum/ol7_x86_64_latest_ELS/getPackage/sssd-kcm-1.16.5-10.0.5.el7_9.16.x86_64.rpm
block 24621487: var/www/html/yum/ol7_x86_64_latest_ELS/getPackage/sssd-krb5-1.16.5-10.0.5.el7_9.16.x86_64.rpm
block 24621875: var/www/html/yum/ol7_x86_64_latest_ELS/getPackage/sssd-krb5-common-1.16.5-10.0.5.el7_9.16.x86_64.rpm
block 24622331: var/www/html/yum/ol7_x86_64_latest_ELS/getPackage/sssd-ldap-1.16.5-10.0.5.el7_9.16.x86_64.rpm
block 24622907: var/www/html/yum/ol7_x86_64_latest_ELS/getPackage/sssd-libwbclient-1.16.5-10.0.5.el7_9.16.x86_64.rpm
block 24623215: var/www/html/yum/ol7_x86_64_latest_ELS/getPackage/sssd-libwbclient-devel-1.16.5-10.0.5.el7_9.16.i686.rpm
block 24623515: var/www/html/yum/ol7_x86_64_latest_ELS/getPackage/sssd-libwbclient-devel-1.16.5-10.0.5.el7_9.16.x86_64.rpm
block 24623815: var/www/html/yum/ol7_x86_64_latest_ELS/getPackage/sssd-polkit-rules-1.16.5-10.0.5.el7_9.16.x86_64.rpm
block 24624095: var/www/html/yum/ol7_x86_64_latest_ELS/getPackage/sssd-proxy-1.16.5-10.0.5.el7_9.16.x86_64.rpm
block 24624470: var/www/html/yum/ol7_x86_64_latest_ELS/getPackage/sssd-tools-1.16.5-10.0.5.el7_9.16.x86_64.rpm
block 24625350: var/www/html/yum/ol7_x86_64_latest_ELS/getPackage/sssd-winbind-idmap-1.16.5-10.0.5.el7_9.16.x86_64.rpm
block 24625644: var/www/html/yum/ol7_x86_64_latest_ELS/getPackage/tigervnc-1.8.0-33.0.9.el7_9.x86_64.rpm
block 24626128: var/www/html/yum/ol7_x86_64_latest_ELS/getPackage/tigervnc-icons-1.8.0-33.0.9.el7_9.noarch.rpm
block 24626219: var/www/html/yum/ol7_x86_64_latest_ELS/getPackage/tigervnc-license-1.8.0-33.0.9.el7_9.noarch.rpm
block 24626292: var/www/html/yum/ol7_x86_64_latest_ELS/getPackage/tigervnc-server-1.8.0-33.0.9.el7_9.x86_64.rpm
block 24626727: var/www/html/yum/ol7_x86_64_latest_ELS/getPackage/tigervnc-server-applet-1.8.0-33.0.9.el7_9.noarch.rpm
block 24627877: var/www/html/yum/ol7_x86_64_latest_ELS/getPackage/tigervnc-server-minimal-1.8.0-33.0.9.el7_9.x86_64.rpm
block 24630012: var/www/html/yum/ol7_x86_64_latest_ELS/getPackage/tigervnc-server-module-1.8.0-33.0.9.el7_9.x86_64.rpm
block 24630451: var/www/html/yum/ol7_x86_64_latest_ELS/getPackage/tzdata-2025c-1.el7.noarch.rpm
block 24631602: var/www/html/yum/ol7_x86_64_latest_ELS/getPackage/tzdata-java-2025c-1.el7.noarch.rpm
block 24631977: var/www/html/yum/ol7_x86_64_latest_ELS/getPackage/xorg-x11-server-Xdmx-1.20.4-29.0.5.el7_9.x86_64.rpm
block 24633750: var/www/html/yum/ol7_x86_64_latest_ELS/getPackage/xorg-x11-server-Xephyr-1.20.4-29.0.5.el7_9.x86_64.rpm
block 24635768: var/www/html/yum/ol7_x86_64_latest_ELS/getPackage/xorg-x11-server-Xnest-1.20.4-29.0.5.el7_9.x86_64.rpm
block 24637196: var/www/html/yum/ol7_x86_64_latest_ELS/getPackage/xorg-x11-server-Xorg-1.20.4-29.0.5.el7_9.x86_64.rpm
block 24640179: var/www/html/yum/ol7_x86_64_latest_ELS/getPackage/xorg-x11-server-Xvfb-1.20.4-29.0.5.el7_9.x86_64.rpm
block 24641900: var/www/html/yum/ol7_x86_64_latest_ELS/getPackage/xorg-x11-server-Xwayland-1.20.4-29.0.5.el7_9.x86_64.rpm
block 24643812: var/www/html/yum/ol7_x86_64_latest_ELS/getPackage/xorg-x11-server-common-1.20.4-29.0.5.el7_9.x86_64.rpm
block 24643932: var/www/html/yum/ol7_x86_64_latest_ELS/getPackage/xorg-x11-server-devel-1.20.4-29.0.5.el7_9.i686.rpm
block 24644459: var/www/html/yum/ol7_x86_64_latest_ELS/getPackage/xorg-x11-server-devel-1.20.4-29.0.5.el7_9.x86_64.rpm
block 24644986: var/www/html/yum/ol7_x86_64_latest_ELS/getPackage/xorg-x11-server-source-1.20.4-29.0.5.el7_9.noarch.rpm
block 24649916: var/www/html/yum/ol7_x86_64_latest_ELS/getPackage/audiofile-0.3.6-9.0.1.el7.i686.rpm
block 24650234: var/www/html/yum/ol7_x86_64_latest_ELS/getPackage/audiofile-0.3.6-9.0.1.el7.x86_64.rpm
block 24650545: var/www/html/yum/ol7_x86_64_latest_ELS/getPackage/audiofile-devel-0.3.6-9.0.1.el7.i686.rpm
block 24650625: var/www/html/yum/ol7_x86_64_latest_ELS/getPackage/audiofile-devel-0.3.6-9.0.1.el7.x86_64.rpm
block 24650705: var/www/html/yum/ol7_x86_64_latest_ELS/getPackage/bind-9.11.4-26.0.5.P2.el7_9.16.x86_64.rpm
block 24655465: var/www/html/yum/ol7_x86_64_latest_ELS/getPackage/bind-chroot-9.11.4-26.0.5.P2.el7_9.16.x86_64.rpm
block 24655656: var/www/html/yum/ol7_x86_64_latest_ELS/getPackage/bind-devel-9.11.4-26.0.5.P2.el7_9.16.i686.rpm
block 24655993: var/www/html/yum/ol7_x86_64_latest_ELS/getPackage/bind-devel-9.11.4-26.0.5.P2.el7_9.16.x86_64.rpm
block 24656330: var/www/html/yum/ol7_x86_64_latest_ELS/getPackage/bind-export-devel-9.11.4-26.0.5.P2.el7_9.16.i686.rpm
block 24657116: var/www/html/yum/ol7_x86_64_latest_ELS/getPackage/bind-export-devel-9.11.4-26.0.5.P2.el7_9.16.x86_64.rpm
block 24657902: var/www/html/yum/ol7_x86_64_latest_ELS/getPackage/bind-export-libs-9.11.4-26.0.5.P2.el7_9.16.i686.rpm
block 24660117: var/www/html/yum/ol7_x86_64_latest_ELS/getPackage/bind-export-libs-9.11.4-26.0.5.P2.el7_9.16.x86_64.rpm
block 24662371: var/www/html/yum/ol7_x86_64_latest_ELS/getPackage/bind-libs-9.11.4-26.0.5.P2.el7_9.16.i686.rpm
block 24662690: var/www/html/yum/ol7_x86_64_latest_ELS/getPackage/bind-libs-9.11.4-26.0.5.P2.el7_9.16.x86_64.rpm
block 24663011: var/www/html/yum/ol7_x86_64_latest_ELS/getPackage/bind-libs-lite-9.11.4-26.0.5.P2.el7_9.16.i686.rpm
block 24665290: var/www/html/yum/ol7_x86_64_latest_ELS/getPackage/bind-libs-lite-9.11.4-26.0.5.P2.el7_9.16.x86_64.rpm
block 24667613: var/www/html/yum/ol7_x86_64_latest_ELS/getPackage/bind-license-9.11.4-26.0.5.P2.el7_9.16.noarch.rpm
block 24667801: var/www/html/yum/ol7_x86_64_latest_ELS/getPackage/bind-lite-devel-9.11.4-26.0.5.P2.el7_9.16.i686.rpm
block 24668573: var/www/html/yum/ol7_x86_64_latest_ELS/getPackage/bind-lite-devel-9.11.4-26.0.5.P2.el7_9.16.x86_64.rpm
block 24669345: var/www/html/yum/ol7_x86_64_latest_ELS/getPackage/bind-pkcs11-9.11.4-26.0.5.P2.el7_9.16.x86_64.rpm
block 24670075: var/www/html/yum/ol7_x86_64_latest_ELS/getPackage/bind-pkcs11-devel-9.11.4-26.0.5.P2.el7_9.16.i686.rpm
block 24670301: var/www/html/yum/ol7_x86_64_latest_ELS/getPackage/bind-pkcs11-devel-9.11.4-26.0.5.P2.el7_9.16.x86_64.rpm
block 24670527: var/www/html/yum/ol7_x86_64_latest_ELS/getPackage/bind-pkcs11-libs-9.11.4-26.0.5.P2.el7_9.16.i686.rpm
block 24672702: var/www/html/yum/ol7_x86_64_latest_ELS/getPackage/bind-pkcs11-libs-9.11.4-26.0.5.P2.el7_9.16.x86_64.rpm
block 24674917: var/www/html/yum/ol7_x86_64_latest_ELS/getPackage/bind-pkcs11-utils-9.11.4-26.0.5.P2.el7_9.16.x86_64.rpm
block 24675342: var/www/html/yum/ol7_x86_64_latest_ELS/getPackage/bind-sdb-9.11.4-26.0.5.P2.el7_9.16.x86_64.rpm
block 24676182: var/www/html/yum/ol7_x86_64_latest_ELS/getPackage/bind-sdb-chroot-9.11.4-26.0.5.P2.el7_9.16.x86_64.rpm
block 24676373: var/www/html/yum/ol7_x86_64_latest_ELS/getPackage/bind-utils-9.11.4-26.0.5.P2.el7_9.16.x86_64.rpm
block 24676901: var/www/html/yum/ol7_x86_64_latest_ELS/getPackage/ca-certificates-2025.2.80_v9.0.304-71.0.1.el7_9.noarch.rpm
block 24678934: var/www/html/yum/ol7_x86_64_latest_ELS/getPackage/firefox-140.6.0-1.0.1.el7_9.x86_64.rpm
block 24902369: var/www/html/yum/ol7_x86_64_latest_ELS/getPackage/gnome-keyring-3.28.2-1.0.1.el7.i686.rpm
block 24904128: var/www/html/yum/ol7_x86_64_latest_ELS/getPackage/gnome-keyring-3.28.2-1.0.1.el7.x86_64.rpm
block 24905947: var/www/html/yum/ol7_x86_64_latest_ELS/getPackage/gnome-keyring-pam-3.28.2-1.0.1.el7.i686.rpm
block 24906028: var/www/html/yum/ol7_x86_64_latest_ELS/getPackage/gnome-keyring-pam-3.28.2-1.0.1.el7.x86_64.rpm
block 24906109: var/www/html/yum/ol7_x86_64_latest_ELS/getPackage/httpd-2.4.6-99.0.9.el7_9.1.x86_64.rpm
block 24908555: var/www/html/yum/ol7_x86_64_latest_ELS/getPackage/httpd-devel-2.4.6-99.0.9.el7_9.1.x86_64.rpm
block 24908962: var/www/html/yum/ol7_x86_64_latest_ELS/getPackage/httpd-manual-2.4.6-99.0.9.el7_9.1.noarch.rpm
block 24911723: var/www/html/yum/ol7_x86_64_latest_ELS/getPackage/httpd-tools-2.4.6-99.0.9.el7_9.1.x86_64.rpm
block 24911916: var/www/html/yum/ol7_x86_64_latest_ELS/getPackage/ipa-client-4.6.8-5.0.7.el7_9.17.x86_64.rpm
block 24912504: var/www/html/yum/ol7_x86_64_latest_ELS/getPackage/ipa-client-common-4.6.8-5.0.7.el7_9.17.noarch.rpm
block 24912903: var/www/html/yum/ol7_x86_64_latest_ELS/getPackage/ipa-common-4.6.8-5.0.7.el7_9.17.noarch.rpm
block 24914154: var/www/html/yum/ol7_x86_64_latest_ELS/getPackage/ipa-python-compat-4.6.8-5.0.7.el7_9.17.noarch.rpm
block 24914541: var/www/html/yum/ol7_x86_64_latest_ELS/getPackage/ipa-server-4.6.8-5.0.7.el7_9.17.x86_64.rpm
block 24915617: var/www/html/yum/ol7_x86_64_latest_ELS/getPackage/ipa-server-common-4.6.8-5.0.7.el7_9.17.noarch.rpm
block 24917022: var/www/html/yum/ol7_x86_64_latest_ELS/getPackage/ipa-server-dns-4.6.8-5.0.7.el7_9.17.noarch.rpm
block 24917417: var/www/html/yum/ol7_x86_64_latest_ELS/getPackage/ipa-server-trust-ad-4.6.8-5.0.7.el7_9.17.x86_64.rpm
block 24917992: var/www/html/yum/ol7_x86_64_latest_ELS/getPackage/libpng-1.5.13-8.0.1.el7.i686.rpm
block 24918425: var/www/html/yum/ol7_x86_64_latest_ELS/getPackage/libpng-1.5.13-8.0.1.el7.x86_64.rpm
block 24918853: var/www/html/yum/ol7_x86_64_latest_ELS/getPackage/libpng-devel-1.5.13-8.0.1.el7.i686.rpm
block 24919099: var/www/html/yum/ol7_x86_64_latest_ELS/getPackage/libpng-devel-1.5.13-8.0.1.el7.x86_64.rpm
block 24919345: var/www/html/yum/ol7_x86_64_latest_ELS/getPackage/libpng-static-1.5.13-8.0.1.el7.i686.rpm
block 24919530: var/www/html/yum/ol7_x86_64_latest_ELS/getPackage/libpng-static-1.5.13-8.0.1.el7.x86_64.rpm
block 24919717: var/www/html/yum/ol7_x86_64_latest_ELS/getPackage/mod_ldap-2.4.6-99.0.9.el7_9.1.x86_64.rpm
block 24919871: var/www/html/yum/ol7_x86_64_latest_ELS/getPackage/mod_proxy_html-2.4.6-99.0.9.el7_9.1.x86_64.rpm
block 24919983: var/www/html/yum/ol7_x86_64_latest_ELS/getPackage/mod_session-2.4.6-99.0.9.el7_9.1.x86_64.rpm
block 24920116: var/www/html/yum/ol7_x86_64_latest_ELS/getPackage/mod_ssl-2.4.6-99.0.9.el7_9.1.x86_64.rpm
block 24920351: var/www/html/yum/ol7_x86_64_latest_ELS/getPackage/perl-5.16.3-299.0.1.el7_9.x86_64.rpm
block 24936686: var/www/html/yum/ol7_x86_64_latest_ELS/getPackage/perl-CPAN-1.9800-299.0.1.el7_9.noarch.rpm
block 24937276: var/www/html/yum/ol7_x86_64_latest_ELS/getPackage/perl-ExtUtils-CBuilder-0.28.2.6-299.0.1.el7_9.noarch.rpm
block 24937415: var/www/html/yum/ol7_x86_64_latest_ELS/getPackage/perl-ExtUtils-Embed-1.30-299.0.1.el7_9.noarch.rpm
block 24937520: var/www/html/yum/ol7_x86_64_latest_ELS/getPackage/perl-ExtUtils-Install-1.58-299.0.1.el7_9.noarch.rpm
block 24937673: var/www/html/yum/ol7_x86_64_latest_ELS/getPackage/perl-IO-Zlib-1.10-299.0.1.el7_9.noarch.rpm
block 24937780: var/www/html/yum/ol7_x86_64_latest_ELS/getPackage/perl-Locale-Maketext-Simple-0.21-299.0.1.el7_9.noarch.rpm
block 24937884: var/www/html/yum/ol7_x86_64_latest_ELS/getPackage/perl-Module-CoreList-2.76.02-299.0.1.el7_9.noarch.rpm
block 24938059: var/www/html/yum/ol7_x86_64_latest_ELS/getPackage/perl-Module-Loaded-0.08-299.0.1.el7_9.noarch.rpm
block 24938155: var/www/html/yum/ol7_x86_64_latest_ELS/getPackage/perl-Object-Accessor-0.42-299.0.1.el7_9.noarch.rpm
block 24938270: var/www/html/yum/ol7_x86_64_latest_ELS/getPackage/perl-Package-Constants-0.02-299.0.1.el7_9.noarch.rpm
block 24938365: var/www/html/yum/ol7_x86_64_latest_ELS/getPackage/perl-Pod-Escapes-1.04-299.0.1.el7_9.noarch.rpm
block 24938471: var/www/html/yum/ol7_x86_64_latest_ELS/getPackage/perl-Time-Piece-1.20.1-299.0.1.el7_9.x86_64.rpm
block 24938614: var/www/html/yum/ol7_x86_64_latest_ELS/getPackage/perl-core-5.16.3-299.0.1.el7_9.x86_64.rpm
block 24938703: var/www/html/yum/ol7_x86_64_latest_ELS/getPackage/perl-devel-5.16.3-299.0.1.el7_9.i686.rpm
block 24939613: var/www/html/yum/ol7_x86_64_latest_ELS/getPackage/perl-devel-5.16.3-299.0.1.el7_9.x86_64.rpm
block 24940524: var/www/html/yum/ol7_x86_64_latest_ELS/getPackage/perl-libs-5.16.3-299.0.1.el7_9.i686.rpm
block 24941893: var/www/html/yum/ol7_x86_64_latest_ELS/getPackage/perl-libs-5.16.3-299.0.1.el7_9.x86_64.rpm
block 24943275: var/www/html/yum/ol7_x86_64_latest_ELS/getPackage/perl-macros-5.16.3-299.0.1.el7_9.x86_64.rpm
block 24943366: var/www/html/yum/ol7_x86_64_latest_ELS/getPackage/perl-tests-5.16.3-299.0.1.el7_9.x86_64.rpm
block 24945178: var/www/html/yum/ol7_x86_64_latest_ELS/getPackage/python2-ipaclient-4.6.8-5.0.7.el7_9.17.noarch.rpm
block 24946596: var/www/html/yum/ol7_x86_64_latest_ELS/getPackage/python2-ipalib-4.6.8-5.0.7.el7_9.17.noarch.rpm
block 24947978: var/www/html/yum/ol7_x86_64_latest_ELS/getPackage/python2-ipaserver-4.6.8-5.0.7.el7_9.17.noarch.rpm
block 24951139: var/www/html/yum/ol7_x86_64_latest_ELS/getPackage/rsync-3.1.2-12.0.3.el7_9.x86_64.rpm
block 24951958: var/www/html/yum/ol7_x86_64_latest_ELS/getPackageSource/
block 24951961: var/www/html/yum/ol7_x86_64_latest_ELS/getPackageSource/bind-9.11.4-26.0.3.P2.el7_9.16.src.rpm
block 24971263: var/www/html/yum/ol7_x86_64_latest_ELS/getPackageSource/doxygen-1.8.5-4.0.1.el7.src.rpm
block 24983945: var/www/html/yum/ol7_x86_64_latest_ELS/getPackageSource/emacs-24.3-23.0.1.el7_9.1.src.rpm
block 25053692: var/www/html/yum/ol7_x86_64_latest_ELS/getPackageSource/evolution-3.28.5-10.0.1.el7.src.rpm
block 25077540: var/www/html/yum/ol7_x86_64_latest_ELS/getPackageSource/firefox-128.6.0-1.0.1.el7_9.src.rpm
block 27017461: var/www/html/yum/ol7_x86_64_latest_ELS/getPackageSource/firefox-128.7.0-1.0.1.el7_9.src.rpm
block 28956317: var/www/html/yum/ol7_x86_64_latest_ELS/getPackageSource/firefox-128.8.0-1.0.1.el7_9.src.rpm
block 30898858: var/www/html/yum/ol7_x86_64_latest_ELS/getPackageSource/firefox-128.9.0-2.0.1.el7_9.src.rpm
block 32836241: var/www/html/yum/ol7_x86_64_latest_ELS/getPackageSource/freetype-2.8-14.0.1.el7_9.1.src.rpm
block 32844606: var/www/html/yum/ol7_x86_64_latest_ELS/getPackageSource/gcc-4.8.5-45.0.1.el7_9.src.rpm
block 32999537: var/www/html/yum/ol7_x86_64_latest_ELS/getPackageSource/grub2-2.02-0.87.0.27.el7_9.14.src.rpm
block 33014091: var/www/html/yum/ol7_x86_64_latest_ELS/getPackageSource/gstreamer1-plugins-base-1.10.4-2.0.1.el7.src.rpm
block 33020106: var/www/html/yum/ol7_x86_64_latest_ELS/getPackageSource/gstreamer1-plugins-good-1.10.4-2.0.1.el7.src.rpm
block 33026829: var/www/html/yum/ol7_x86_64_latest_ELS/getPackageSource/iperf3-3.1.7-3.0.1.el7_9.src.rpm
block 33027970: var/www/html/yum/ol7_x86_64_latest_ELS/getPackageSource/java-1.8.0-openjdk-1.8.0.442.b06-1.0.1.el7_9.src.rpm
block 33146632: var/www/html/yum/ol7_x86_64_latest_ELS/getPackageSource/java-1.8.0-openjdk-1.8.0.442.b06-1.0.3.el7_9.src.rpm
block 33265307: var/www/html/yum/ol7_x86_64_latest_ELS/getPackageSource/kernel-3.10.0-1160.119.1.0.6.el7.src.rpm
block 33467764: var/www/html/yum/ol7_x86_64_latest_ELS/getPackageSource/kernel-3.10.0-1160.119.1.0.7.el7.src.rpm
block 33670227: var/www/html/yum/ol7_x86_64_latest_ELS/getPackageSource/krb5-1.15.1-55.0.9.el7_9.src.rpm
block 33692837: var/www/html/yum/ol7_x86_64_latest_ELS/getPackageSource/libreoffice-5.3.6.1-26.0.3.el7_9.src.rpm
block 34355205: var/www/html/yum/ol7_x86_64_latest_ELS/getPackageSource/libsoup-2.62.2-2.0.3.el7.src.rpm
block 34358908: var/www/html/yum/ol7_x86_64_latest_ELS/getPackageSource/libxml2-2.9.1-6.0.5.el7_9.6.src.rpm
block 34369135: var/www/html/yum/ol7_x86_64_latest_ELS/getPackageSource/libxslt-1.1.28-6.0.3.el7.src.rpm
block 34376004: var/www/html/yum/ol7_x86_64_latest_ELS/getPackageSource/linux-firmware-20250203-999.38.git0fd450ee.el7.src.rpm
block 35696743: var/www/html/yum/ol7_x86_64_latest_ELS/getPackageSource/linux-firmware-20250319-999.39.git430633ec.el7.src.rpm
block 37040195: var/www/html/yum/ol7_x86_64_latest_ELS/getPackageSource/linux-firmware-20250423-999.40.git32f3227b.el7.src.rpm
block 38460349: var/www/html/yum/ol7_x86_64_latest_ELS/getPackageSource/microcode_ctl-2.1-73.23.0.20250211.el7_9.src.rpm
block 38486804: var/www/html/yum/ol7_x86_64_latest_ELS/getPackageSource/python-jinja2-2.7.2-4.0.1.el7.src.rpm
block 38487339: var/www/html/yum/ol7_x86_64_latest_ELS/getPackageSource/python-virtualenv-15.1.0-7.0.1.el7_9.src.rpm
block 38491025: var/www/html/yum/ol7_x86_64_latest_ELS/getPackageSource/python3-3.6.8-21.0.3.el7_9.src.rpm
block 38525076: var/www/html/yum/ol7_x86_64_latest_ELS/getPackageSource/raptor2-2.0.9-3.0.1.el7.src.rpm
block 38528245: var/www/html/yum/ol7_x86_64_latest_ELS/getPackageSource/rsync-3.1.2-12.0.1.el7_9.src.rpm
block 38530435: var/www/html/yum/ol7_x86_64_latest_ELS/getPackageSource/shim-15.8-2.0.5.el7.src.rpm
block 38535005: var/www/html/yum/ol7_x86_64_latest_ELS/getPackageSource/shim-signed-15.8-1.0.5.el7.src.rpm
block 38536503: var/www/html/yum/ol7_x86_64_latest_ELS/getPackageSource/sos-3.9-5.0.30.el7_9.10.src.rpm
block 38537199: var/www/html/yum/ol7_x86_64_latest_ELS/getPackageSource/squid-3.5.20-17.0.5.el7_9.13.src.rpm
block 38542063: var/www/html/yum/ol7_x86_64_latest_ELS/getPackageSource/tigervnc-1.8.0-33.0.5.el7_9.src.rpm
block 38545101: var/www/html/yum/ol7_x86_64_latest_ELS/getPackageSource/tzdata-2025a-1.el7.src.rpm
block 38546940: var/www/html/yum/ol7_x86_64_latest_ELS/getPackageSource/tzdata-2025b-1.el7.src.rpm
block 38548785: var/www/html/yum/ol7_x86_64_latest_ELS/getPackageSource/unbound-1.6.6-5.0.1.el7_8.src.rpm
block 38559627: var/www/html/yum/ol7_x86_64_latest_ELS/getPackageSource/virtuoso-opensource-6.1.6-7.0.1.el7.src.rpm
block 38780816: var/www/html/yum/ol7_x86_64_latest_ELS/getPackageSource/xorg-x11-server-1.20.4-29.0.1.el7_9.src.rpm
block 38793066: var/www/html/yum/ol7_x86_64_latest_ELS/getPackageSource/firefox-128.10.0-1.0.1.el7_9.src.rpm
block 40730676: var/www/html/yum/ol7_x86_64_latest_ELS/getPackageSource/firefox-128.10.1-1.0.1.el7_9.src.rpm
block 42669248: var/www/html/yum/ol7_x86_64_latest_ELS/getPackageSource/firefox-128.11.0-1.0.1.el7_9.src.rpm
block 44606282: var/www/html/yum/ol7_x86_64_latest_ELS/getPackageSource/kernel-3.10.0-1160.119.1.0.9.el7.src.rpm
block 44808754: var/www/html/yum/ol7_x86_64_latest_ELS/getPackageSource/perl-FCGI-0.74-8.0.1.el7.src.rpm
block 44808965: var/www/html/yum/ol7_x86_64_latest_ELS/getPackageSource/postgresql-9.2.24-9.0.5.el7_9.src.rpm
block 44882753: var/www/html/yum/ol7_x86_64_latest_ELS/getPackageSource/zlib-1.2.7-21.0.1.el7_9.src.rpm
block 44883803: var/www/html/yum/ol7_x86_64_latest_ELS/getPackageSource/firefox-128.12.0-1.0.1.el7_9.src.rpm
block 46821602: var/www/html/yum/ol7_x86_64_latest_ELS/getPackageSource/gimp-2.8.22-1.0.3.el7.src.rpm
block 46862546: var/www/html/yum/ol7_x86_64_latest_ELS/getPackageSource/ipa-4.6.8-5.0.3.el7_9.17.src.rpm
block 46885369: var/www/html/yum/ol7_x86_64_latest_ELS/getPackageSource/java-1.8.0-openjdk-1.8.0.452.b09-1.0.1.el7_9.src.rpm
block 47004237: var/www/html/yum/ol7_x86_64_latest_ELS/getPackageSource/libsoup-2.62.2-2.0.5.el7.src.rpm
block 47007949: var/www/html/yum/ol7_x86_64_latest_ELS/getPackageSource/libvpx-1.3.0-8.0.1.el7.src.rpm
block 47012055: var/www/html/yum/ol7_x86_64_latest_ELS/getPackageSource/linux-firmware-20250611-999.41.git356f06bf.el7.src.rpm
block 48439913: var/www/html/yum/ol7_x86_64_latest_ELS/getPackageSource/mpfr-3.1.1-4.0.1.el7.src.rpm
block 48442030: var/www/html/yum/ol7_x86_64_latest_ELS/getPackageSource/perl-File-Find-Rule-0.33-5.0.1.el7.src.rpm
block 48442079: var/www/html/yum/ol7_x86_64_latest_ELS/getPackageSource/perl-File-Find-Rule-Perl-1.13-2.0.1.el7.src.rpm
block 48442164: var/www/html/yum/ol7_x86_64_latest_ELS/getPackageSource/python-tornado-4.2.1-5.0.1.el7.src.rpm
block 48443054: var/www/html/yum/ol7_x86_64_latest_ELS/getPackageSource/apache-commons-vfs-2.0-11.0.1.el7.src.rpm
block 48443721: var/www/html/yum/ol7_x86_64_latest_ELS/getPackageSource/sudo-1.8.23-10.0.1.el7_9.3.src.rpm
block 48450027: var/www/html/yum/ol7_x86_64_latest_ELS/getPackageSource/tigervnc-1.8.0-33.0.7.el7_9.src.rpm
block 48453074: var/www/html/yum/ol7_x86_64_latest_ELS/getPackageSource/xorg-x11-server-1.20.4-29.0.3.el7_9.src.rpm
block 48465338: var/www/html/yum/ol7_x86_64_latest_ELS/getPackageSource/apache-commons-beanutils-1.8.3-15.0.1.el7_9.src.rpm
block 48466137: var/www/html/yum/ol7_x86_64_latest_ELS/getPackageSource/firefox-128.13.0-1.0.1.el7_9.src.rpm
block 50404036: var/www/html/yum/ol7_x86_64_latest_ELS/getPackageSource/git-1.8.3.1-25.0.1.el7_9.src.rpm
block 50413046: var/www/html/yum/ol7_x86_64_latest_ELS/getPackageSource/java-1.8.0-openjdk-1.8.0.462.b08-1.0.1.el7_9.src.rpm
block 50531848: var/www/html/yum/ol7_x86_64_latest_ELS/getPackageSource/kernel-3.10.0-1160.119.1.0.10.el7.src.rpm
block 50734326: var/www/html/yum/ol7_x86_64_latest_ELS/getPackageSource/konsole-4.10.5-5.0.1.el7.src.rpm
block 50735232: var/www/html/yum/ol7_x86_64_latest_ELS/getPackageSource/libblockdev-2.18-5.0.1.el7.src.rpm
block 50736961: var/www/html/yum/ol7_x86_64_latest_ELS/getPackageSource/libxml2-2.9.1-6.0.7.el7_9.6.src.rpm
block 50747193: var/www/html/yum/ol7_x86_64_latest_ELS/getPackageSource/python-setuptools-0.9.8-7.0.3.el7.src.rpm
block 50748742: var/www/html/yum/ol7_x86_64_latest_ELS/getPackageSource/python3-setuptools-39.2.0-10.0.5.el7.src.rpm
block 50750434: var/www/html/yum/ol7_x86_64_latest_ELS/getPackageSource/sqlite-3.7.17-8.0.1.el7_9.1.src.rpm
block 50768114: var/www/html/yum/ol7_x86_64_latest_ELS/getPackageSource/glibc-2.17-326.0.11.el7_9.3.src.rpm
block 50819843: var/www/html/yum/ol7_x86_64_latest_ELS/getPackageSource/libxml2-2.9.1-6.0.9.el7_9.6.src.rpm
block 50830088: var/www/html/yum/ol7_x86_64_latest_ELS/getPackageSource/ImageMagick-6.9.10.68-7.0.1.el7_9.src.rpm
block 50847895: var/www/html/yum/ol7_x86_64_latest_ELS/getPackageSource/aide-0.15.1-13.0.3.el7_9.1.src.rpm
block 50848794: var/www/html/yum/ol7_x86_64_latest_ELS/getPackageSource/firefox-128.14.0-2.0.1.el7_9.src.rpm
block 52792237: var/www/html/yum/ol7_x86_64_latest_ELS/getPackageSource/gdk-pixbuf2-2.36.12-3.0.1.el7.src.rpm
block 52803350: var/www/html/yum/ol7_x86_64_latest_ELS/getPackageSource/kernel-3.10.0-1160.119.1.0.11.el7.src.rpm
block 53005850: var/www/html/yum/ol7_x86_64_latest_ELS/getPackageSource/kernel-3.10.0-1160.119.1.0.12.el7.src.rpm
block 53208355: var/www/html/yum/ol7_x86_64_latest_ELS/getPackageSource/libarchive-3.1.2-14.0.1.el7_9.src.rpm
block 53217277: var/www/html/yum/ol7_x86_64_latest_ELS/getPackageSource/libxml2-2.9.1-6.0.11.el7_9.6.src.rpm
block 53227524: var/www/html/yum/ol7_x86_64_latest_ELS/getPackageSource/linux-firmware-20250909-999.42.1.git356f06bf.el7.src.rpm
block 54655370: var/www/html/yum/ol7_x86_64_latest_ELS/getPackageSource/linux-firmware-20250909-999.44.git260ff424.el7.src.rpm
block 56322056: var/www/html/yum/ol7_x86_64_latest_ELS/getPackageSource/pam-1.1.8-23.0.3.el7.src.rpm
block 56324735: var/www/html/yum/ol7_x86_64_latest_ELS/getPackageSource/389-ds-base-1.3.11.1-5.0.5.el7_9.src.rpm
block 56401100: var/www/html/yum/ol7_x86_64_latest_ELS/getPackageSource/ImageMagick-6.9.10.68-7.0.3.el7_9.src.rpm
block 56418911: var/www/html/yum/ol7_x86_64_latest_ELS/getPackageSource/cups-1.6.3-52.0.1.el7_9.src.rpm
block 56435548: var/www/html/yum/ol7_x86_64_latest_ELS/getPackageSource/httpd-2.4.6-99.0.7.el7_9.1.src.rpm
block 56445796: var/www/html/yum/ol7_x86_64_latest_ELS/getPackageSource/kernel-3.10.0-1160.119.1.0.13.el7.src.rpm
block 56648316: var/www/html/yum/ol7_x86_64_latest_ELS/getPackageSource/microcode_ctl-2.1-73.24.0.20250512.el7_9.src.rpm
block 56680905: var/www/html/yum/ol7_x86_64_latest_ELS/getPackageSource/python3-3.6.8-21.0.5.el7_9.src.rpm
block 56714960: var/www/html/yum/ol7_x86_64_latest_ELS/getPackageSource/samba-4.10.16-25.0.7.el7_9.src.rpm
block 56739000: var/www/html/yum/ol7_x86_64_latest_ELS/getPackageSource/squid-3.5.20-17.0.7.el7_9.13.src.rpm
block 56743866: var/www/html/yum/ol7_x86_64_latest_ELS/getPackageSource/udisks2-2.8.4-1.0.1.el7.src.rpm
block 56747054: var/www/html/yum/ol7_x86_64_latest_ELS/getPackageSource/compat-libtiff3-3.9.4-12.0.1.el7.src.rpm
block 56749927: var/www/html/yum/ol7_x86_64_latest_ELS/getPackageSource/ipa-4.6.8-5.0.5.el7_9.17.src.rpm
block 56772752: var/www/html/yum/ol7_x86_64_latest_ELS/getPackageSource/java-1.8.0-openjdk-1.8.0.472.b08-1.0.1.el7_9.src.rpm
block 56891507: var/www/html/yum/ol7_x86_64_latest_ELS/getPackageSource/linux-firmware-20251030-999.44.1.gite9292517.el7.src.rpm
block 58557932: var/www/html/yum/ol7_x86_64_latest_ELS/getPackageSource/postgresql-9.2.24-9.0.7.el7_9.src.rpm
block 58631730: var/www/html/yum/ol7_x86_64_latest_ELS/getPackageSource/squid-3.5.20-17.0.9.el7_9.13.src.rpm
block 58636603: var/www/html/yum/ol7_x86_64_latest_ELS/getPackageSource/firefox-140.3.0-1.0.1.el7_9.src.rpm
block 60714310: var/www/html/yum/ol7_x86_64_latest_ELS/getPackageSource/firefox-140.4.0-4.0.1.el7_9.src.rpm
block 62785164: var/www/html/yum/ol7_x86_64_latest_ELS/getPackageSource/firefox-140.5.0-1.0.1.el7_9.src.rpm
block 64858963: var/www/html/yum/ol7_x86_64_latest_ELS/getPackageSource/gimp-2.8.22-1.0.5.el7.src.rpm
block 64899911: var/www/html/yum/ol7_x86_64_latest_ELS/getPackageSource/kernel-3.10.0-1160.119.1.0.14.el7.src.rpm
block 65102445: var/www/html/yum/ol7_x86_64_latest_ELS/getPackageSource/lasso-2.5.1-8.0.1.el7_9.src.rpm
block 65111344: var/www/html/yum/ol7_x86_64_latest_ELS/getPackageSource/libsoup-2.62.2-2.0.7.el7.src.rpm
block 65115068: var/www/html/yum/ol7_x86_64_latest_ELS/getPackageSource/libtiff-4.0.3-35.0.1.el7.src.rpm
block 65119233: var/www/html/yum/ol7_x86_64_latest_ELS/getPackageSource/linux-firmware-20251110-999.45.gitc0af6c70.el7.src.rpm
block 66850911: var/www/html/yum/ol7_x86_64_latest_ELS/getPackageSource/python-kdcproxy-0.3.2-3.0.1.el7.src.rpm
block 66850990: var/www/html/yum/ol7_x86_64_latest_ELS/getPackageSource/sssd-1.16.5-10.0.5.el7_9.16.src.rpm
block 66864680: var/www/html/yum/ol7_x86_64_latest_ELS/getPackageSource/tigervnc-1.8.0-33.0.9.el7_9.src.rpm
block 66867727: var/www/html/yum/ol7_x86_64_latest_ELS/getPackageSource/tzdata-2025c-1.el7.src.rpm
block 66869601: var/www/html/yum/ol7_x86_64_latest_ELS/getPackageSource/xorg-x11-server-1.20.4-29.0.5.el7_9.src.rpm
block 66881873: var/www/html/yum/ol7_x86_64_latest_ELS/getPackageSource/audiofile-0.3.6-9.0.1.el7.src.rpm
block 66883499: var/www/html/yum/ol7_x86_64_latest_ELS/getPackageSource/bind-9.11.4-26.0.5.P2.el7_9.16.src.rpm
block 66902817: var/www/html/yum/ol7_x86_64_latest_ELS/getPackageSource/ca-certificates-2025.2.80_v9.0.304-71.0.1.el7_9.src.rpm
block 66904253: var/www/html/yum/ol7_x86_64_latest_ELS/getPackageSource/firefox-140.6.0-1.0.1.el7_9.src.rpm
block 68985726: var/www/html/yum/ol7_x86_64_latest_ELS/getPackageSource/gnome-keyring-3.28.2-1.0.1.el7.src.rpm
block 68988373: var/www/html/yum/ol7_x86_64_latest_ELS/getPackageSource/httpd-2.4.6-99.0.9.el7_9.1.src.rpm
block 68998623: var/www/html/yum/ol7_x86_64_latest_ELS/getPackageSource/ipa-4.6.8-5.0.7.el7_9.17.src.rpm
block 69021451: var/www/html/yum/ol7_x86_64_latest_ELS/getPackageSource/libpng-1.5.13-8.0.1.el7.src.rpm
block 69023114: var/www/html/yum/ol7_x86_64_latest_ELS/getPackageSource/perl-5.16.3-299.0.1.el7_9.src.rpm
block 69049863: var/www/html/yum/ol7_x86_64_latest_ELS/getPackageSource/rsync-3.1.2-12.0.3.el7_9.src.rpm
block 69052055: var/www/html/yum/ol7_x86_64_latest_ELS/repodata/
block 69052058: var/www/html/yum/ol7_x86_64_latest_ELS/repodata/repomd.xml
block 69052067: var/www/html/yum/ol7_x86_64_latest_ELS/repodata/a5d859d0b906b74fc72705f59c9460668fdd3cc4-primary.xml.gz
block 69060554: var/www/html/yum/ol7_x86_64_latest_ELS/repodata/17d96e0cde2575b6d1aad602feec984a1f4aa538-filelists.xml.gz
block 69068458: var/www/html/yum/ol7_x86_64_latest_ELS/repodata/f909447371d2b5217ada4dc1cffa581a04f2f9d5-other.xml.gz
block 69068844: var/www/html/yum/ol7_x86_64_latest_ELS/repodata/a6c2f9bed173e8b38120e555a90c20f67950ba0c-primary.sqlite.bz2
block 69082495: var/www/html/yum/ol7_x86_64_latest_ELS/repodata/8247e081b47d4e45c934736a8e4443cdac0b562c-filelists.sqlite.bz2
block 69090543: var/www/html/yum/ol7_x86_64_latest_ELS/repodata/3243c9b236706d6d4aa38c0fc50d1423367dc4e7-other.sqlite.bz2
block 69091236: var/www/html/yum/ol7_x86_64_latest_ELS/repodata/df3fded6274c1a94f2a092e6f127d5dffc376239-updateinfo.xml.gz
block 69091473: var/www/html/yum/ExtendPatches/
block 69091476: var/www/html/yum/ExtendPatches/repodata/
block 69091479: var/www/html/yum/ol7_x86_64_UEKR6_ELS/
block 69091482: var/www/html/yum/ol7_x86_64_UEKR6_ELS/getPackageSource/
block 69091485: var/www/html/yum/ol7_x86_64_UEKR6_ELS/getPackageSource/dtrace-2.0.2-5.el7.src.rpm
block 69093592: var/www/html/yum/ol7_x86_64_UEKR6_ELS/getPackageSource/kernel-uek-5.4.17-2136.339.5.1.el7uek.src.rpm
block 69367245: var/www/html/yum/ol7_x86_64_UEKR6_ELS/getPackageSource/kernel-uek-5.4.17-2136.339.5.2.el7uek.src.rpm
block 69640905: var/www/html/yum/ol7_x86_64_UEKR6_ELS/getPackageSource/kernel-uek-5.4.17-2136.339.5.el7uek.src.rpm
block 69914564: var/www/html/yum/ol7_x86_64_UEKR6_ELS/getPackageSource/kernel-uek-5.4.17-2136.340.4.1.el7uek.src.rpm
block 70188321: var/www/html/yum/ol7_x86_64_UEKR6_ELS/getPackageSource/kernel-uek-5.4.17-2136.341.3.1.el7uek.src.rpm
block 70462118: var/www/html/yum/ol7_x86_64_UEKR6_ELS/getPackageSource/kernel-uek-5.4.17-2136.341.3.3.el7uek.src.rpm
block 70735901: var/www/html/yum/ol7_x86_64_UEKR6_ELS/getPackageSource/kernel-uek-5.4.17-2136.342.5.3.el7uek.src.rpm
block 71009686: var/www/html/yum/ol7_x86_64_UEKR6_ELS/getPackageSource/kernel-uek-5.4.17-2136.342.5.el7uek.src.rpm
block 71283480: var/www/html/yum/ol7_x86_64_UEKR6_ELS/getPackageSource/kernel-uek-5.4.17-2136.343.5.1.el7uek.src.rpm
block 71557369: var/www/html/yum/ol7_x86_64_UEKR6_ELS/getPackageSource/kernel-uek-5.4.17-2136.344.4.1.el7uek.src.rpm
block 71831291: var/www/html/yum/ol7_x86_64_UEKR6_ELS/getPackageSource/kernel-uek-5.4.17-2136.343.5.3.el7uek.src.rpm
block 72105182: var/www/html/yum/ol7_x86_64_UEKR6_ELS/getPackageSource/kernel-uek-5.4.17-2136.344.4.3.el7uek.src.rpm
block 72379078: var/www/html/yum/ol7_x86_64_UEKR6_ELS/getPackageSource/kernel-uek-5.4.17-2136.345.5.3.el7uek.src.rpm
block 72653040: var/www/html/yum/ol7_x86_64_UEKR6_ELS/getPackageSource/kernel-uek-5.4.17-2136.343.5.5.el7uek.src.rpm
block 72926918: var/www/html/yum/ol7_x86_64_UEKR6_ELS/getPackageSource/kernel-uek-5.4.17-2136.346.6.el7uek.src.rpm
block 73200997: var/www/html/yum/ol7_x86_64_UEKR6_ELS/getPackageSource/kernel-uek-5.4.17-2136.347.6.1.el7uek.src.rpm
block 73475086: var/www/html/yum/ol7_x86_64_UEKR6_ELS/getPackageSource/kernel-uek-5.4.17-2136.347.6.2.el7uek.src.rpm
block 73749183: var/www/html/yum/ol7_x86_64_UEKR6_ELS/getPackageSource/kernel-uek-5.4.17-2136.347.6.el7uek.src.rpm
block 74023279: var/www/html/yum/ol7_x86_64_UEKR6_ELS/getPackageSource/kernel-uek-5.4.17-2136.343.5.6.el7uek.src.rpm
block 74297168: var/www/html/yum/ol7_x86_64_UEKR6_ELS/getPackageSource/kernel-uek-5.4.17-2136.347.6.3.el7uek.src.rpm
block 74571251: var/www/html/yum/ol7_x86_64_UEKR6_ELS/getPackageSource/kernel-uek-5.4.17-2136.347.6.4.el7uek.src.rpm
block 74845335: var/www/html/yum/ol7_x86_64_UEKR6_ELS/getPackageSource/kernel-uek-5.4.17-2136.348.3.el7uek.src.rpm
block 75119480: var/www/html/yum/ol7_x86_64_UEKR6_ELS/getPackageSource/kernel-uek-5.4.17-2136.348.3.1.el7uek.src.rpm
block 75393647: var/www/html/yum/ol7_x86_64_UEKR6_ELS/getPackageSource/kernel-uek-5.4.17-2136.349.3.1.el7uek.src.rpm
block 75667774: var/www/html/yum/ol7_x86_64_UEKR6_ELS/getPackageSource/kernel-uek-5.4.17-2136.349.3.2.el7uek.src.rpm
block 75941924: var/www/html/yum/ol7_x86_64_UEKR6_ELS/getPackageSource/kernel-uek-5.4.17-2136.350.3.1.el7uek.src.rpm
block 76216127: var/www/html/yum/ol7_x86_64_UEKR6_ELS/getPackageSource/kernel-uek-5.4.17-2136.350.3.2.el7uek.src.rpm
block 76490333: var/www/html/yum/ol7_x86_64_UEKR6_ELS/getPackageSource/kernel-uek-5.4.17-2136.351.3.1.el7uek.src.rpm
block 76764538: var/www/html/yum/ol7_x86_64_UEKR6_ELS/getPackageSource/kernel-uek-5.4.17-2136.351.3.2.el7uek.src.rpm
block 77038755: var/www/html/yum/ol7_x86_64_UEKR6_ELS/getPackageSource/kernel-uek-5.4.17-2136.351.3.3.el7uek.src.rpm
block 77312985: var/www/html/yum/ol7_x86_64_UEKR6_ELS/getPackage/
block 77312988: var/www/html/yum/ol7_x86_64_UEKR6_ELS/getPackage/dtrace-2.0.2-5.el7.x86_64.rpm
block 77314931: var/www/html/yum/ol7_x86_64_UEKR6_ELS/getPackage/dtrace-devel-2.0.2-5.el7.x86_64.rpm
block 77315024: var/www/html/yum/ol7_x86_64_UEKR6_ELS/getPackage/dtrace-testsuite-2.0.2-5.el7.x86_64.rpm
block 77317651: var/www/html/yum/ol7_x86_64_UEKR6_ELS/getPackage/kernel-uek-5.4.17-2136.339.5.1.el7uek.x86_64.rpm
block 77547682: var/www/html/yum/ol7_x86_64_UEKR6_ELS/getPackage/kernel-uek-5.4.17-2136.339.5.2.el7uek.x86_64.rpm
block 77777783: var/www/html/yum/ol7_x86_64_UEKR6_ELS/getPackage/kernel-uek-5.4.17-2136.339.5.el7uek.x86_64.rpm
block 78007819: var/www/html/yum/ol7_x86_64_UEKR6_ELS/getPackage/kernel-uek-5.4.17-2136.340.4.1.el7uek.x86_64.rpm
block 78237954: var/www/html/yum/ol7_x86_64_UEKR6_ELS/getPackage/kernel-uek-5.4.17-2136.341.3.1.el7uek.x86_64.rpm
block 78468144: var/www/html/yum/ol7_x86_64_UEKR6_ELS/getPackage/kernel-uek-5.4.17-2136.341.3.3.el7uek.x86_64.rpm
block 78698333: var/www/html/yum/ol7_x86_64_UEKR6_ELS/getPackage/kernel-uek-5.4.17-2136.342.5.3.el7uek.x86_64.rpm
block 78928559: var/www/html/yum/ol7_x86_64_UEKR6_ELS/getPackage/kernel-uek-5.4.17-2136.342.5.el7uek.x86_64.rpm
block 79158781: var/www/html/yum/ol7_x86_64_UEKR6_ELS/getPackage/kernel-uek-5.4.17-2136.343.5.1.el7uek.x86_64.rpm
block 79389441: var/www/html/yum/ol7_x86_64_UEKR6_ELS/getPackage/kernel-uek-container-5.4.17-2136.339.5.1.el7uek.x86_64.rpm
block 79438983: var/www/html/yum/ol7_x86_64_UEKR6_ELS/getPackage/kernel-uek-container-5.4.17-2136.339.5.2.el7uek.x86_64.rpm
block 79488524: var/www/html/yum/ol7_x86_64_UEKR6_ELS/getPackage/kernel-uek-container-5.4.17-2136.339.5.el7uek.x86_64.rpm
block 79538065: var/www/html/yum/ol7_x86_64_UEKR6_ELS/getPackage/kernel-uek-container-5.4.17-2136.340.4.1.el7uek.x86_64.rpm
block 79587680: var/www/html/yum/ol7_x86_64_UEKR6_ELS/getPackage/kernel-uek-container-5.4.17-2136.341.3.1.el7uek.x86_64.rpm
block 79637313: var/www/html/yum/ol7_x86_64_UEKR6_ELS/getPackage/kernel-uek-container-5.4.17-2136.341.3.3.el7uek.x86_64.rpm
block 79686947: var/www/html/yum/ol7_x86_64_UEKR6_ELS/getPackage/kernel-uek-container-5.4.17-2136.342.5.3.el7uek.x86_64.rpm
block 79736599: var/www/html/yum/ol7_x86_64_UEKR6_ELS/getPackage/kernel-uek-container-5.4.17-2136.342.5.el7uek.x86_64.rpm
block 79786249: var/www/html/yum/ol7_x86_64_UEKR6_ELS/getPackage/kernel-uek-container-5.4.17-2136.343.5.1.el7uek.x86_64.rpm
block 79835964: var/www/html/yum/ol7_x86_64_UEKR6_ELS/getPackage/kernel-uek-container-debug-5.4.17-2136.339.5.1.el7uek.x86_64.rpm
block 79843910: var/www/html/yum/ol7_x86_64_UEKR6_ELS/getPackage/kernel-uek-container-debug-5.4.17-2136.339.5.2.el7uek.x86_64.rpm
block 79851857: var/www/html/yum/ol7_x86_64_UEKR6_ELS/getPackage/kernel-uek-container-debug-5.4.17-2136.339.5.el7uek.x86_64.rpm
block 79859803: var/www/html/yum/ol7_x86_64_UEKR6_ELS/getPackage/kernel-uek-container-debug-5.4.17-2136.340.4.1.el7uek.x86_64.rpm
block 79867817: var/www/html/yum/ol7_x86_64_UEKR6_ELS/getPackage/kernel-uek-container-debug-5.4.17-2136.341.3.1.el7uek.x86_64.rpm
block 79875847: var/www/html/yum/ol7_x86_64_UEKR6_ELS/getPackage/kernel-uek-container-debug-5.4.17-2136.341.3.3.el7uek.x86_64.rpm
block 79883878: var/www/html/yum/ol7_x86_64_UEKR6_ELS/getPackage/kernel-uek-container-debug-5.4.17-2136.342.5.3.el7uek.x86_64.rpm
block 79891928: var/www/html/yum/ol7_x86_64_UEKR6_ELS/getPackage/kernel-uek-container-debug-5.4.17-2136.342.5.el7uek.x86_64.rpm
block 79899977: var/www/html/yum/ol7_x86_64_UEKR6_ELS/getPackage/kernel-uek-container-debug-5.4.17-2136.343.5.1.el7uek.x86_64.rpm
block 79908076: var/www/html/yum/ol7_x86_64_UEKR6_ELS/getPackage/kernel-uek-debug-5.4.17-2136.339.5.1.el7uek.x86_64.rpm
block 80138576: var/www/html/yum/ol7_x86_64_UEKR6_ELS/getPackage/kernel-uek-debug-5.4.17-2136.339.5.2.el7uek.x86_64.rpm
block 80369088: var/www/html/yum/ol7_x86_64_UEKR6_ELS/getPackage/kernel-uek-debug-5.4.17-2136.339.5.el7uek.x86_64.rpm
block 80599567: var/www/html/yum/ol7_x86_64_UEKR6_ELS/getPackage/kernel-uek-debug-5.4.17-2136.340.4.1.el7uek.x86_64.rpm
block 80830159: var/www/html/yum/ol7_x86_64_UEKR6_ELS/getPackage/kernel-uek-debug-5.4.17-2136.341.3.1.el7uek.x86_64.rpm
block 81060847: var/www/html/yum/ol7_x86_64_UEKR6_ELS/getPackage/kernel-uek-debug-5.4.17-2136.341.3.3.el7uek.x86_64.rpm
block 81291546: var/www/html/yum/ol7_x86_64_UEKR6_ELS/getPackage/kernel-uek-debug-5.4.17-2136.342.5.3.el7uek.x86_64.rpm
block 81522271: var/www/html/yum/ol7_x86_64_UEKR6_ELS/getPackage/kernel-uek-debug-5.4.17-2136.342.5.el7uek.x86_64.rpm
block 81752998: var/www/html/yum/ol7_x86_64_UEKR6_ELS/getPackage/kernel-uek-debug-5.4.17-2136.343.5.1.el7uek.x86_64.rpm
block 81984143: var/www/html/yum/ol7_x86_64_UEKR6_ELS/getPackage/kernel-uek-debug-devel-5.4.17-2136.339.5.1.el7uek.x86_64.rpm
block 82023319: var/www/html/yum/ol7_x86_64_UEKR6_ELS/getPackage/kernel-uek-debug-devel-5.4.17-2136.339.5.2.el7uek.x86_64.rpm
block 82062491: var/www/html/yum/ol7_x86_64_UEKR6_ELS/getPackage/kernel-uek-debug-devel-5.4.17-2136.339.5.el7uek.x86_64.rpm
block 82101645: var/www/html/yum/ol7_x86_64_UEKR6_ELS/getPackage/kernel-uek-debug-devel-5.4.17-2136.340.4.1.el7uek.x86_64.rpm
block 82140886: var/www/html/yum/ol7_x86_64_UEKR6_ELS/getPackage/kernel-uek-debug-devel-5.4.17-2136.341.3.1.el7uek.x86_64.rpm
block 82180152: var/www/html/yum/ol7_x86_64_UEKR6_ELS/getPackage/kernel-uek-debug-devel-5.4.17-2136.341.3.3.el7uek.x86_64.rpm
block 82219412: var/www/html/yum/ol7_x86_64_UEKR6_ELS/getPackage/kernel-uek-debug-devel-5.4.17-2136.342.5.3.el7uek.x86_64.rpm
block 82258696: var/www/html/yum/ol7_x86_64_UEKR6_ELS/getPackage/kernel-uek-debug-devel-5.4.17-2136.342.5.el7uek.x86_64.rpm
block 82297951: var/www/html/yum/ol7_x86_64_UEKR6_ELS/getPackage/kernel-uek-debug-devel-5.4.17-2136.343.5.1.el7uek.x86_64.rpm
block 82337287: var/www/html/yum/ol7_x86_64_UEKR6_ELS/getPackage/kernel-uek-devel-5.4.17-2136.339.5.1.el7uek.x86_64.rpm
block 82376292: var/www/html/yum/ol7_x86_64_UEKR6_ELS/getPackage/kernel-uek-devel-5.4.17-2136.339.5.2.el7uek.x86_64.rpm
block 82415296: var/www/html/yum/ol7_x86_64_UEKR6_ELS/getPackage/kernel-uek-devel-5.4.17-2136.339.5.el7uek.x86_64.rpm
block 82454278: var/www/html/yum/ol7_x86_64_UEKR6_ELS/getPackage/kernel-uek-devel-5.4.17-2136.340.4.1.el7uek.x86_64.rpm
block 82493347: var/www/html/yum/ol7_x86_64_UEKR6_ELS/getPackage/kernel-uek-devel-5.4.17-2136.341.3.1.el7uek.x86_64.rpm
block 82532434: var/www/html/yum/ol7_x86_64_UEKR6_ELS/getPackage/kernel-uek-devel-5.4.17-2136.341.3.3.el7uek.x86_64.rpm
block 82571519: var/www/html/yum/ol7_x86_64_UEKR6_ELS/getPackage/kernel-uek-devel-5.4.17-2136.342.5.3.el7uek.x86_64.rpm
block 82610623: var/www/html/yum/ol7_x86_64_UEKR6_ELS/getPackage/kernel-uek-devel-5.4.17-2136.342.5.el7uek.x86_64.rpm
block 82649709: var/www/html/yum/ol7_x86_64_UEKR6_ELS/getPackage/kernel-uek-doc-5.4.17-2136.339.5.1.el7uek.noarch.rpm
block 82683861: var/www/html/yum/ol7_x86_64_UEKR6_ELS/getPackage/kernel-uek-devel-5.4.17-2136.343.5.1.el7uek.x86_64.rpm
block 82723017: var/www/html/yum/ol7_x86_64_UEKR6_ELS/getPackage/kernel-uek-doc-5.4.17-2136.339.5.2.el7uek.noarch.rpm
block 82757169: var/www/html/yum/ol7_x86_64_UEKR6_ELS/getPackage/kernel-uek-doc-5.4.17-2136.339.5.el7uek.noarch.rpm
block 82791320: var/www/html/yum/ol7_x86_64_UEKR6_ELS/getPackage/kernel-uek-doc-5.4.17-2136.340.4.1.el7uek.noarch.rpm
block 82825540: var/www/html/yum/ol7_x86_64_UEKR6_ELS/getPackage/kernel-uek-doc-5.4.17-2136.341.3.1.el7uek.noarch.rpm
block 82859777: var/www/html/yum/ol7_x86_64_UEKR6_ELS/getPackage/kernel-uek-doc-5.4.17-2136.341.3.3.el7uek.noarch.rpm
block 82894015: var/www/html/yum/ol7_x86_64_UEKR6_ELS/getPackage/kernel-uek-doc-5.4.17-2136.342.5.3.el7uek.noarch.rpm
block 82928272: var/www/html/yum/ol7_x86_64_UEKR6_ELS/getPackage/kernel-uek-doc-5.4.17-2136.342.5.el7uek.noarch.rpm
block 82962527: var/www/html/yum/ol7_x86_64_UEKR6_ELS/getPackage/kernel-uek-doc-5.4.17-2136.343.5.1.el7uek.noarch.rpm
block 82996833: var/www/html/yum/ol7_x86_64_UEKR6_ELS/getPackage/kernel-uek-tools-5.4.17-2136.339.5.1.el7uek.x86_64.rpm
block 83003368: var/www/html/yum/ol7_x86_64_UEKR6_ELS/getPackage/kernel-uek-tools-5.4.17-2136.339.5.2.el7uek.x86_64.rpm
block 83009903: var/www/html/yum/ol7_x86_64_UEKR6_ELS/getPackage/kernel-uek-tools-5.4.17-2136.339.5.el7uek.x86_64.rpm
block 83016437: var/www/html/yum/ol7_x86_64_UEKR6_ELS/getPackage/kernel-uek-tools-5.4.17-2136.340.4.1.el7uek.x86_64.rpm
block 83023040: var/www/html/yum/ol7_x86_64_UEKR6_ELS/getPackage/kernel-uek-tools-5.4.17-2136.341.3.1.el7uek.x86_64.rpm
block 83029659: var/www/html/yum/ol7_x86_64_UEKR6_ELS/getPackage/kernel-uek-tools-5.4.17-2136.341.3.3.el7uek.x86_64.rpm
block 83036279: var/www/html/yum/ol7_x86_64_UEKR6_ELS/getPackage/kernel-uek-tools-5.4.17-2136.342.5.3.el7uek.x86_64.rpm
block 83042917: var/www/html/yum/ol7_x86_64_UEKR6_ELS/getPackage/kernel-uek-tools-5.4.17-2136.342.5.el7uek.x86_64.rpm
block 83049554: var/www/html/yum/ol7_x86_64_UEKR6_ELS/getPackage/kernel-uek-tools-5.4.17-2136.343.5.1.el7uek.x86_64.rpm
block 83056241: var/www/html/yum/ol7_x86_64_UEKR6_ELS/getPackage/kernel-uek-5.4.17-2136.344.4.1.el7uek.x86_64.rpm
block 83286937: var/www/html/yum/ol7_x86_64_UEKR6_ELS/getPackage/kernel-uek-container-5.4.17-2136.344.4.1.el7uek.x86_64.rpm
block 83336691: var/www/html/yum/ol7_x86_64_UEKR6_ELS/getPackage/kernel-uek-container-debug-5.4.17-2136.344.4.1.el7uek.x86_64.rpm
block 83344827: var/www/html/yum/ol7_x86_64_UEKR6_ELS/getPackage/kernel-uek-debug-5.4.17-2136.344.4.1.el7uek.x86_64.rpm
block 83575990: var/www/html/yum/ol7_x86_64_UEKR6_ELS/getPackage/kernel-uek-debug-devel-5.4.17-2136.344.4.1.el7uek.x86_64.rpm
block 83615356: var/www/html/yum/ol7_x86_64_UEKR6_ELS/getPackage/kernel-uek-devel-5.4.17-2136.344.4.1.el7uek.x86_64.rpm
block 83654548: var/www/html/yum/ol7_x86_64_UEKR6_ELS/getPackage/kernel-uek-doc-5.4.17-2136.344.4.1.el7uek.noarch.rpm
block 83688890: var/www/html/yum/ol7_x86_64_UEKR6_ELS/getPackage/kernel-uek-tools-5.4.17-2136.344.4.1.el7uek.x86_64.rpm
block 83695614: var/www/html/yum/ol7_x86_64_UEKR6_ELS/getPackage/kernel-uek-5.4.17-2136.343.5.3.el7uek.x86_64.rpm
block 83926292: var/www/html/yum/ol7_x86_64_UEKR6_ELS/getPackage/kernel-uek-5.4.17-2136.344.4.3.el7uek.x86_64.rpm
block 84156995: var/www/html/yum/ol7_x86_64_UEKR6_ELS/getPackage/kernel-uek-5.4.17-2136.345.5.3.el7uek.x86_64.rpm
block 84387794: var/www/html/yum/ol7_x86_64_UEKR6_ELS/getPackage/kernel-uek-container-5.4.17-2136.343.5.3.el7uek.x86_64.rpm
block 84437511: var/www/html/yum/ol7_x86_64_UEKR6_ELS/getPackage/kernel-uek-container-5.4.17-2136.344.4.3.el7uek.x86_64.rpm
block 84487279: var/www/html/yum/ol7_x86_64_UEKR6_ELS/getPackage/kernel-uek-container-5.4.17-2136.345.5.3.el7uek.x86_64.rpm
block 84537084: var/www/html/yum/ol7_x86_64_UEKR6_ELS/getPackage/kernel-uek-container-debug-5.4.17-2136.343.5.3.el7uek.x86_64.rpm
block 84545184: var/www/html/yum/ol7_x86_64_UEKR6_ELS/getPackage/kernel-uek-container-debug-5.4.17-2136.344.4.3.el7uek.x86_64.rpm
block 84553324: var/www/html/yum/ol7_x86_64_UEKR6_ELS/getPackage/kernel-uek-container-debug-5.4.17-2136.345.5.3.el7uek.x86_64.rpm
block 84561497: var/www/html/yum/ol7_x86_64_UEKR6_ELS/getPackage/kernel-uek-debug-5.4.17-2136.343.5.3.el7uek.x86_64.rpm
block 84792638: var/www/html/yum/ol7_x86_64_UEKR6_ELS/getPackage/kernel-uek-debug-5.4.17-2136.344.4.3.el7uek.x86_64.rpm
block 85023838: var/www/html/yum/ol7_x86_64_UEKR6_ELS/getPackage/kernel-uek-debug-5.4.17-2136.345.5.3.el7uek.x86_64.rpm
block 85255135: var/www/html/yum/ol7_x86_64_UEKR6_ELS/getPackage/kernel-uek-debug-devel-5.4.17-2136.343.5.3.el7uek.x86_64.rpm
block 85294465: var/www/html/yum/ol7_x86_64_UEKR6_ELS/getPackage/kernel-uek-debug-devel-5.4.17-2136.344.4.3.el7uek.x86_64.rpm
block 85333841: var/www/html/yum/ol7_x86_64_UEKR6_ELS/getPackage/kernel-uek-debug-devel-5.4.17-2136.345.5.3.el7uek.x86_64.rpm
block 85373250: var/www/html/yum/ol7_x86_64_UEKR6_ELS/getPackage/kernel-uek-devel-5.4.17-2136.343.5.3.el7uek.x86_64.rpm
block 85412406: var/www/html/yum/ol7_x86_64_UEKR6_ELS/getPackage/kernel-uek-devel-5.4.17-2136.344.4.3.el7uek.x86_64.rpm
block 85451607: var/www/html/yum/ol7_x86_64_UEKR6_ELS/getPackage/kernel-uek-devel-5.4.17-2136.345.5.3.el7uek.x86_64.rpm
block 85490843: var/www/html/yum/ol7_x86_64_UEKR6_ELS/getPackage/kernel-uek-doc-5.4.17-2136.343.5.3.el7uek.noarch.rpm
block 85525150: var/www/html/yum/ol7_x86_64_UEKR6_ELS/getPackage/kernel-uek-doc-5.4.17-2136.344.4.3.el7uek.noarch.rpm
block 85559507: var/www/html/yum/ol7_x86_64_UEKR6_ELS/getPackage/kernel-uek-doc-5.4.17-2136.345.5.3.el7uek.noarch.rpm
block 85593898: var/www/html/yum/ol7_x86_64_UEKR6_ELS/getPackage/kernel-uek-tools-5.4.17-2136.343.5.3.el7uek.x86_64.rpm
block 85600586: var/www/html/yum/ol7_x86_64_UEKR6_ELS/getPackage/kernel-uek-tools-5.4.17-2136.344.4.3.el7uek.x86_64.rpm
block 85607314: var/www/html/yum/ol7_x86_64_UEKR6_ELS/getPackage/kernel-uek-tools-5.4.17-2136.345.5.3.el7uek.x86_64.rpm
block 85614075: var/www/html/yum/ol7_x86_64_UEKR6_ELS/getPackage/kernel-uek-5.4.17-2136.343.5.5.el7uek.x86_64.rpm
block 85844739: var/www/html/yum/ol7_x86_64_UEKR6_ELS/getPackage/kernel-uek-5.4.17-2136.346.6.el7uek.x86_64.rpm
block 86075526: var/www/html/yum/ol7_x86_64_UEKR6_ELS/getPackage/kernel-uek-container-5.4.17-2136.343.5.5.el7uek.x86_64.rpm
block 86125242: var/www/html/yum/ol7_x86_64_UEKR6_ELS/getPackage/kernel-uek-container-5.4.17-2136.346.6.el7uek.x86_64.rpm
block 86175087: var/www/html/yum/ol7_x86_64_UEKR6_ELS/getPackage/kernel-uek-container-debug-5.4.17-2136.343.5.5.el7uek.x86_64.rpm
block 86183188: var/www/html/yum/ol7_x86_64_UEKR6_ELS/getPackage/kernel-uek-container-debug-5.4.17-2136.346.6.el7uek.x86_64.rpm
block 86191396: var/www/html/yum/ol7_x86_64_UEKR6_ELS/getPackage/kernel-uek-debug-5.4.17-2136.343.5.5.el7uek.x86_64.rpm
block 86422525: var/www/html/yum/ol7_x86_64_UEKR6_ELS/getPackage/kernel-uek-debug-5.4.17-2136.346.6.el7uek.x86_64.rpm
block 86653817: var/www/html/yum/ol7_x86_64_UEKR6_ELS/getPackage/kernel-uek-debug-devel-5.4.17-2136.343.5.5.el7uek.x86_64.rpm
block 86693148: var/www/html/yum/ol7_x86_64_UEKR6_ELS/getPackage/kernel-uek-debug-devel-5.4.17-2136.346.6.el7uek.x86_64.rpm
block 86732572: var/www/html/yum/ol7_x86_64_UEKR6_ELS/getPackage/kernel-uek-devel-5.4.17-2136.343.5.5.el7uek.x86_64.rpm
block 86771730: var/www/html/yum/ol7_x86_64_UEKR6_ELS/getPackage/kernel-uek-devel-5.4.17-2136.346.6.el7uek.x86_64.rpm
block 86810986: var/www/html/yum/ol7_x86_64_UEKR6_ELS/getPackage/kernel-uek-doc-5.4.17-2136.343.5.5.el7uek.noarch.rpm
block 86845293: var/www/html/yum/ol7_x86_64_UEKR6_ELS/getPackage/kernel-uek-doc-5.4.17-2136.346.6.el7uek.noarch.rpm
block 86879719: var/www/html/yum/ol7_x86_64_UEKR6_ELS/getPackage/kernel-uek-tools-5.4.17-2136.343.5.5.el7uek.x86_64.rpm
block 86886408: var/www/html/yum/ol7_x86_64_UEKR6_ELS/getPackage/kernel-uek-tools-5.4.17-2136.346.6.el7uek.x86_64.rpm
block 86893204: var/www/html/yum/ol7_x86_64_UEKR6_ELS/getPackage/kernel-uek-5.4.17-2136.347.6.1.el7uek.x86_64.rpm
block 87124080: var/www/html/yum/ol7_x86_64_UEKR6_ELS/getPackage/kernel-uek-5.4.17-2136.347.6.2.el7uek.x86_64.rpm
block 87354937: var/www/html/yum/ol7_x86_64_UEKR6_ELS/getPackage/kernel-uek-5.4.17-2136.347.6.el7uek.x86_64.rpm
block 87585751: var/www/html/yum/ol7_x86_64_UEKR6_ELS/getPackage/kernel-uek-container-5.4.17-2136.347.6.1.el7uek.x86_64.rpm
block 87635642: var/www/html/yum/ol7_x86_64_UEKR6_ELS/getPackage/kernel-uek-container-5.4.17-2136.347.6.2.el7uek.x86_64.rpm
block 87685535: var/www/html/yum/ol7_x86_64_UEKR6_ELS/getPackage/kernel-uek-container-5.4.17-2136.347.6.el7uek.x86_64.rpm
block 87735420: var/www/html/yum/ol7_x86_64_UEKR6_ELS/getPackage/kernel-uek-container-debug-5.4.17-2136.347.6.1.el7uek.x86_64.rpm
block 87743668: var/www/html/yum/ol7_x86_64_UEKR6_ELS/getPackage/kernel-uek-container-debug-5.4.17-2136.347.6.2.el7uek.x86_64.rpm
block 87751917: var/www/html/yum/ol7_x86_64_UEKR6_ELS/getPackage/kernel-uek-container-debug-5.4.17-2136.347.6.el7uek.x86_64.rpm
block 87760163: var/www/html/yum/ol7_x86_64_UEKR6_ELS/getPackage/kernel-uek-debug-5.4.17-2136.347.6.1.el7uek.x86_64.rpm
block 87991513: var/www/html/yum/ol7_x86_64_UEKR6_ELS/getPackage/kernel-uek-debug-5.4.17-2136.347.6.2.el7uek.x86_64.rpm
block 88222885: var/www/html/yum/ol7_x86_64_UEKR6_ELS/getPackage/kernel-uek-debug-5.4.17-2136.347.6.el7uek.x86_64.rpm
block 88454261: var/www/html/yum/ol7_x86_64_UEKR6_ELS/getPackage/kernel-uek-debug-devel-5.4.17-2136.347.6.1.el7uek.x86_64.rpm
block 88493749: var/www/html/yum/ol7_x86_64_UEKR6_ELS/getPackage/kernel-uek-debug-devel-5.4.17-2136.347.6.2.el7uek.x86_64.rpm
block 88533238: var/www/html/yum/ol7_x86_64_UEKR6_ELS/getPackage/kernel-uek-debug-devel-5.4.17-2136.347.6.el7uek.x86_64.rpm
block 88572701: var/www/html/yum/ol7_x86_64_UEKR6_ELS/getPackage/kernel-uek-devel-5.4.17-2136.347.6.1.el7uek.x86_64.rpm
block 88612024: var/www/html/yum/ol7_x86_64_UEKR6_ELS/getPackage/kernel-uek-devel-5.4.17-2136.347.6.2.el7uek.x86_64.rpm
block 88651340: var/www/html/yum/ol7_x86_64_UEKR6_ELS/getPackage/kernel-uek-devel-5.4.17-2136.347.6.el7uek.x86_64.rpm
block 88690631: var/www/html/yum/ol7_x86_64_UEKR6_ELS/getPackage/kernel-uek-doc-5.4.17-2136.347.6.1.el7uek.noarch.rpm
block 88725102: var/www/html/yum/ol7_x86_64_UEKR6_ELS/getPackage/kernel-uek-doc-5.4.17-2136.347.6.2.el7uek.noarch.rpm
block 88759575: var/www/html/yum/ol7_x86_64_UEKR6_ELS/getPackage/kernel-uek-doc-5.4.17-2136.347.6.el7uek.noarch.rpm
block 88794039: var/www/html/yum/ol7_x86_64_UEKR6_ELS/getPackage/kernel-uek-tools-5.4.17-2136.347.6.1.el7uek.x86_64.rpm
block 88800874: var/www/html/yum/ol7_x86_64_UEKR6_ELS/getPackage/kernel-uek-tools-5.4.17-2136.347.6.2.el7uek.x86_64.rpm
block 88807710: var/www/html/yum/ol7_x86_64_UEKR6_ELS/getPackage/kernel-uek-tools-5.4.17-2136.347.6.el7uek.x86_64.rpm
block 88814544: var/www/html/yum/ol7_x86_64_UEKR6_ELS/getPackage/kernel-uek-5.4.17-2136.343.5.6.el7uek.x86_64.rpm
block 89045221: var/www/html/yum/ol7_x86_64_UEKR6_ELS/getPackage/kernel-uek-5.4.17-2136.347.6.3.el7uek.x86_64.rpm
block 89276077: var/www/html/yum/ol7_x86_64_UEKR6_ELS/getPackage/kernel-uek-5.4.17-2136.347.6.4.el7uek.x86_64.rpm
block 89506924: var/www/html/yum/ol7_x86_64_UEKR6_ELS/getPackage/kernel-uek-5.4.17-2136.348.3.el7uek.x86_64.rpm
block 89737859: var/www/html/yum/ol7_x86_64_UEKR6_ELS/getPackage/kernel-uek-container-5.4.17-2136.343.5.6.el7uek.x86_64.rpm
block 89787576: var/www/html/yum/ol7_x86_64_UEKR6_ELS/getPackage/kernel-uek-container-5.4.17-2136.347.6.3.el7uek.x86_64.rpm
block 89837469: var/www/html/yum/ol7_x86_64_UEKR6_ELS/getPackage/kernel-uek-container-5.4.17-2136.347.6.4.el7uek.x86_64.rpm
block 89887363: var/www/html/yum/ol7_x86_64_UEKR6_ELS/getPackage/kernel-uek-container-5.4.17-2136.348.3.el7uek.x86_64.rpm
block 89937329: var/www/html/yum/ol7_x86_64_UEKR6_ELS/getPackage/kernel-uek-container-debug-5.4.17-2136.343.5.6.el7uek.x86_64.rpm
block 89945430: var/www/html/yum/ol7_x86_64_UEKR6_ELS/getPackage/kernel-uek-container-debug-5.4.17-2136.347.6.3.el7uek.x86_64.rpm
block 89953679: var/www/html/yum/ol7_x86_64_UEKR6_ELS/getPackage/kernel-uek-container-debug-5.4.17-2136.347.6.4.el7uek.x86_64.rpm
block 89961929: var/www/html/yum/ol7_x86_64_UEKR6_ELS/getPackage/kernel-uek-container-debug-5.4.17-2136.348.3.el7uek.x86_64.rpm
block 89970248: var/www/html/yum/ol7_x86_64_UEKR6_ELS/getPackage/kernel-uek-debug-5.4.17-2136.343.5.6.el7uek.x86_64.rpm
block 90201401: var/www/html/yum/ol7_x86_64_UEKR6_ELS/getPackage/kernel-uek-debug-5.4.17-2136.347.6.3.el7uek.x86_64.rpm
block 90432763: var/www/html/yum/ol7_x86_64_UEKR6_ELS/getPackage/kernel-uek-debug-5.4.17-2136.347.6.4.el7uek.x86_64.rpm
block 90664123: var/www/html/yum/ol7_x86_64_UEKR6_ELS/getPackage/kernel-uek-debug-5.4.17-2136.348.3.el7uek.x86_64.rpm
block 90895577: var/www/html/yum/ol7_x86_64_UEKR6_ELS/getPackage/kernel-uek-debug-devel-5.4.17-2136.343.5.6.el7uek.x86_64.rpm
block 90934908: var/www/html/yum/ol7_x86_64_UEKR6_ELS/getPackage/kernel-uek-debug-devel-5.4.17-2136.347.6.3.el7uek.x86_64.rpm
block 90974402: var/www/html/yum/ol7_x86_64_UEKR6_ELS/getPackage/kernel-uek-debug-devel-5.4.17-2136.347.6.4.el7uek.x86_64.rpm
block 91013892: var/www/html/yum/ol7_x86_64_UEKR6_ELS/getPackage/kernel-uek-debug-devel-5.4.17-2136.348.3.el7uek.x86_64.rpm
block 91053426: var/www/html/yum/ol7_x86_64_UEKR6_ELS/getPackage/kernel-uek-devel-5.4.17-2136.343.5.6.el7uek.x86_64.rpm
block 91092583: var/www/html/yum/ol7_x86_64_UEKR6_ELS/getPackage/kernel-uek-devel-5.4.17-2136.347.6.3.el7uek.x86_64.rpm
block 91131906: var/www/html/yum/ol7_x86_64_UEKR6_ELS/getPackage/kernel-uek-devel-5.4.17-2136.347.6.4.el7uek.x86_64.rpm
block 91171223: var/www/html/yum/ol7_x86_64_UEKR6_ELS/getPackage/kernel-uek-devel-5.4.17-2136.348.3.el7uek.x86_64.rpm
block 91210583: var/www/html/yum/ol7_x86_64_UEKR6_ELS/getPackage/kernel-uek-doc-5.4.17-2136.343.5.6.el7uek.noarch.rpm
block 91244891: var/www/html/yum/ol7_x86_64_UEKR6_ELS/getPackage/kernel-uek-doc-5.4.17-2136.347.6.3.el7uek.noarch.rpm
block 91279364: var/www/html/yum/ol7_x86_64_UEKR6_ELS/getPackage/kernel-uek-doc-5.4.17-2136.347.6.4.el7uek.noarch.rpm
block 91313838: var/www/html/yum/ol7_x86_64_UEKR6_ELS/getPackage/kernel-uek-doc-5.4.17-2136.348.3.el7uek.noarch.rpm
block 91348381: var/www/html/yum/ol7_x86_64_UEKR6_ELS/getPackage/kernel-uek-tools-5.4.17-2136.343.5.6.el7uek.x86_64.rpm
block 91355070: var/www/html/yum/ol7_x86_64_UEKR6_ELS/getPackage/kernel-uek-tools-5.4.17-2136.347.6.3.el7uek.x86_64.rpm
block 91361907: var/www/html/yum/ol7_x86_64_UEKR6_ELS/getPackage/kernel-uek-tools-5.4.17-2136.347.6.4.el7uek.x86_64.rpm
block 91368744: var/www/html/yum/ol7_x86_64_UEKR6_ELS/getPackage/kernel-uek-tools-5.4.17-2136.348.3.el7uek.x86_64.rpm
block 91375650: var/www/html/yum/ol7_x86_64_UEKR6_ELS/getPackage/kernel-uek-5.4.17-2136.348.3.1.el7uek.x86_64.rpm
block 91606611: var/www/html/yum/ol7_x86_64_UEKR6_ELS/getPackage/kernel-uek-5.4.17-2136.349.3.1.el7uek.x86_64.rpm
block 91837581: var/www/html/yum/ol7_x86_64_UEKR6_ELS/getPackage/kernel-uek-container-5.4.17-2136.348.3.1.el7uek.x86_64.rpm
block 91887571: var/www/html/yum/ol7_x86_64_UEKR6_ELS/getPackage/kernel-uek-container-5.4.17-2136.349.3.1.el7uek.x86_64.rpm
block 91937534: var/www/html/yum/ol7_x86_64_UEKR6_ELS/getPackage/kernel-uek-container-debug-5.4.17-2136.348.3.1.el7uek.x86_64.rpm
block 91945877: var/www/html/yum/ol7_x86_64_UEKR6_ELS/getPackage/kernel-uek-container-debug-5.4.17-2136.349.3.1.el7uek.x86_64.rpm
block 91954189: var/www/html/yum/ol7_x86_64_UEKR6_ELS/getPackage/kernel-uek-debug-5.4.17-2136.348.3.1.el7uek.x86_64.rpm
block 92185692: var/www/html/yum/ol7_x86_64_UEKR6_ELS/getPackage/kernel-uek-debug-5.4.17-2136.349.3.1.el7uek.x86_64.rpm
block 92417175: var/www/html/yum/ol7_x86_64_UEKR6_ELS/getPackage/kernel-uek-debug-devel-5.4.17-2136.348.3.1.el7uek.x86_64.rpm
block 92456755: var/www/html/yum/ol7_x86_64_UEKR6_ELS/getPackage/kernel-uek-debug-devel-5.4.17-2136.349.3.1.el7uek.x86_64.rpm
block 92496304: var/www/html/yum/ol7_x86_64_UEKR6_ELS/getPackage/kernel-uek-devel-5.4.17-2136.348.3.1.el7uek.x86_64.rpm
block 92535709: var/www/html/yum/ol7_x86_64_UEKR6_ELS/getPackage/kernel-uek-devel-5.4.17-2136.349.3.1.el7uek.x86_64.rpm
block 92575090: var/www/html/yum/ol7_x86_64_UEKR6_ELS/getPackage/kernel-uek-doc-5.4.17-2136.348.3.1.el7uek.noarch.rpm
block 92609657: var/www/html/yum/ol7_x86_64_UEKR6_ELS/getPackage/kernel-uek-doc-5.4.17-2136.349.3.1.el7uek.noarch.rpm
block 92644192: var/www/html/yum/ol7_x86_64_UEKR6_ELS/getPackage/kernel-uek-tools-5.4.17-2136.348.3.1.el7uek.x86_64.rpm
block 92651122: var/www/html/yum/ol7_x86_64_UEKR6_ELS/getPackage/kernel-uek-tools-5.4.17-2136.349.3.1.el7uek.x86_64.rpm
block 92658021: var/www/html/yum/ol7_x86_64_UEKR6_ELS/getPackage/kernel-uek-5.4.17-2136.349.3.2.el7uek.x86_64.rpm
block 92888979: var/www/html/yum/ol7_x86_64_UEKR6_ELS/getPackage/kernel-uek-5.4.17-2136.350.3.1.el7uek.x86_64.rpm
block 93120034: var/www/html/yum/ol7_x86_64_UEKR6_ELS/getPackage/kernel-uek-5.4.17-2136.350.3.2.el7uek.x86_64.rpm
block 93351090: var/www/html/yum/ol7_x86_64_UEKR6_ELS/getPackage/kernel-uek-container-5.4.17-2136.349.3.2.el7uek.x86_64.rpm
block 93401053: var/www/html/yum/ol7_x86_64_UEKR6_ELS/getPackage/kernel-uek-container-5.4.17-2136.350.3.1.el7uek.x86_64.rpm
block 93451068: var/www/html/yum/ol7_x86_64_UEKR6_ELS/getPackage/kernel-uek-container-5.4.17-2136.350.3.2.el7uek.x86_64.rpm
block 93501085: var/www/html/yum/ol7_x86_64_UEKR6_ELS/getPackage/kernel-uek-container-debug-5.4.17-2136.349.3.2.el7uek.x86_64.rpm
block 93509397: var/www/html/yum/ol7_x86_64_UEKR6_ELS/getPackage/kernel-uek-container-debug-5.4.17-2136.350.3.1.el7uek.x86_64.rpm
block 93517758: var/www/html/yum/ol7_x86_64_UEKR6_ELS/getPackage/kernel-uek-container-debug-5.4.17-2136.350.3.2.el7uek.x86_64.rpm
block 93526120: var/www/html/yum/ol7_x86_64_UEKR6_ELS/getPackage/kernel-uek-debug-5.4.17-2136.349.3.2.el7uek.x86_64.rpm
block 93757583: var/www/html/yum/ol7_x86_64_UEKR6_ELS/getPackage/kernel-uek-debug-5.4.17-2136.350.3.1.el7uek.x86_64.rpm
block 93990376: var/www/html/yum/ol7_x86_64_UEKR6_ELS/getPackage/kernel-uek-debug-5.4.17-2136.350.3.2.el7uek.x86_64.rpm
block 94223176: var/www/html/yum/ol7_x86_64_UEKR6_ELS/getPackage/kernel-uek-debug-devel-5.4.17-2136.349.3.2.el7uek.x86_64.rpm
block 94262726: var/www/html/yum/ol7_x86_64_UEKR6_ELS/getPackage/kernel-uek-debug-devel-5.4.17-2136.350.3.1.el7uek.x86_64.rpm
block 94302326: var/www/html/yum/ol7_x86_64_UEKR6_ELS/getPackage/kernel-uek-debug-devel-5.4.17-2136.350.3.2.el7uek.x86_64.rpm
block 94341925: var/www/html/yum/ol7_x86_64_UEKR6_ELS/getPackage/kernel-uek-devel-5.4.17-2136.349.3.2.el7uek.x86_64.rpm
block 94381300: var/www/html/yum/ol7_x86_64_UEKR6_ELS/getPackage/kernel-uek-devel-5.4.17-2136.350.3.1.el7uek.x86_64.rpm
block 94420733: var/www/html/yum/ol7_x86_64_UEKR6_ELS/getPackage/kernel-uek-devel-5.4.17-2136.350.3.2.el7uek.x86_64.rpm
block 94460159: var/www/html/yum/ol7_x86_64_UEKR6_ELS/getPackage/kernel-uek-doc-5.4.17-2136.349.3.2.el7uek.noarch.rpm
block 94494695: var/www/html/yum/ol7_x86_64_UEKR6_ELS/getPackage/kernel-uek-doc-5.4.17-2136.350.3.1.el7uek.noarch.rpm
block 94529282: var/www/html/yum/ol7_x86_64_UEKR6_ELS/getPackage/kernel-uek-doc-5.4.17-2136.350.3.2.el7uek.noarch.rpm
block 94563869: var/www/html/yum/ol7_x86_64_UEKR6_ELS/getPackage/kernel-uek-tools-5.4.17-2136.349.3.2.el7uek.x86_64.rpm
block 94570768: var/www/html/yum/ol7_x86_64_UEKR6_ELS/getPackage/kernel-uek-tools-5.4.17-2136.350.3.1.el7uek.x86_64.rpm
block 94577716: var/www/html/yum/ol7_x86_64_UEKR6_ELS/getPackage/kernel-uek-tools-5.4.17-2136.350.3.2.el7uek.x86_64.rpm
block 94584665: var/www/html/yum/ol7_x86_64_UEKR6_ELS/getPackage/kernel-uek-5.4.17-2136.351.3.1.el7uek.x86_64.rpm
block 94815724: var/www/html/yum/ol7_x86_64_UEKR6_ELS/getPackage/kernel-uek-5.4.17-2136.351.3.2.el7uek.x86_64.rpm
block 95046792: var/www/html/yum/ol7_x86_64_UEKR6_ELS/getPackage/kernel-uek-5.4.17-2136.351.3.3.el7uek.x86_64.rpm
block 95277843: var/www/html/yum/ol7_x86_64_UEKR6_ELS/getPackage/kernel-uek-container-5.4.17-2136.351.3.1.el7uek.x86_64.rpm
block 95327859: var/www/html/yum/ol7_x86_64_UEKR6_ELS/getPackage/kernel-uek-container-5.4.17-2136.351.3.2.el7uek.x86_64.rpm
block 95377880: var/www/html/yum/ol7_x86_64_UEKR6_ELS/getPackage/kernel-uek-container-5.4.17-2136.351.3.3.el7uek.x86_64.rpm
block 95427900: var/www/html/yum/ol7_x86_64_UEKR6_ELS/getPackage/kernel-uek-container-debug-5.4.17-2136.351.3.1.el7uek.x86_64.rpm
block 95436263: var/www/html/yum/ol7_x86_64_UEKR6_ELS/getPackage/kernel-uek-container-debug-5.4.17-2136.351.3.2.el7uek.x86_64.rpm
block 95444627: var/www/html/yum/ol7_x86_64_UEKR6_ELS/getPackage/kernel-uek-container-debug-5.4.17-2136.351.3.3.el7uek.x86_64.rpm
block 95452991: var/www/html/yum/ol7_x86_64_UEKR6_ELS/getPackage/kernel-uek-debug-5.4.17-2136.351.3.1.el7uek.x86_64.rpm
block 95685794: var/www/html/yum/ol7_x86_64_UEKR6_ELS/getPackage/kernel-uek-debug-5.4.17-2136.351.3.2.el7uek.x86_64.rpm
block 95918580: var/www/html/yum/ol7_x86_64_UEKR6_ELS/getPackage/kernel-uek-debug-5.4.17-2136.351.3.3.el7uek.x86_64.rpm
block 96151382: var/www/html/yum/ol7_x86_64_UEKR6_ELS/getPackage/kernel-uek-debug-devel-5.4.17-2136.351.3.1.el7uek.x86_64.rpm
block 96190972: var/www/html/yum/ol7_x86_64_UEKR6_ELS/getPackage/kernel-uek-debug-devel-5.4.17-2136.351.3.2.el7uek.x86_64.rpm
block 96230565: var/www/html/yum/ol7_x86_64_UEKR6_ELS/getPackage/kernel-uek-debug-devel-5.4.17-2136.351.3.3.el7uek.x86_64.rpm
block 96270156: var/www/html/yum/ol7_x86_64_UEKR6_ELS/getPackage/kernel-uek-devel-5.4.17-2136.351.3.1.el7uek.x86_64.rpm
block 96309585: var/www/html/yum/ol7_x86_64_UEKR6_ELS/getPackage/kernel-uek-devel-5.4.17-2136.351.3.2.el7uek.x86_64.rpm
block 96349019: var/www/html/yum/ol7_x86_64_UEKR6_ELS/getPackage/kernel-uek-devel-5.4.17-2136.351.3.3.el7uek.x86_64.rpm
block 96388455: var/www/html/yum/ol7_x86_64_UEKR6_ELS/getPackage/kernel-uek-doc-5.4.17-2136.351.3.1.el7uek.noarch.rpm
block 96423044: var/www/html/yum/ol7_x86_64_UEKR6_ELS/getPackage/kernel-uek-doc-5.4.17-2136.351.3.2.el7uek.noarch.rpm
block 96457633: var/www/html/yum/ol7_x86_64_UEKR6_ELS/getPackage/kernel-uek-doc-5.4.17-2136.351.3.3.el7uek.noarch.rpm
block 96492223: var/www/html/yum/ol7_x86_64_UEKR6_ELS/getPackage/kernel-uek-tools-5.4.17-2136.351.3.1.el7uek.x86_64.rpm
block 96499173: var/www/html/yum/ol7_x86_64_UEKR6_ELS/getPackage/kernel-uek-tools-5.4.17-2136.351.3.2.el7uek.x86_64.rpm
block 96506124: var/www/html/yum/ol7_x86_64_UEKR6_ELS/getPackage/kernel-uek-tools-5.4.17-2136.351.3.3.el7uek.x86_64.rpm
block 96513076: var/www/html/yum/ol7_x86_64_UEKR6_ELS/repodata/
block 96513079: var/www/html/yum/ol7_x86_64_UEKR6_ELS/repodata/repomd.xml
block 96513088: var/www/html/yum/ol7_x86_64_UEKR6_ELS/repodata/8511792732b47f0676987da019235d45af0c3b18-primary.xml.gz
block 96547970: var/www/html/yum/ol7_x86_64_UEKR6_ELS/repodata/40b28b965b146bb01e778bed3cc9e6bdb649bdfd-filelists.xml.gz
block 96569723: var/www/html/yum/ol7_x86_64_UEKR6_ELS/repodata/da3459cccfabdd49691b71868fad4ccfd56f88fd-other.xml.gz
block 96574704: var/www/html/yum/ol7_x86_64_UEKR6_ELS/repodata/35b7a8be8aeec9953fd5441c6c6cead95c92c373-primary.sqlite.bz2
block 96625074: var/www/html/yum/ol7_x86_64_UEKR6_ELS/repodata/8728ab4f4c35c6e646eb3938895758d64d948ea3-filelists.sqlite.bz2
block 96652231: var/www/html/yum/ol7_x86_64_UEKR6_ELS/repodata/38a0b095d96fb1f567e3ffd2028ee9caad32c031-other.sqlite.bz2
block 96655196: var/www/html/yum/ol7_x86_64_UEKR6_ELS/repodata/ce2defee9e6374b0624aa2cb6ddc68c28ae989ca-updateinfo.xml.gz
block 96655667: var/www/html/backup/
block 96655670: var/www/html/backup/ol7_x86_64_UEKR6_ELS/
block 96655673: var/www/html/backup/ol7_x86_64_UEKR6_ELS/repodata/
block 96655676: var/www/html/backup/ol7_x86_64_UEKR6_ELS/getPackageSource/
block 96655679: var/www/html/backup/ol7_x86_64_UEKR6_ELS/getPackage/
block 96655682: var/log/brutils/brutils-sv2lxsraapua101.2390141.log
Total bytes read: 49487718400 (47GiB, 125MiB/s)
block 96655682: ** Block of NULs **
tar: Exiting with failure status due to previous errors
